match,split,truth_start,truth_end,output_start,output_end,iou,start_error_frames,start_error_ms,end_error_frames,end_error_ms
ASG_vs_AA_2020,dev,23422,23969,23422,23969,1.0,0,0.0,0,0.0
ASG_vs_AA_2020,dev,24365,24709,24365,24709,1.0,0,0.0,0,0.0
ASG_vs_AA_2020,dev,25111,25269,25111,25269,1.0,0,0.0,0,0.0
ASG_vs_AA_2020,dev,25824,25924,25824,25924,1.0,0,0.0,0,0.0
ASG_vs_AA_2020,dev,26203,26432,26203,26432,1.0,0,0.0,0,0.0
ASG_vs_AA_2020,dev,27511,27661,27511,27661,1.0,0,0.0,0,0.0
ASG_vs_AA_2020,dev,28003,28503,28003,28503,1.0,0,0.0,0,0.0
ASG_vs_AA_2020,dev,29117,29260,29117,29260,1.0,0,0.0,0,0.0
ASG_vs_AA_2020,dev,29745,30155,29745,30155,1.0,0,0.0,0,0.0
ASG_vs_AA_2020,dev,30940,31074,30940,31074,1.0,0,0.0,0,0.0
ASG_vs_AA_2020,dev,31536,31703,31536,31703,1.0,0,0.0,0,0.0
ASG_vs_AA_2020,dev,32853,33238,32853,33238,1.0,0,0.0,0,0.0
ASG_vs_AA_2020,dev,33981,34193,33981,34193,1.0,0,0.0,0,0.0
ASG_vs_AA_2020,dev,35096,35551,35096,35551,1.0,0,0.0,0,0.0
ASG_vs_AA_2020,dev,36048,36245,36048,36245,1.0,0,0.0,0,0.0
ASG_vs_AA_2020,dev,37441,37792,37441,37792,1.0,0,0.0,0,0.0
ASG_vs_AA_2020,dev,38204,38470,38204,38470,1.0,0,0.0,0,0.0
ASG_vs_AA_2020,dev,38843,39041,38843,39041,1.0,0,0.0,0,0.0
ASG_vs_AA_2020,dev,39543,39685,39543,39685,1.0,0,0.0,0,0.0
ASG_vs_AA_2020,dev,40093,40445,40093,40445,1.0,0,0.0,0,0.0
ASG_vs_AA_2020,dev,42270,42396,42270,42396,1.0,0,0.0,0,0.0
ASG_vs_AA_2020,dev,42743,43345,42743,43345,1.0,0,0.0,0,0.0
ASG_vs_AA_2020,dev,44332,44589,44332,44589,1.0,0,0.0,0,0.0
ASG_vs_AA_2020,dev,45884,46191,45884,46191,1.0,0,0.0,0,0.0
ASG_vs_AA_2020,dev,46576,47166,46576,47166,1.0,0,0.0,0,0.0
ASG_vs_AA_2020,dev,47873,48061,47873,48061,1.0,0,0.0,0,0.0
ASG_vs_AA_2020,dev,48485,48949,48485,48949,1.0,0,0.0,0,0.0
ASG_vs_AA_2020,dev,49589,49700,49589,49700,1.0,0,0.0,0,0.0
ASG_vs_AA_2020,dev,51089,51590,51089,51590,1.0,0,0.0,0,0.0
ASG_vs_AA_2020,dev,52840,52981,52840,52981,1.0,0,0.0,0,0.0
ASG_vs_AA_2020,dev,53625,54006,53625,54006,1.0,0,0.0,0,0.0
ASG_vs_AA_2020,dev,55292,55429,55292,55429,1.0,0,0.0,0,0.0
ASG_vs_AA_2020,dev,56059,56245,56059,56245,1.0,0,0.0,0,0.0
ASG_vs_AA_2020,dev,56698,56811,56698,56811,1.0,0,0.0,0,0.0
ASG_vs_AA_2020,dev,58168,58311,58168,58311,1.0,0,0.0,0,0.0
ASG_vs_AA_2020,dev,59245,59978,59245,59978,1.0,0,0.0,0,0.0
ASG_vs_AA_2020,dev,61485,61659,61485,61659,1.0,0,0.0,0,0.0
ASG_vs_AA_2020,dev,62217,62609,62217,62609,1.0,0,0.0,0,0.0
ASG_vs_AA_2020,dev,66055,66509,66055,66509,1.0,0,0.0,0,0.0
ASG_vs_AA_2020,dev,67210,67362,67210,67362,1.0,0,0.0,0,0.0
ASG_vs_AA_2020,dev,67743,67865,67743,67865,1.0,0,0.0,0,0.0
ASG_vs_AA_2020,dev,68265,68466,68265,68466,1.0,0,0.0,0,0.0
ASG_vs_AA_2020,dev,68962,69392,68961,69392,0.9977,-1,-40.0,0,0.0
ASG_vs_AA_2020,dev,70630,70837,70630,70837,1.0,0,0.0,0,0.0
ASG_vs_AA_2020,dev,71168,71349,71168,71349,1.0,0,0.0,0,0.0
ASG_vs_AA_2020,dev,72352,72644,72352,72644,1.0,0,0.0,0,0.0
ASG_vs_AA_2020,dev,73255,73462,73255,73462,1.0,0,0.0,0,0.0
ASG_vs_AA_2020,dev,73914,74083,73914,74083,1.0,0,0.0,0,0.0
ASG_vs_AA_2020,dev,74556,75326,74556,75326,1.0,0,0.0,0,0.0
ASG_vs_AA_2020,dev,75890,76091,75890,76091,1.0,0,0.0,0,0.0
ASG_vs_AA_2020,dev,77011,77269,77011,77269,1.0,0,0.0,0,0.0
ASG_vs_AA_2020,dev,77912,78303,77912,78303,1.0,0,0.0,0,0.0
ASG_vs_AA_2020,dev,79687,80008,79687,80008,1.0,0,0.0,0,0.0
ASG_vs_AA_2020,dev,80994,81275,80994,81275,1.0,0,0.0,0,0.0
ASG_vs_AA_2020,dev,81901,82077,81901,82077,1.0,0,0.0,0,0.0
ASG_vs_AA_2020,dev,83893,84112,83893,84112,1.0,0,0.0,0,0.0
ASG_vs_AA_2020,dev,84529,84694,84529,84694,1.0,0,0.0,0,0.0
ASG_vs_AA_2020,dev,85066,85728,85066,85728,1.0,0,0.0,0,0.0
ASG_vs_AA_2020,dev,86526,86674,86526,86674,1.0,0,0.0,0,0.0
ASG_vs_AA_2020,dev,87726,88099,87726,88099,1.0,0,0.0,0,0.0
ASG_vs_AA_2020,dev,88773,88999,88773,88999,1.0,0,0.0,0,0.0
ASG_vs_AA_2020,dev,89428,89745,89428,89745,1.0,0,0.0,0,0.0
ASG_vs_AA_2020,dev,90882,91072,90882,91072,1.0,0,0.0,0,0.0
ASG_vs_AA_2020,dev,91472,91662,91472,91662,1.0,0,0.0,0,0.0
ASG_vs_AA_2020,dev,92274,92617,92274,92617,1.0,0,0.0,0,0.0
ASG_vs_AA_2020,dev,93289,93704,93289,93704,1.0,0,0.0,0,0.0
ASG_vs_AA_2020,dev,94244,94539,94244,94539,1.0,0,0.0,0,0.0
ASG_vs_AA_2020,dev,95055,95416,95055,95416,1.0,0,0.0,0,0.0
ASG_vs_AA_2020,dev,95848,96246,95848,96246,1.0,0,0.0,0,0.0
ASG_vs_AA_2020,dev,97887,98059,97887,98059,1.0,0,0.0,0,0.0
ASG_vs_AA_2020,dev,98566,98743,98566,98743,1.0,0,0.0,0,0.0
ASG_vs_AA_2020,dev,99237,99500,99236,99500,0.9962,-1,-40.0,0,0.0
ASG_vs_AA_2020,dev,100755,101004,100755,101004,1.0,0,0.0,0,0.0
ASG_vs_AA_2020,dev,101934,102350,101934,102350,1.0,0,0.0,0,0.0
ASG_vs_AA_2020,dev,106065,106783,106065,106783,1.0,0,0.0,0,0.0
ASG_vs_AA_2020,dev,107188,107376,107188,107376,1.0,0,0.0,0,0.0
ASG_vs_AA_2020,dev,107855,108290,107855,108290,1.0,0,0.0,0,0.0
ASG_vs_AA_2020,dev,109591,109825,109591,109825,1.0,0,0.0,0,0.0
ASG_vs_AA_2020,dev,110267,110424,110267,110424,1.0,0,0.0,0,0.0
ASG_vs_AA_2020,dev,110768,111067,110768,111067,1.0,0,0.0,0,0.0
ASG_vs_AA_2020,dev,112150,112359,112150,112359,1.0,0,0.0,0,0.0
ASG_vs_AA_2020,dev,112737,113065,112737,113065,1.0,0,0.0,0,0.0
ASG_vs_AA_2020,dev,113472,113737,113472,113737,1.0,0,0.0,0,0.0
ASG_vs_AA_2020,dev,114051,114266,114050,114266,0.9954,-1,-40.0,0,0.0
ASG_vs_AA_2020,dev,114889,115083,114889,115083,1.0,0,0.0,0,0.0
ASG_vs_AA_2020,dev,116056,116184,116056,116184,1.0,0,0.0,0,0.0
ASG_vs_AA_2020,dev,116491,116693,116491,116693,1.0,0,0.0,0,0.0
ASG_vs_AA_2020,dev,117092,117301,117091,117301,0.9953,-1,-40.0,0,0.0
ASG_vs_AA_2020,dev,117664,117933,117664,117933,1.0,0,0.0,0,0.0
ASG_vs_AA_2020,dev,120442,121457,120442,121457,1.0,0,0.0,0,0.0
ASG_vs_AA_2020,dev,122820,123049,122820,123049,1.0,0,0.0,0,0.0
ASG_vs_AA_2020,dev,123489,123674,123489,123674,1.0,0,0.0,0,0.0
ASG_vs_AA_2020,dev,124258,124481,124258,124481,1.0,0,0.0,0,0.0
ASG_vs_AA_2020,dev,124923,125073,124923,125073,1.0,0,0.0,0,0.0
ASG_vs_AA_2020,dev,125556,125985,125556,125985,1.0,0,0.0,0,0.0
ASG_vs_AA_2020,dev,126399,126535,126399,126535,1.0,0,0.0,0,0.0
ASG_vs_AA_2020,dev,126904,127027,126904,127027,1.0,0,0.0,0,0.0
ASG_vs_AA_2020,dev,127473,127757,127473,127757,1.0,0,0.0,0,0.0
ASG_vs_AA_2020,dev,128315,128475,128315,128475,1.0,0,0.0,0,0.0
ASG_vs_AA_2020,dev,128789,128937,128788,128937,0.9933,-1,-40.0,0,0.0
ASG_vs_AA_2020,dev,129198,129421,129198,129421,1.0,0,0.0,0,0.0
ASG_vs_AA_2020,dev,129801,130001,129801,130001,1.0,0,0.0,0,0.0
ASG_vs_AA_2020,dev,130362,130479,130362,130479,1.0,0,0.0,0,0.0
ASG_vs_AA_2020,dev,130694,130854,130694,130854,1.0,0,0.0,0,0.0
ASY_vs_PC_2021,dev,5185,5331,5185,5331,1.0,0,0.0,0,0.0
ASY_vs_PC_2021,dev,8077,8200,8080,8199,0.9677,3,100.0,-1,-33.3
ASY_vs_PC_2021,dev,8749,9006,8752,9006,0.9884,3,100.0,0,0.0
ASY_vs_PC_2021,dev,9400,9962,9400,9962,1.0,0,0.0,0,0.0
ASY_vs_PC_2021,dev,10162,10737,10162,10737,1.0,0,0.0,0,0.0
ASY_vs_PC_2021,dev,11127,11304,11128,11304,0.9944,1,33.3,0,0.0
ASY_vs_PC_2021,dev,11627,12268,11629,12268,0.9969,2,66.7,0,0.0
ASY_vs_PC_2021,dev,12705,12936,12705,12936,1.0,0,0.0,0,0.0
ASY_vs_PC_2021,dev,13594,13732,13594,13732,1.0,0,0.0,0,0.0
ASY_vs_PC_2021,dev,14112,14817,14112,14817,1.0,0,0.0,0,0.0
ASY_vs_PC_2021,dev,15305,15572,15305,15572,1.0,0,0.0,0,0.0
ASY_vs_PC_2021,dev,16281,16516,16281,16516,1.0,0,0.0,0,0.0
ASY_vs_PC_2021,dev,16949,17188,16949,17188,1.0,0,0.0,0,0.0
ASY_vs_PC_2021,dev,17653,18054,17656,18054,0.9925,3,100.0,0,0.0
ASY_vs_PC_2021,dev,18706,18840,18706,18840,1.0,0,0.0,0,0.0
ASY_vs_PC_2021,dev,19146,19890,19146,19890,1.0,0,0.0,0,0.0
ASY_vs_PC_2021,dev,20302,20954,20305,20954,0.9954,3,100.0,0,0.0
ASY_vs_PC_2021,dev,21367,21593,21370,21593,0.9868,3,100.0,0,0.0
ASY_vs_PC_2021,dev,22200,22547,22200,22547,1.0,0,0.0,0,0.0
ASY_vs_PC_2021,dev,22963,23163,22963,23163,1.0,0,0.0,0,0.0
ASY_vs_PC_2021,dev,23614,24293,23614,24293,1.0,0,0.0,0,0.0
ASY_vs_PC_2021,dev,25836,26091,25837,26091,0.9961,1,33.3,0,0.0
ASY_vs_PC_2021,dev,26358,26560,26358,26560,1.0,0,0.0,0,0.0
ASY_vs_PC_2021,dev,27045,27716,27045,27716,1.0,0,0.0,0,0.0
ASY_vs_PC_2021,dev,28314,28776,28314,28776,1.0,0,0.0,0,0.0
ASY_vs_PC_2021,dev,29347,29576,29350,29576,0.987,3,100.0,0,0.0
ASY_vs_PC_2021,dev,30451,31666,30451,31666,1.0,0,0.0,0,0.0
ASY_vs_PC_2021,dev,32365,32967,32365,32967,1.0,0,0.0,0,0.0
ASY_vs_PC_2021,dev,33967,34223,33967,34223,1.0,0,0.0,0,0.0
ASY_vs_PC_2021,dev,34819,35081,34819,35081,1.0,0,0.0,0,0.0
ASY_vs_PC_2021,dev,35669,35888,35669,35888,1.0,0,0.0,0,0.0
ASY_vs_PC_2021,dev,36153,36628,36153,36628,1.0,0,0.0,0,0.0
ASY_vs_PC_2021,dev,37651,37878,37651,37878,1.0,0,0.0,0,0.0
ASY_vs_PC_2021,dev,38139,38404,38139,38404,1.0,0,0.0,0,0.0
ASY_vs_PC_2021,dev,38839,39696,38842,39696,0.9965,3,100.0,0,0.0
ASY_vs_PC_2021,dev,40350,40611,40351,40611,0.9962,1,33.3,0,0.0
ASY_vs_PC_2021,dev,40910,41199,40910,41199,1.0,0,0.0,0,0.0
ASY_vs_PC_2021,dev,41579,41885,41579,41885,1.0,0,0.0,0,0.0
ASY_vs_PC_2021,dev,42378,42683,42378,42683,1.0,0,0.0,0,0.0
ASY_vs_PC_2021,dev,43213,43829,43213,43829,1.0,0,0.0,0,0.0
ASY_vs_PC_2021,dev,44549,45206,44549,45206,1.0,0,0.0,0,0.0
ASY_vs_PC_2021,dev,47447,47882,47449,47882,0.9954,2,66.7,0,0.0
ASY_vs_PC_2021,dev,48118,48575,48118,48575,1.0,0,0.0,0,0.0
ASY_vs_PC_2021,dev,48847,49421,48847,49421,1.0,0,0.0,0,0.0
ASY_vs_PC_2021,dev,49711,50396,49711,50396,1.0,0,0.0,0,0.0
ASY_vs_PC_2021,dev,50985,51180,50985,51180,1.0,0,0.0,0,0.0
ASY_vs_PC_2021,dev,51661,51881,51661,51881,1.0,0,0.0,0,0.0
ASY_vs_PC_2021,dev,52411,52568,52411,52568,1.0,0,0.0,0,0.0
ASY_vs_PC_2021,dev,53073,53558,53074,53558,0.9979,1,33.3,0,0.0
ASY_vs_PC_2021,dev,54042,54254,54043,54254,0.9953,1,33.3,0,0.0
ASY_vs_PC_2021,dev,54585,55164,54585,55164,1.0,0,0.0,0,0.0
ASY_vs_PC_2021,dev,56009,56438,56009,56438,1.0,0,0.0,0,0.0
ASY_vs_PC_2021,dev,57019,57300,57019,57300,1.0,0,0.0,0,0.0
ASY_vs_PC_2021,dev,57661,58253,57664,58253,0.9949,3,100.0,0,0.0
ASY_vs_PC_2021,dev,58752,59078,58752,59078,1.0,0,0.0,0,0.0
ASY_vs_PC_2021,dev,59702,60022,59702,60022,1.0,0,0.0,0,0.0
ASY_vs_PC_2021,dev,60606,60809,60606,60809,1.0,0,0.0,0,0.0
ASY_vs_PC_2021,dev,61151,61924,61151,61924,1.0,0,0.0,0,0.0
ASY_vs_PC_2021,dev,62811,63146,62811,63146,1.0,0,0.0,0,0.0
ASY_vs_PC_2021,dev,64733,64860,64735,64857,0.9609,2,66.7,-3,-100.0
ASY_vs_PC_2021,dev,64937,65506,64939,65506,0.9965,2,66.7,0,0.0
ASY_vs_PC_2021,dev,65862,66396,65863,66396,0.9981,1,33.3,0,0.0
ASY_vs_PC_2021,dev,67024,67287,67024,67287,1.0,0,0.0,0,0.0
ASY_vs_PC_2021,dev,67391,67667,67391,67667,1.0,0,0.0,0,0.0
ASY_vs_PC_2021,dev,68787,69527,68787,69527,1.0,0,0.0,0,0.0
ASY_vs_PC_2021,dev,69943,70407,69946,70407,0.9935,3,100.0,0,0.0
ASY_vs_PC_2021,dev,71281,71628,71284,71628,0.9914,3,100.0,0,0.0
ASY_vs_PC_2021,dev,72030,72362,72030,72362,1.0,0,0.0,0,0.0
ASY_vs_PC_2021,dev,72789,73941,72789,73941,1.0,0,0.0,0,0.0
ASY_vs_PC_2021,dev,74770,75497,74770,75497,1.0,0,0.0,0,0.0
ASY_vs_PC_2021,dev,76413,76967,76413,76967,1.0,0,0.0,0,0.0
ASY_vs_PC_2021,dev,77543,77883,77543,77883,1.0,0,0.0,0,0.0
ASY_vs_PC_2021,dev,78294,78578,78294,78578,1.0,0,0.0,0,0.0
ASY_vs_PC_2021,dev,79251,79970,79251,79970,1.0,0,0.0,0,0.0
ASY_vs_PC_2021,dev,80719,81200,80719,81200,1.0,0,0.0,0,0.0
ASY_vs_PC_2021,dev,81984,82733,81984,82733,1.0,0,0.0,0,0.0
ASY_vs_PC_2021,dev,82999,84060,82999,84060,1.0,0,0.0,0,0.0
ASY_vs_PC_2021,dev,85347,85509,85347,85509,1.0,0,0.0,0,0.0
ASY_vs_PC_2021,dev,85894,86158,85894,86158,1.0,0,0.0,0,0.0
ASY_vs_PC_2021,dev,86649,87052,86649,87052,1.0,0,0.0,0,0.0
ASY_vs_PC_2021,dev,87821,88064,87821,88064,1.0,0,0.0,0,0.0
ASY_vs_PC_2021,dev,88650,89082,88650,89082,1.0,0,0.0,0,0.0
ASY_vs_PC_2021,dev,89659,90137,89662,90137,0.9937,3,100.0,0,0.0
CTC_vs_CL_2019,dev,11396,12315,11396,12315,1.0,0,0.0,0,0.0
CTC_vs_CL_2019,dev,12689,13126,12689,13126,1.0,0,0.0,0,0.0
CTC_vs_CL_2019,dev,13425,13868,13425,13868,1.0,0,0.0,0,0.0
CTC_vs_CL_2019,dev,14384,14546,14384,14546,1.0,0,0.0,0,0.0
CTC_vs_CL_2019,dev,14853,15314,14848,15314,0.9893,-5,-200.0,0,0.0
CTC_vs_CL_2019,dev,16022,16256,16022,16256,1.0,0,0.0,0,0.0
CTC_vs_CL_2019,dev,16497,16825,16497,16825,1.0,0,0.0,0,0.0
CTC_vs_CL_2019,dev,17218,17644,17218,17644,1.0,0,0.0,0,0.0
CTC_vs_CL_2019,dev,18180,18441,18180,18441,1.0,0,0.0,0,0.0
CTC_vs_CL_2019,dev,18954,19292,18954,19292,1.0,0,0.0,0,0.0
CTC_vs_CL_2019,dev,19657,20003,19657,20003,1.0,0,0.0,0,0.0
CTC_vs_CL_2019,dev,20535,21249,20535,21249,1.0,0,0.0,0,0.0
CTC_vs_CL_2019,dev,21859,22078,21859,22078,1.0,0,0.0,0,0.0
CTC_vs_CL_2019,dev,22455,22671,22455,22671,1.0,0,0.0,0,0.0
CTC_vs_CL_2019,dev,23053,23448,23053,23448,1.0,0,0.0,0,0.0
CTC_vs_CL_2019,dev,24831,25326,24831,25326,1.0,0,0.0,0,0.0
CTC_vs_CL_2019,dev,25799,26195,25799,26195,1.0,0,0.0,0,0.0
CTC_vs_CL_2019,dev,26839,27856,26839,27856,1.0,0,0.0,0,0.0
CTC_vs_CL_2019,dev,29267,29474,29267,29474,1.0,0,0.0,0,0.0
CTC_vs_CL_2019,dev,31399,31728,31399,31728,1.0,0,0.0,0,0.0
CTC_vs_CL_2019,dev,32236,32399,32236,32399,1.0,0,0.0,0,0.0
CTC_vs_CL_2019,dev,32787,32959,32787,32959,1.0,0,0.0,0,0.0
CTC_vs_CL_2019,dev,33400,33650,33400,33650,1.0,0,0.0,0,0.0
CTC_vs_CL_2019,dev,33989,34358,33989,34358,1.0,0,0.0,0,0.0
CTC_vs_CL_2019,dev,34534,34701,34534,34701,1.0,0,0.0,0,0.0
CTC_vs_CL_2019,dev,35059,35261,35059,35261,1.0,0,0.0,0,0.0
CTC_vs_CL_2019,dev,35823,36498,35823,36498,1.0,0,0.0,0,0.0
CTC_vs_CL_2019,dev,36999,37406,36999,37406,1.0,0,0.0,0,0.0
CTC_vs_CL_2019,dev,38054,38423,38054,38423,1.0,0,0.0,0,0.0
CTC_vs_CL_2019,dev,38849,39198,38849,39198,1.0,0,0.0,0,0.0
CTC_vs_CL_2019,dev,39988,40278,39988,40278,1.0,0,0.0,0,0.0
CTC_vs_CL_2019,dev,40594,40831,40589,40831,0.9794,-5,-200.0,0,0.0
CTC_vs_CL_2019,dev,41093,41940,41093,41940,1.0,0,0.0,0,0.0
CTC_vs_CL_2019,dev,42517,42715,42517,42715,1.0,0,0.0,0,0.0
CTC_vs_CL_2019,dev,43847,44106,43847,44106,1.0,0,0.0,0,0.0
CTC_vs_CL_2019,dev,44411,44756,44411,44756,1.0,0,0.0,0,0.0
CTC_vs_CL_2019,dev,48214,48762,48214,48762,1.0,0,0.0,0,0.0
CTC_vs_CL_2019,dev,49546,50573,49546,50573,1.0,0,0.0,0,0.0
CTC_vs_CL_2019,dev,51206,51334,51206,51334,1.0,0,0.0,0,0.0
CTC_vs_CL_2019,dev,51602,52416,51602,52416,1.0,0,0.0,0,0.0
CTC_vs_CL_2019,dev,52944,53207,52944,53207,1.0,0,0.0,0,0.0
CTC_vs_CL_2019,dev,53628,54174,53628,54174,1.0,0,0.0,0,0.0
CTC_vs_CL_2019,dev,54486,55422,54486,55422,1.0,0,0.0,0,0.0
CTC_vs_CL_2019,dev,57017,57612,57017,57612,1.0,0,0.0,0,0.0
CTC_vs_CL_2019,dev,57979,58312,57982,58312,0.991,3,120.0,0,0.0
CTC_vs_CL_2019,dev,58579,58957,58579,58957,1.0,0,0.0,0,0.0
CTC_vs_CL_2019,dev,59995,60474,59995,60474,1.0,0,0.0,0,0.0
CTC_vs_CL_2019,dev,60963,61206,60963,61206,1.0,0,0.0,0,0.0
CTC_vs_CL_2019,dev,61746,62137,61746,62137,1.0,0,0.0,0,0.0
CTC_vs_CL_2019,dev,62545,62713,62545,62713,1.0,0,0.0,0,0.0
CTC_vs_CL_2019,dev,63151,63420,63151,63420,1.0,0,0.0,0,0.0
CTC_vs_CL_2019,dev,63925,64333,63925,64333,1.0,0,0.0,0,0.0
CTC_vs_CL_2019,dev,64910,65229,64910,65229,1.0,0,0.0,0,0.0
CTC_vs_CL_2019,dev,65533,65749,65533,65749,1.0,0,0.0,0,0.0
CTC_vs_CL_2019,dev,67601,68022,67601,68022,1.0,0,0.0,0,0.0
CTC_vs_CL_2019,dev,69417,69715,69417,69715,1.0,0,0.0,0,0.0
CTC_vs_CL_2019,dev,70453,70659,70453,70659,1.0,0,0.0,0,0.0
CTC_vs_CL_2019,dev,70924,71340,70924,71340,1.0,0,0.0,0,0.0
CTC_vs_CL_2019,dev,71979,72774,71979,72774,1.0,0,0.0,0,0.0
CTC_vs_CL_2019,dev,73298,73725,73298,73725,1.0,0,0.0,0,0.0
CTC_vs_CL_2019,dev,74092,74232,74092,74232,1.0,0,0.0,0,0.0
CTC_vs_CL_2019,dev,74661,74929,74661,74929,1.0,0,0.0,0,0.0
CTC_vs_CL_2019,dev,75377,75901,75377,75901,1.0,0,0.0,0,0.0
CTC_vs_CL_2019,dev,76250,76817,76250,76817,1.0,0,0.0,0,0.0
CTC_vs_CL_2019,dev,77603,77839,77603,77839,1.0,0,0.0,0,0.0
CTC_vs_CL_2019,dev,78294,78734,78294,78734,1.0,0,0.0,0,0.0
CTC_vs_CL_2019,dev,79369,79656,79369,79656,1.0,0,0.0,0,0.0
CTC_vs_CL_2019,dev,80445,80958,80445,80958,1.0,0,0.0,0,0.0
CTC_vs_CL_2019,dev,81722,82161,81722,82161,1.0,0,0.0,0,0.0
CTC_vs_CL_2019,dev,82602,83755,82597,83755,0.9957,-5,-200.0,0,0.0
CTC_vs_CL_2019,dev,85464,86051,85464,86051,1.0,0,0.0,0,0.0
CTC_vs_CL_2019,dev,86456,86533,86458,86533,0.9744,2,80.0,0,0.0
CTC_vs_CL_2019,dev,87285,87581,87285,87581,1.0,0,0.0,0,0.0
CTC_vs_CL_2019,dev,88252,88881,88252,88881,1.0,0,0.0,0,0.0
MK_vs_CT_2019,dev,11330,11667,11330,11667,1.0,0,0.0,0,0.0
MK_vs_CT_2019,dev,11877,12003,11877,12003,1.0,0,0.0,0,0.0
MK_vs_CT_2019,dev,12287,12985,12287,12985,1.0,0,0.0,0,0.0
MK_vs_CT_2019,dev,13429,13584,13429,13584,1.0,0,0.0,0,0.0
MK_vs_CT_2019,dev,13914,14289,13915,14289,0.9973,1,40.0,0,0.0
MK_vs_CT_2019,dev,14938,15084,14938,15084,1.0,0,0.0,0,0.0
MK_vs_CT_2019,dev,15363,15507,15363,15507,1.0,0,0.0,0,0.0
MK_vs_CT_2019,dev,15779,15968,15779,15968,1.0,0,0.0,0,0.0
MK_vs_CT_2019,dev,16230,16833,16230,16833,1.0,0,0.0,0,0.0
MK_vs_CT_2019,dev,17420,17661,17420,17661,1.0,0,0.0,0,0.0
MK_vs_CT_2019,dev,17980,18132,17980,18132,1.0,0,0.0,0,0.0
MK_vs_CT_2019,dev,18166,19133,18166,19133,1.0,0,0.0,0,0.0
MK_vs_CT_2019,dev,19573,20541,19573,20541,1.0,0,0.0,0,0.0
MK_vs_CT_2019,dev,20950,21865,20950,21865,1.0,0,0.0,0,0.0
MK_vs_CT_2019,dev,21913,22146,21913,22146,1.0,0,0.0,0,0.0
MK_vs_CT_2019,dev,23053,23469,23053,23469,1.0,0,0.0,0,0.0
MK_vs_CT_2019,dev,23820,24350,23820,24350,1.0,0,0.0,0,0.0
MK_vs_CT_2019,dev,24975,26094,24975,26094,1.0,0,0.0,0,0.0
MK_vs_CT_2019,dev,27392,27778,27392,27778,1.0,0,0.0,0,0.0
MK_vs_CT_2019,dev,28231,28746,28231,28746,1.0,0,0.0,0,0.0
MK_vs_CT_2019,dev,29121,29374,29121,29374,1.0,0,0.0,0,0.0
MK_vs_CT_2019,dev,31391,31501,31391,31501,1.0,0,0.0,0,0.0
MK_vs_CT_2019,dev,31751,31888,31751,31888,1.0,0,0.0,0,0.0
MK_vs_CT_2019,dev,32340,32627,32340,32627,1.0,0,0.0,0,0.0
MK_vs_CT_2019,dev,32908,33231,32908,33231,1.0,0,0.0,0,0.0
MK_vs_CT_2019,dev,33606,34116,33606,34116,1.0,0,0.0,0,0.0
MK_vs_CT_2019,dev,34891,35096,34891,35096,1.0,0,0.0,0,0.0
MK_vs_CT_2019,dev,35142,35308,35142,35308,1.0,0,0.0,0,0.0
MK_vs_CT_2019,dev,35757,36105,35757,36105,1.0,0,0.0,0,0.0
MK_vs_CT_2019,dev,36542,37782,36542,37782,1.0,0,0.0,0,0.0
MK_vs_CT_2019,dev,38366,38580,38366,38580,1.0,0,0.0,0,0.0
MK_vs_CT_2019,dev,39803,39927,39803,39927,1.0,0,0.0,0,0.0
MK_vs_CT_2019,dev,39953,40201,39953,40201,1.0,0,0.0,0,0.0
MK_vs_CT_2019,dev,40612,41247,40615,41247,0.9953,3,120.0,0,0.0
MK_vs_CT_2019,dev,41737,41866,41740,41866,0.9769,3,120.0,0,0.0
MK_vs_CT_2019,dev,42215,42484,42215,42484,1.0,0,0.0,0,0.0
MK_vs_CT_2019,dev,42790,43117,42793,43117,0.9909,3,120.0,0,0.0
MK_vs_CT_2019,dev,43664,43829,43664,43829,1.0,0,0.0,0,0.0
MK_vs_CT_2019,dev,44108,44247,44108,44247,1.0,0,0.0,0,0.0
MK_vs_CT_2019,dev,44396,44853,44396,44853,1.0,0,0.0,0,0.0
MK_vs_CT_2019,dev,48267,48632,48267,48632,1.0,0,0.0,0,0.0
MK_vs_CT_2019,dev,48955,49126,48955,49126,1.0,0,0.0,0,0.0
MK_vs_CT_2019,dev,49578,49743,49578,49743,1.0,0,0.0,0,0.0
MK_vs_CT_2019,dev,50014,50115,50014,50115,1.0,0,0.0,0,0.0
MK_vs_CT_2019,dev,50294,50411,50294,50411,1.0,0,0.0,0,0.0
MK_vs_CT_2019,dev,50692,50821,50695,50821,0.9769,3,120.0,0,0.0
MK_vs_CT_2019,dev,50853,50943,50853,50943,1.0,0,0.0,0,0.0
MK_vs_CT_2019,dev,51248,51733,51248,51733,1.0,0,0.0,0,0.0
MK_vs_CT_2019,dev,52397,52520,52397,52520,1.0,0,0.0,0,0.0
MK_vs_CT_2019,dev,52732,53730,52732,53730,1.0,0,0.0,0,0.0
MK_vs_CT_2019,dev,55065,55462,55065,55462,1.0,0,0.0,0,0.0
MK_vs_CT_2019,dev,55874,56430,55876,56430,0.9964,2,80.0,0,0.0
MK_vs_CT_2019,dev,56784,57064,56784,57064,1.0,0,0.0,0,0.0
MK_vs_CT_2019,dev,57105,57211,57105,57211,1.0,0,0.0,0,0.0
MK_vs_CT_2019,dev,57943,58145,57943,58145,1.0,0,0.0,0,0.0
MK_vs_CT_2019,dev,58783,59030,58783,59030,1.0,0,0.0,0,0.0
MK_vs_CT_2019,dev,59385,59641,59386,59641,0.9961,1,40.0,0,0.0
MK_vs_CT_2019,dev,59957,60293,59957,60293,1.0,0,0.0,0,0.0
MK_vs_CT_2019,dev,60650,60871,60652,60871,0.991,2,80.0,0,0.0
MK_vs_CT_2019,dev,62706,63115,62706,63115,1.0,0,0.0,0,0.0
MK_vs_CT_2019,dev,63694,64268,63694,64268,1.0,0,0.0,0,0.0
MK_vs_CT_2019,dev,64653,64792,64654,64792,0.9929,1,40.0,0,0.0
MK_vs_CT_2019,dev,65111,65518,65113,65518,0.9951,2,80.0,0,0.0
MK_vs_CT_2019,dev,65969,66210,65969,66210,1.0,0,0.0,0,0.0
MK_vs_CT_2019,dev,66242,66308,66242,66308,1.0,0,0.0,0,0.0
MK_vs_CT_2019,dev,66711,66953,66711,66953,1.0,0,0.0,0,0.0
MK_vs_CT_2019,dev,67604,68721,67604,68721,1.0,0,0.0,0,0.0
MK_vs_CT_2019,dev,69162,69266,69163,69266,0.9905,1,40.0,0,0.0
MK_vs_CT_2019,dev,70144,70487,70144,70487,1.0,0,0.0,0,0.0
MK_vs_CT_2019,dev,70511,71003,70511,71003,1.0,0,0.0,0,0.0
MK_vs_CT_2019,dev,71541,71738,71542,71738,0.9949,1,40.0,0,0.0
MK_vs_CT_2019,dev,72014,72305,72014,72305,1.0,0,0.0,0,0.0
MK_vs_CT_2019,dev,72825,73908,72825,73908,1.0,0,0.0,0,0.0
MK_vs_CT_2019,dev,74275,74666,74275,74666,1.0,0,0.0,0,0.0
MK_vs_CT_2019,dev,75058,75637,75061,75637,0.9948,3,120.0,0,0.0
MK_vs_CT_2019,dev,76916,77150,76916,77150,1.0,0,0.0,0,0.0
MK_vs_CT_2019,dev,77745,77932,77745,77932,1.0,0,0.0,0,0.0
MK_vs_CT_2019,dev,78221,78782,78221,78782,1.0,0,0.0,0,0.0
MK_vs_CT_2019,dev,79771,80611,79771,80611,1.0,0,0.0,0,0.0
MK_vs_CT_2019,dev,82374,82536,82374,82536,1.0,0,0.0,0,0.0
MK_vs_CT_2019,dev,83791,84716,83791,84716,1.0,0,0.0,0,0.0
MK_vs_CT_2019,dev,85799,86213,85799,86213,1.0,0,0.0,0,0.0
MK_vs_CT_2019,dev,87095,87557,87095,87557,1.0,0,0.0,0,0.0
MK_vs_CT_2019,dev,91156,91304,91156,91304,1.0,0,0.0,0,0.0
MK_vs_CT_2019,dev,91655,92011,91655,92011,1.0,0,0.0,0,0.0
MK_vs_CT_2019,dev,92723,93150,92723,93150,1.0,0,0.0,0,0.0
MK_vs_CT_2019,dev,93543,93921,93543,93921,1.0,0,0.0,0,0.0
MK_vs_CT_2019,dev,94814,95111,94814,95111,1.0,0,0.0,0,0.0
MK_vs_CT_2019,dev,95797,96642,95797,96642,1.0,0,0.0,0,0.0
MK_vs_CT_2019,dev,97104,97584,97105,97584,0.9979,1,40.0,0,0.0
MK_vs_CT_2019,dev,98061,98484,98061,98484,1.0,0,0.0,0,0.0
MK_vs_CT_2019,dev,99919,100367,99919,100367,1.0,0,0.0,0,0.0
MK_vs_CT_2019,dev,101498,102119,101498,102119,1.0,0,0.0,0,0.0
MK_vs_CT_2019,dev,103029,103416,103029,103416,1.0,0,0.0,0,0.0
MK_vs_CT_2019,dev,103926,104098,103926,104098,1.0,0,0.0,0,0.0
MK_vs_CT_2019,dev,104516,104684,104516,104684,1.0,0,0.0,0,0.0
MK_vs_CT_2019,dev,105291,105478,105291,105478,1.0,0,0.0,0,0.0
MK_vs_CT_2019,dev,105519,105648,105519,105648,1.0,0,0.0,0,0.0
MK_vs_CT_2019,dev,106524,106595,106524,106595,1.0,0,0.0,0,0.0
MK_vs_CT_2019,dev,106865,107165,106867,107165,0.9934,2,80.0,0,0.0
MK_vs_CT_2019,dev,107583,107959,107583,107959,1.0,0,0.0,0,0.0
MK_vs_CT_2019,dev,108307,108390,108307,108390,1.0,0,0.0,0,0.0
MK_vs_CT_2019,dev,108832,109830,108832,109830,1.0,0,0.0,0,0.0
MK_vs_CT_2019,dev,110478,110858,110478,110858,1.0,0,0.0,0,0.0
MK_vs_CT_2019,dev,112838,113444,112838,113444,1.0,0,0.0,0,0.0
MK_vs_CT_2019,dev,113906,114453,113906,114453,1.0,0,0.0,0,0.0
MK_vs_CT_2019,dev,114955,115541,114955,115541,1.0,0,0.0,0,0.0
MK_vs_CT_2019,dev,116194,116353,116194,116353,1.0,0,0.0,0,0.0
MK_vs_CT_2019,dev,116765,117401,116765,117401,1.0,0,0.0,0,0.0
MK_vs_CT_2019,dev,118871,119983,118871,119983,1.0,0,0.0,0,0.0
MK_vs_CT_2019,dev,121512,121814,121512,121814,1.0,0,0.0,0,0.0
MK_vs_CT_2019,dev,122310,122515,122310,122515,1.0,0,0.0,0,0.0
MK_vs_CT_2019,dev,122916,123204,122916,123204,1.0,0,0.0,0,0.0
MK_vs_CT_2019,dev,124685,125269,124685,125269,1.0,0,0.0,0,0.0
MK_vs_CT_2019,dev,125884,126875,125884,126875,1.0,0,0.0,0,0.0
MK_vs_CT_2019,dev,127770,128175,127770,128175,1.0,0,0.0,0,0.0
MK_vs_CT_2019,dev,128543,128957,128543,128957,1.0,0,0.0,0,0.0
MK_vs_CT_2019,dev,129522,129744,129522,129744,1.0,0,0.0,0,0.0
MK_vs_CT_2019,dev,131034,131791,131034,131791,1.0,0,0.0,0,0.0
MK_vs_CT_2019,dev,132504,132672,132504,132672,1.0,0,0.0,0,0.0
MK_vs_CT_2019,dev,133215,133400,133215,133400,1.0,0,0.0,0,0.0
MK_vs_CT_2019,dev,133922,134582,133922,134582,1.0,0,0.0,0,0.0
MK_vs_CT_2019,dev,135041,135629,135041,135629,1.0,0,0.0,0,0.0
PC_vs_PVS_2020,dev,8185,8407,8188,8407,0.9865,3,100.0,0,0.0
PC_vs_PVS_2020,dev,9958,10074,9958,10074,1.0,0,0.0,0,0.0
PC_vs_PVS_2020,dev,13625,13993,13625,13993,1.0,0,0.0,0,0.0
PC_vs_PVS_2020,dev,14327,14831,14327,14831,1.0,0,0.0,0,0.0
PC_vs_PVS_2020,dev,15091,15280,15091,15280,1.0,0,0.0,0,0.0
PC_vs_PVS_2020,dev,15461,15822,15461,15822,1.0,0,0.0,0,0.0
PC_vs_PVS_2020,dev,16107,16810,16107,16810,1.0,0,0.0,0,0.0
PC_vs_PVS_2020,dev,17741,17959,17741,17959,1.0,0,0.0,0,0.0
PC_vs_PVS_2020,dev,18450,19084,18450,19084,1.0,0,0.0,0,0.0
PC_vs_PVS_2020,dev,20017,20149,20017,20149,1.0,0,0.0,0,0.0
PC_vs_PVS_2020,dev,20604,20767,20604,20767,1.0,0,0.0,0,0.0
PC_vs_PVS_2020,dev,21049,21393,21049,21393,1.0,0,0.0,0,0.0
PC_vs_PVS_2020,dev,21773,22147,21773,22147,1.0,0,0.0,0,0.0
PC_vs_PVS_2020,dev,22626,23153,22622,23153,0.9925,-4,-133.3,0,0.0
PC_vs_PVS_2020,dev,23824,24006,23824,24006,1.0,0,0.0,0,0.0
PC_vs_PVS_2020,dev,24893,25103,24893,25103,1.0,0,0.0,0,0.0
PC_vs_PVS_2020,dev,26117,26490,26117,26490,1.0,0,0.0,0,0.0
PC_vs_PVS_2020,dev,26756,26923,26756,26923,1.0,0,0.0,0,0.0
PC_vs_PVS_2020,dev,27403,27600,27403,27600,1.0,0,0.0,0,0.0
PC_vs_PVS_2020,dev,27865,28093,27865,28093,1.0,0,0.0,0,0.0
PC_vs_PVS_2020,dev,28458,28722,28454,28722,0.9851,-4,-133.3,0,0.0
PC_vs_PVS_2020,dev,29076,29527,29072,29527,0.9912,-4,-133.3,0,0.0
PC_vs_PVS_2020,dev,30221,30591,30221,30591,1.0,0,0.0,0,0.0
PC_vs_PVS_2020,dev,32196,32467,32197,32467,0.9963,1,33.3,0,0.0
PC_vs_PVS_2020,dev,32584,32880,32584,32880,1.0,0,0.0,0,0.0
PC_vs_PVS_2020,dev,33196,33715,33196,33715,1.0,0,0.0,0,0.0
PC_vs_PVS_2020,dev,34486,34657,34486,34657,1.0,0,0.0,0,0.0
PC_vs_PVS_2020,dev,35198,35634,35198,35634,1.0,0,0.0,0,0.0
PC_vs_PVS_2020,dev,36674,37057,36674,37057,1.0,0,0.0,0,0.0
PC_vs_PVS_2020,dev,37114,37548,37114,37548,1.0,0,0.0,0,0.0
PC_vs_PVS_2020,dev,38226,38962,38226,38962,1.0,0,0.0,0,0.0
PC_vs_PVS_2020,dev,39551,39687,39547,39687,0.9716,-4,-133.3,0,0.0
PC_vs_PVS_2020,dev,39904,40115,39904,40115,1.0,0,0.0,0,0.0
PC_vs_PVS_2020,dev,40303,40454,40303,40454,1.0,0,0.0,0,0.0
PC_vs_PVS_2020,dev,40830,41287,40830,41287,1.0,0,0.0,0,0.0
PC_vs_PVS_2020,dev,41877,42143,41877,42143,1.0,0,0.0,0,0.0
PC_vs_PVS_2020,dev,42620,42877,42620,42877,1.0,0,0.0,0,0.0
PC_vs_PVS_2020,dev,43470,43783,43470,43783,1.0,0,0.0,0,0.0
PC_vs_PVS_2020,dev,44534,44752,44534,44752,1.0,0,0.0,0,0.0
PC_vs_PVS_2020,dev,45312,45552,45312,45552,1.0,0,0.0,0,0.0
PC_vs_PVS_2020,dev,45934,46192,45934,46192,1.0,0,0.0,0,0.0
PC_vs_PVS_2020,dev,46445,46609,46445,46609,1.0,0,0.0,0,0.0
PC_vs_PVS_2020,dev,46732,47169,46732,47169,1.0,0,0.0,0,0.0
PC_vs_PVS_2020,dev,48442,48672,48442,48672,1.0,0,0.0,0,0.0
PC_vs_PVS_2020,dev,49432,50247,49432,50247,1.0,0,0.0,0,0.0
PC_vs_PVS_2020,dev,51542,52308,51542,52308,1.0,0,0.0,0,0.0
PC_vs_PVS_2020,dev,56173,56928,56173,56928,1.0,0,0.0,0,0.0
PC_vs_PVS_2020,dev,57346,57781,57346,57781,1.0,0,0.0,0,0.0
PC_vs_PVS_2020,dev,58354,58513,58354,58513,1.0,0,0.0,0,0.0
PC_vs_PVS_2020,dev,59158,59467,59158,59467,1.0,0,0.0,0,0.0
PC_vs_PVS_2020,dev,59976,60355,59976,60355,1.0,0,0.0,0,0.0
PC_vs_PVS_2020,dev,60976,61111,60979,61111,0.9779,3,100.0,0,0.0
PC_vs_PVS_2020,dev,61444,61722,61444,61722,1.0,0,0.0,0,0.0
PC_vs_PVS_2020,dev,62239,62686,62239,62686,1.0,0,0.0,0,0.0
PC_vs_PVS_2020,dev,63140,63438,63142,63438,0.9933,2,66.7,0,0.0
PC_vs_PVS_2020,dev,63772,63989,63772,63989,1.0,0,0.0,0,0.0
PC_vs_PVS_2020,dev,64552,64749,64552,64749,1.0,0,0.0,0,0.0
PC_vs_PVS_2020,dev,65208,65347,65204,65347,0.9722,-4,-133.3,0,0.0
PC_vs_PVS_2020,dev,65747,66275,65743,66275,0.9925,-4,-133.3,0,0.0
PC_vs_PVS_2020,dev,66770,67069,66770,67069,1.0,0,0.0,0,0.0
PC_vs_PVS_2020,dev,67890,68137,67890,68137,1.0,0,0.0,0,0.0
PC_vs_PVS_2020,dev,69840,70451,69841,70451,0.9984,1,33.3,0,0.0
PC_vs_PVS_2020,dev,71429,72055,71429,72055,1.0,0,0.0,0,0.0
PC_vs_PVS_2020,dev,72524,72659,72526,72659,0.9853,2,66.7,0,0.0
PC_vs_PVS_2020,dev,72881,73449,72883,73449,0.9965,2,66.7,0,0.0
PC_vs_PVS_2020,dev,73577,74118,73577,74118,1.0,0,0.0,0,0.0
PC_vs_PVS_2020,dev,74209,75027,74209,75027,1.0,0,0.0,0,0.0
PC_vs_PVS_2020,dev,76014,76581,76014,76581,1.0,0,0.0,0,0.0
PC_vs_PVS_2020,dev,76681,76831,76681,76831,1.0,0,0.0,0,0.0
PC_vs_PVS_2020,dev,77549,78031,77549,78031,1.0,0,0.0,0,0.0
PC_vs_PVS_2020,dev,78685,78955,78685,78955,1.0,0,0.0,0,0.0
PC_vs_PVS_2020,dev,79466,79686,79466,79686,1.0,0,0.0,0,0.0
PC_vs_PVS_2020,dev,80278,80439,80278,80439,1.0,0,0.0,0,0.0
PC_vs_PVS_2020,dev,80876,81073,80876,81073,1.0,0,0.0,0,0.0
PC_vs_PVS_2020,dev,81754,82278,81751,82278,0.9943,-3,-100.0,0,0.0
PC_vs_PVS_2020,dev,82880,83430,82880,83430,1.0,0,0.0,0,0.0
PC_vs_PVS_2020,dev,84080,84369,84080,84369,1.0,0,0.0,0,0.0
PC_vs_PVS_2020,dev,85304,85677,85304,85677,1.0,0,0.0,0,0.0
PC_vs_PVS_2020,dev,86276,86427,86276,86427,1.0,0,0.0,0,0.0
PC_vs_PVS_2020,dev,86783,87253,86783,87253,1.0,0,0.0,0,0.0
PC_vs_PVS_2020,dev,87480,87726,87480,87726,1.0,0,0.0,0,0.0
PC_vs_PVS_2020,dev,88417,89103,88417,89103,1.0,0,0.0,0,0.0
PC_vs_PVS_2020,dev,89953,90100,89953,90100,1.0,0,0.0,0,0.0
PC_vs_PVS_2020,dev,90752,91134,90752,91134,1.0,0,0.0,0,0.0
RI_vs_PVS_2021,dev,6432,6670,6433,6670,0.9958,1,33.3,0,0.0
RI_vs_PVS_2021,dev,8537,8630,8537,8630,1.0,0,0.0,0,0.0
RI_vs_PVS_2021,dev,10771,11361,10774,11361,0.9949,3,100.0,0,0.0
RI_vs_PVS_2021,dev,11812,11943,11812,11943,1.0,0,0.0,0,0.0
RI_vs_PVS_2021,dev,12231,12912,12231,12912,1.0,0,0.0,0,0.0
RI_vs_PVS_2021,dev,13314,13600,13314,13600,1.0,0,0.0,0,0.0
RI_vs_PVS_2021,dev,14185,14583,14185,14583,1.0,0,0.0,0,0.0
RI_vs_PVS_2021,dev,15117,15440,15117,15440,1.0,0,0.0,0,0.0
RI_vs_PVS_2021,dev,15967,16288,15967,16288,1.0,0,0.0,0,0.0
RI_vs_PVS_2021,dev,16721,16972,16721,16972,1.0,0,0.0,0,0.0
RI_vs_PVS_2021,dev,17442,17969,17442,17969,1.0,0,0.0,0,0.0
RI_vs_PVS_2021,dev,19017,19438,19017,19438,1.0,0,0.0,0,0.0
RI_vs_PVS_2021,dev,20143,20859,20143,20859,1.0,0,0.0,0,0.0
RI_vs_PVS_2021,dev,21497,21821,21497,21821,1.0,0,0.0,0,0.0
RI_vs_PVS_2021,dev,22469,22629,22469,22629,1.0,0,0.0,0,0.0
RI_vs_PVS_2021,dev,23801,24082,23801,24082,1.0,0,0.0,0,0.0
RI_vs_PVS_2021,dev,24562,25001,24562,25001,1.0,0,0.0,0,0.0
RI_vs_PVS_2021,dev,25738,26184,25738,26184,1.0,0,0.0,0,0.0
RI_vs_PVS_2021,dev,26937,27202,26937,27202,1.0,0,0.0,0,0.0
RI_vs_PVS_2021,dev,28091,28847,28091,28847,1.0,0,0.0,0,0.0
RI_vs_PVS_2021,dev,29463,29668,29464,29668,0.9951,1,33.3,0,0.0
RI_vs_PVS_2021,dev,30192,30464,30192,30464,1.0,0,0.0,0,0.0
RI_vs_PVS_2021,dev,31897,32858,31900,32858,0.9969,3,100.0,0,0.0
RI_vs_PVS_2021,dev,32887,32996,32887,32996,1.0,0,0.0,0,0.0
RI_vs_PVS_2021,dev,33647,33826,33649,33826,0.9889,2,66.7,0,0.0
RI_vs_PVS_2021,dev,34231,34337,34234,34337,0.972,3,100.0,0,0.0
RI_vs_PVS_2021,dev,34528,34722,34528,34722,1.0,0,0.0,0,0.0
RI_vs_PVS_2021,dev,35625,35903,35625,35903,1.0,0,0.0,0,0.0
RI_vs_PVS_2021,dev,36183,36484,36183,36484,1.0,0,0.0,0,0.0
RI_vs_PVS_2021,dev,37025,37622,37027,37622,0.9967,2,66.7,0,0.0
RI_vs_PVS_2021,dev,38313,38532,38313,38532,1.0,0,0.0,0,0.0
RI_vs_PVS_2021,dev,39113,39671,39113,39671,1.0,0,0.0,0,0.0
RI_vs_PVS_2021,dev,40518,40684,40518,40684,1.0,0,0.0,0,0.0
RI_vs_PVS_2021,dev,41935,42279,41935,42279,1.0,0,0.0,0,0.0
RI_vs_PVS_2021,dev,42410,42807,42410,42807,1.0,0,0.0,0,0.0
RI_vs_PVS_2021,dev,43243,43743,43246,43743,0.994,3,100.0,0,0.0
RI_vs_PVS_2021,dev,44067,44343,44067,44343,1.0,0,0.0,0,0.0
RI_vs_PVS_2021,dev,44981,45316,44981,45316,1.0,0,0.0,0,0.0
RI_vs_PVS_2021,dev,45581,45904,45581,45904,1.0,0,0.0,0,0.0
RI_vs_PVS_2021,dev,45907,46323,45905,46323,0.9952,-2,-66.7,0,0.0
RI_vs_PVS_2021,dev,46797,47068,46798,47068,0.9963,1,33.3,0,0.0
RI_vs_PVS_2021,dev,47448,47771,47448,47771,1.0,0,0.0,0,0.0
RI_vs_PVS_2021,dev,52117,52640,52117,52640,1.0,0,0.0,0,0.0
RI_vs_PVS_2021,dev,52879,53238,52879,53238,1.0,0,0.0,0,0.0
RI_vs_PVS_2021,dev,53610,53784,53610,53784,1.0,0,0.0,0,0.0
RI_vs_PVS_2021,dev,54133,54390,54133,54390,1.0,0,0.0,0,0.0
RI_vs_PVS_2021,dev,55193,55689,55193,55689,1.0,0,0.0,0,0.0
RI_vs_PVS_2021,dev,56148,56616,56149,56616,0.9979,1,33.3,0,0.0
RI_vs_PVS_2021,dev,57240,57678,57241,57678,0.9977,1,33.3,0,0.0
RI_vs_PVS_2021,dev,58176,58442,58176,58442,1.0,0,0.0,0,0.0
RI_vs_PVS_2021,dev,58971,59266,58971,59266,1.0,0,0.0,0,0.0
RI_vs_PVS_2021,dev,59707,60106,59707,60106,1.0,0,0.0,0,0.0
RI_vs_PVS_2021,dev,60635,60885,60635,60885,1.0,0,0.0,0,0.0
RI_vs_PVS_2021,dev,61518,61966,61518,61966,1.0,0,0.0,0,0.0
RI_vs_PVS_2021,dev,62676,62994,62676,62994,1.0,0,0.0,0,0.0
RI_vs_PVS_2021,dev,63558,63856,63558,63856,1.0,0,0.0,0,0.0
RI_vs_PVS_2021,dev,64920,65565,64920,65565,1.0,0,0.0,0,0.0
RI_vs_PVS_2021,dev,67213,67937,67213,67937,1.0,0,0.0,0,0.0
RI_vs_PVS_2021,dev,68218,68625,68218,68625,1.0,0,0.0,0,0.0
RI_vs_PVS_2021,dev,69382,69992,69385,69992,0.9951,3,100.0,0,0.0
RI_vs_PVS_2021,dev,70960,71164,70960,71164,1.0,0,0.0,0,0.0
RI_vs_PVS_2021,dev,71607,71908,71607,71908,1.0,0,0.0,0,0.0
RI_vs_PVS_2021,dev,72321,72556,72322,72556,0.9958,1,33.3,0,0.0
RI_vs_PVS_2021,dev,73596,73809,73596,73809,1.0,0,0.0,0,0.0
RI_vs_PVS_2021,dev,74173,74344,74173,74344,1.0,0,0.0,0,0.0
RI_vs_PVS_2021,dev,74886,75174,74886,75174,1.0,0,0.0,0,0.0
RI_vs_PVS_2021,dev,75963,76197,75963,76197,1.0,0,0.0,0,0.0
RI_vs_PVS_2021,dev,76717,77105,76717,77105,1.0,0,0.0,0,0.0
RI_vs_PVS_2021,dev,77469,77736,77470,77736,0.9963,1,33.3,0,0.0
RI_vs_PVS_2021,dev,77956,78227,77956,78227,1.0,0,0.0,0,0.0
RI_vs_PVS_2021,dev,78713,79518,78713,79518,1.0,0,0.0,0,0.0
RI_vs_PVS_2021,dev,80272,80382,80272,80382,1.0,0,0.0,0,0.0
TTY_vs_ASY_2023,dev,12340,12844,12340,12844,1.0,0,0.0,0,0.0
TTY_vs_ASY_2023,dev,13798,14332,13798,14332,1.0,0,0.0,0,0.0
TTY_vs_ASY_2023,dev,15389,15777,15389,15777,1.0,0,0.0,0,0.0
TTY_vs_ASY_2023,dev,15800,15935,15800,15935,1.0,0,0.0,0,0.0
TTY_vs_ASY_2023,dev,16469,16720,16471,16720,0.9921,2,66.7,0,0.0
TTY_vs_ASY_2023,dev,17141,17259,17141,17259,1.0,0,0.0,0,0.0
TTY_vs_ASY_2023,dev,17291,17363,17291,17363,1.0,0,0.0,0,0.0
TTY_vs_ASY_2023,dev,17393,17630,17393,17630,1.0,0,0.0,0,0.0
TTY_vs_ASY_2023,dev,18081,18380,18081,18380,1.0,0,0.0,0,0.0
TTY_vs_ASY_2023,dev,18396,18560,18396,18560,1.0,0,0.0,0,0.0
TTY_vs_ASY_2023,dev,18582,18663,18582,18663,1.0,0,0.0,0,0.0
TTY_vs_ASY_2023,dev,19512,19808,19512,19808,1.0,0,0.0,0,0.0
TTY_vs_ASY_2023,dev,21849,22280,21849,22280,1.0,0,0.0,0,0.0
TTY_vs_ASY_2023,dev,22312,22401,22312,22401,1.0,0,0.0,0,0.0
TTY_vs_ASY_2023,dev,22448,22492,22448,22492,1.0,0,0.0,0,0.0
TTY_vs_ASY_2023,dev,22510,22657,22510,22657,1.0,0,0.0,0,0.0
TTY_vs_ASY_2023,dev,23118,23251,23118,23251,1.0,0,0.0,0,0.0
TTY_vs_ASY_2023,dev,24370,24584,24370,24584,1.0,0,0.0,0,0.0
TTY_vs_ASY_2023,dev,24923,25166,24923,25166,1.0,0,0.0,0,0.0
TTY_vs_ASY_2023,dev,25634,25927,25634,25927,1.0,0,0.0,0,0.0
TTY_vs_ASY_2023,dev,26253,26457,26253,26457,1.0,0,0.0,0,0.0
TTY_vs_ASY_2023,dev,26782,26965,26782,26965,1.0,0,0.0,0,0.0
TTY_vs_ASY_2023,dev,27010,27215,27010,27215,1.0,0,0.0,0,0.0
TTY_vs_ASY_2023,dev,28230,28973,28230,28973,1.0,0,0.0,0,0.0
TTY_vs_ASY_2023,dev,29762,30170,29762,30170,1.0,0,0.0,0,0.0
TTY_vs_ASY_2023,dev,32245,32909,32248,32909,0.9955,3,100.0,0,0.0
TTY_vs_ASY_2023,dev,33323,33621,33323,33621,1.0,0,0.0,0,0.0
TTY_vs_ASY_2023,dev,33644,33908,33644,33908,1.0,0,0.0,0,0.0
TTY_vs_ASY_2023,dev,33929,34069,33929,34069,1.0,0,0.0,0,0.0
TTY_vs_ASY_2023,dev,34829,35086,34829,35086,1.0,0,0.0,0,0.0
TTY_vs_ASY_2023,dev,35784,36068,35784,36068,1.0,0,0.0,0,0.0
TTY_vs_ASY_2023,dev,36599,36865,36599,36865,1.0,0,0.0,0,0.0
TTY_vs_ASY_2023,dev,36884,36991,36884,36991,1.0,0,0.0,0,0.0
TTY_vs_ASY_2023,dev,38351,39064,38351,39064,1.0,0,0.0,0,0.0
TTY_vs_ASY_2023,dev,39666,39913,39666,39913,1.0,0,0.0,0,0.0
TTY_vs_ASY_2023,dev,40221,40516,40221,40516,1.0,0,0.0,0,0.0
TTY_vs_ASY_2023,dev,40562,40759,40562,40759,1.0,0,0.0,0,0.0
TTY_vs_ASY_2023,dev,41555,42145,41555,42145,1.0,0,0.0,0,0.0
TTY_vs_ASY_2023,dev,42917,43426,42919,43426,0.9961,2,66.7,0,0.0
TTY_vs_ASY_2023,dev,44013,44224,44014,44224,0.9953,1,33.3,0,0.0
TTY_vs_ASY_2023,dev,44721,44917,44721,44917,1.0,0,0.0,0,0.0
TTY_vs_ASY_2023,dev,45310,45813,45310,45813,1.0,0,0.0,0,0.0
TTY_vs_ASY_2023,dev,46690,46930,46690,46930,1.0,0,0.0,0,0.0
TTY_vs_ASY_2023,dev,46948,47059,46948,47059,1.0,0,0.0,0,0.0
TTY_vs_ASY_2023,dev,47080,47431,47080,47431,1.0,0,0.0,0,0.0
TTY_vs_ASY_2023,dev,48059,48519,48061,48519,0.9957,2,66.7,0,0.0
TTY_vs_ASY_2023,dev,49974,50315,49974,50315,1.0,0,0.0,0,0.0
TTY_vs_ASY_2023,dev,50345,50563,50345,50563,1.0,0,0.0,0,0.0
TTY_vs_ASY_2023,dev,50596,50879,50596,50879,1.0,0,0.0,0,0.0
TTY_vs_ASY_2023,dev,55490,55756,55490,55756,1.0,0,0.0,0,0.0
TTY_vs_ASY_2023,dev,56096,56299,56096,56299,1.0,0,0.0,0,0.0
TTY_vs_ASY_2023,dev,56762,57079,56762,57079,1.0,0,0.0,0,0.0
TTY_vs_ASY_2023,dev,57492,57698,57493,57698,0.9952,1,33.3,0,0.0
TTY_vs_ASY_2023,dev,58275,58529,58276,58529,0.9961,1,33.3,0,0.0
TTY_vs_ASY_2023,dev,58929,59158,58929,59158,1.0,0,0.0,0,0.0
TTY_vs_ASY_2023,dev,59180,59360,59180,59360,1.0,0,0.0,0,0.0
TTY_vs_ASY_2023,dev,59397,59504,59397,59504,1.0,0,0.0,0,0.0
TTY_vs_ASY_2023,dev,59534,59825,59534,59825,1.0,0,0.0,0,0.0
TTY_vs_ASY_2023,dev,59855,59949,59855,59949,1.0,0,0.0,0,0.0
TTY_vs_ASY_2023,dev,59978,60244,59978,60244,1.0,0,0.0,0,0.0
TTY_vs_ASY_2023,dev,60267,60638,60267,60638,1.0,0,0.0,0,0.0
TTY_vs_ASY_2023,dev,60671,60959,60671,60959,1.0,0,0.0,0,0.0
TTY_vs_ASY_2023,dev,62798,63013,62798,63013,1.0,0,0.0,0,0.0
TTY_vs_ASY_2023,dev,63041,63253,63041,63253,1.0,0,0.0,0,0.0
TTY_vs_ASY_2023,dev,64266,64954,64266,64954,1.0,0,0.0,0,0.0
TTY_vs_ASY_2023,dev,66008,66206,66008,66206,1.0,0,0.0,0,0.0
TTY_vs_ASY_2023,dev,66394,67055,66394,67055,1.0,0,0.0,0,0.0
TTY_vs_ASY_2023,dev,67090,67385,67090,67385,1.0,0,0.0,0,0.0
TTY_vs_ASY_2023,dev,67407,67577,67407,67577,1.0,0,0.0,0,0.0
TTY_vs_ASY_2023,dev,67611,67714,67611,67714,1.0,0,0.0,0,0.0
TTY_vs_ASY_2023,dev,67745,68011,67745,68011,1.0,0,0.0,0,0.0
TTY_vs_ASY_2023,dev,68788,69002,68788,69002,1.0,0,0.0,0,0.0
TTY_vs_ASY_2023,dev,69522,69783,69522,69783,1.0,0,0.0,0,0.0
TTY_vs_ASY_2023,dev,71068,71649,71068,71649,1.0,0,0.0,0,0.0
TTY_vs_ASY_2023,dev,73549,73845,73555,73845,0.9798,6,200.0,0,0.0
TTY_vs_ASY_2023,dev,74782,75071,74782,75071,1.0,0,0.0,0,0.0
TTY_vs_ASY_2023,dev,76289,76423,76289,76423,1.0,0,0.0,0,0.0
TTY_vs_ASY_2023,dev,77069,77357,77069,77357,1.0,0,0.0,0,0.0
TTY_vs_ASY_2023,dev,77836,78015,77836,78015,1.0,0,0.0,0,0.0
TTY_vs_ASY_2023,dev,78539,78829,78539,78829,1.0,0,0.0,0,0.0
TTY_vs_ASY_2023,dev,79924,80252,79924,80252,1.0,0,0.0,0,0.0
TTY_vs_ASY_2023,dev,80600,80923,80600,80923,1.0,0,0.0,0,0.0
TTY_vs_ASY_2023,dev,81364,81629,81364,81629,1.0,0,0.0,0,0.0
TTY_vs_ASY_2023,dev,82046,82742,82046,82742,1.0,0,0.0,0,0.0
TTY_vs_ASY_2023,dev,84695,85083,84695,85083,1.0,0,0.0,0,0.0
TTY_vs_ASY_2023,dev,85666,86054,85666,86054,1.0,0,0.0,0,0.0
TTY_vs_ASY_2023,dev,88629,88897,88629,88897,1.0,0,0.0,0,0.0
TTY_vs_ASY_2023,dev,89450,89884,89452,89884,0.9954,2,66.7,0,0.0
TTY_vs_ASY_2023,dev,90473,91029,90475,91029,0.9964,2,66.7,0,0.0
TTY_vs_ASY_2023,dev,91658,91922,91658,91922,1.0,0,0.0,0,0.0
TTY_vs_ASY_2023,dev,91952,92120,91952,92120,1.0,0,0.0,0,0.0
TTY_vs_ASY_2023,dev,92680,93191,92680,93191,1.0,0,0.0,0,0.0
TTY_vs_ASY_2023,dev,93218,93387,93218,93387,1.0,0,0.0,0,0.0
TTY_vs_ASY_2023,dev,94781,95164,94781,95164,1.0,0,0.0,0,0.0
TTY_vs_ASY_2023,dev,95628,96457,95629,96457,0.9988,1,33.3,0,0.0
TTY_vs_ASY_2023,dev,96946,97130,96946,97130,1.0,0,0.0,0,0.0
TTY_vs_ASY_2023,dev,102051,102495,102051,102495,1.0,0,0.0,0,0.0
TTY_vs_ASY_2023,dev,102525,103139,102525,103139,1.0,0,0.0,0,0.0
TTY_vs_ASY_2023,dev,104076,104374,104076,104374,1.0,0,0.0,0,0.0
TTY_vs_ASY_2023,dev,104874,105679,104874,105679,1.0,0,0.0,0,0.0
TTY_vs_ASY_2023,dev,106263,107299,106263,107299,1.0,0,0.0,0,0.0
TTY_vs_ASY_2023,dev,108137,108751,108139,108751,0.9967,2,66.7,0,0.0
TTY_vs_ASY_2023,dev,108795,108929,108795,108929,1.0,0,0.0,0,0.0
TTY_vs_ASY_2023,dev,110256,110935,110256,110935,1.0,0,0.0,0,0.0
TTY_vs_ASY_2023,dev,111957,112366,111957,112366,1.0,0,0.0,0,0.0
TTY_vs_ASY_2023,dev,112779,113445,112779,113445,1.0,0,0.0,0,0.0
TTY_vs_ASY_2023,dev,114135,114671,114135,114671,1.0,0,0.0,0,0.0
TTY_vs_ASY_2023,dev,115437,115693,115437,115693,1.0,0,0.0,0,0.0
TTY_vs_ASY_2023,dev,116214,116716,116214,116716,1.0,0,0.0,0,0.0
TTY_vs_ASY_2023,dev,118245,118433,118245,118433,1.0,0,0.0,0,0.0
TTY_vs_ASY_2023,dev,118902,120398,118903,120398,0.9993,1,33.3,0,0.0
TTY_vs_ASY_2023,dev,120431,120561,120431,120561,1.0,0,0.0,0,0.0
TTY_vs_ASY_2023,dev,122320,122446,122320,122446,1.0,0,0.0,0,0.0
TTY_vs_ASY_2023,dev,123587,123776,123587,123776,1.0,0,0.0,0,0.0
TTY_vs_ASY_2023,dev,124222,124532,124222,124532,1.0,0,0.0,0,0.0
TTY_vs_ASY_2023,dev,125373,125911,125373,125911,1.0,0,0.0,0,0.0
TTY_vs_ASY_2023,dev,129652,130042,129652,130042,1.0,0,0.0,0,0.0
TTY_vs_ASY_2023,dev,130419,130829,130420,130829,0.9976,1,33.3,0,0.0
TTY_vs_ASY_2023,dev,133457,133660,133457,133660,1.0,0,0.0,0,0.0
TTY_vs_ASY_2023,dev,134100,134950,134097,134950,0.9965,-3,-100.0,0,0.0
TTY_vs_ASY_2023,dev,134972,135080,134972,135080,1.0,0,0.0,0,0.0
TTY_vs_ASY_2023,dev,136065,136456,136065,136456,1.0,0,0.0,0,0.0
TTY_vs_ASY_2023,dev,137010,137199,137010,137199,1.0,0,0.0,0,0.0
TTY_vs_ASY_2023,dev,137682,137989,137683,137989,0.9968,1,33.3,0,0.0
TTY_vs_ASY_2023,dev,139073,139731,139073,139731,1.0,0,0.0,0,0.0
TTY_vs_ASY_2023,dev,141056,141346,141056,141346,1.0,0,0.0,0,0.0
TTY_vs_ASY_2023,dev,141768,142070,141769,142070,0.9967,1,33.3,0,0.0
TTY_vs_ASY_2023,dev,143534,143655,143536,143655,0.9836,2,66.7,0,0.0
TTY_vs_ASY_2023,dev,144143,144735,144143,144735,1.0,0,0.0,0,0.0
TTY_vs_ASY_2023,dev,144765,145178,144765,145178,1.0,0,0.0,0,0.0
TTY_vs_ASY_2023,dev,145691,146350,145691,146350,1.0,0,0.0,0,0.0
TTY_vs_ASY_2023,dev,147056,147266,147056,147266,1.0,0,0.0,0,0.0
TTY_vs_ASY_2023,dev,147738,148354,147739,148354,0.9984,1,33.3,0,0.0
TTY_vs_ASY_2023,dev,149172,149587,149173,149587,0.9976,1,33.3,0,0.0
TTY_vs_ASY_2023,dev,150852,151442,150853,151442,0.9983,1,33.3,0,0.0
TTY_vs_ASY_2023,dev,152454,152611,152454,152611,1.0,0,0.0,0,0.0
TTY_vs_ASY_2023,dev,153442,153787,153445,153787,0.9913,3,100.0,0,0.0
TTY_vs_ASY_2023,dev,154355,154807,154355,154807,1.0,0,0.0,0,0.0
TTY_vs_ASY_2023,dev,156138,156655,156139,156655,0.9981,1,33.3,0,0.0
TTY_vs_ASY_2023,dev,157460,157941,157460,157941,1.0,0,0.0,0,0.0
TTY_vs_ASY_2023,dev,159328,159789,159331,159789,0.9935,3,100.0,0,0.0
test1,test,734,915,734,915,1.0,0,0.0,0,0.0
test1,test,1135,1469,1135,1469,1.0,0,0.0,0,0.0
test1,test,1559,1887,1559,1887,1.0,0,0.0,0,0.0
test1,test,2067,2583,2067,2583,1.0,0,0.0,0,0.0
test1,test,2673,3278,2673,3278,1.0,0,0.0,0,0.0
test1,test,3364,3707,3364,3707,1.0,0,0.0,0,0.0
test1,test,3866,4308,3866,4308,1.0,0,0.0,0,0.0
test1,test,4369,4541,4369,4541,1.0,0,0.0,0,0.0
test1,test,4684,4904,4684,4904,1.0,0,0.0,0,0.0
test1,test,5124,5338,5124,5338,1.0,0,0.0,0,0.0
test1,test,5479,5645,5479,5645,1.0,0,0.0,0,0.0
test1,test,5695,5860,5695,5860,1.0,0,0.0,0,0.0
test1,test,6051,6248,6051,6248,1.0,0,0.0,0,0.0
test1,test,6330,6632,6330,6632,1.0,0,0.0,0,0.0
test1,test,6671,7061,6671,7061,1.0,0,0.0,0,0.0
test1,test,7411,8073,7411,8073,1.0,0,0.0,0,0.0
test1,test,8271,8520,8271,8520,1.0,0,0.0,0,0.0
test1,test,8756,9208,8756,9208,1.0,0,0.0,0,0.0
test1,test,9382,10084,9382,10084,1.0,0,0.0,0,0.0
test1,test,10292,10816,10292,10816,1.0,0,0.0,0,0.0
test1,test,10934,11289,10934,11289,1.0,0,0.0,0,0.0
test1,test,11575,11785,11575,11785,1.0,0,0.0,0,0.0
test2,test,13160,13411,13160,13411,1.0,0,0.0,0,0.0
test2,test,16630,17038,16630,17038,1.0,0,0.0,0,0.0
test2,test,17623,18070,17623,18070,1.0,0,0.0,0,0.0
test2,test,18291,18661,18291,18661,1.0,0,0.0,0,0.0
test2,test,19059,19262,19059,19262,1.0,0,0.0,0,0.0
test2,test,19568,19609,19570,19609,0.9524,2,80.0,0,0.0
test2,test,19862,20734,19862,20734,1.0,0,0.0,0,0.0
test2,test,21349,22072,21349,22072,1.0,0,0.0,0,0.0
test2,test,22493,22658,22493,22658,1.0,0,0.0,0,0.0
test2,test,22991,23261,22991,23261,1.0,0,0.0,0,0.0
test2,test,23507,23692,23507,23692,1.0,0,0.0,0,0.0
test2,test,24822,25506,24822,25506,1.0,0,0.0,0,0.0
test2,test,26046,26387,26046,26387,1.0,0,0.0,0,0.0
test2,test,26680,27051,26680,27051,1.0,0,0.0,0,0.0
test2,test,27462,27648,27462,27648,1.0,0,0.0,0,0.0
test2,test,28015,28238,28018,28238,0.9866,3,120.0,0,0.0
test2,test,28652,29646,28652,29646,1.0,0,0.0,0,0.0
test2,test,30275,30765,30277,30765,0.9959,2,80.0,0,0.0
test2,test,31814,32071,31814,32071,1.0,0,0.0,0,0.0
test2,test,32384,33216,32384,33216,1.0,0,0.0,0,0.0
test2,test,33815,34303,33815,34303,1.0,0,0.0,0,0.0
test2,test,34992,35223,34992,35223,1.0,0,0.0,0,0.0
test2,test,36810,37179,36811,37179,0.9973,1,40.0,0,0.0
test2,test,37532,38378,37534,38378,0.9976,2,80.0,0,0.0
test2,test,39360,39546,39360,39546,1.0,0,0.0,0,0.0
test2,test,39725,39996,39725,39996,1.0,0,0.0,0,0.0
test2,test,41208,41789,41208,41789,1.0,0,0.0,0,0.0
test2,test,42289,42610,42289,42610,1.0,0,0.0,0,0.0
test2,test,43156,43625,43156,43625,1.0,0,0.0,0,0.0
test2,test,44127,44359,44127,44359,1.0,0,0.0,0,0.0
test2,test,44838,44957,44838,44957,1.0,0,0.0,0,0.0
test2,test,45216,45843,45217,45843,0.9984,1,40.0,0,0.0
test2,test,46582,46770,46582,46770,1.0,0,0.0,0,0.0
test2,test,47269,47775,47269,47775,1.0,0,0.0,0,0.0
test2,test,48194,48946,48194,48946,1.0,0,0.0,0,0.0
test2,test,50276,50978,50276,50978,1.0,0,0.0,0,0.0
test2,test,51765,52120,51765,52120,1.0,0,0.0,0,0.0
test2,test,53063,53725,53063,53725,1.0,0,0.0,0,0.0
test2,test,54323,54627,54325,54627,0.9934,2,80.0,0,0.0
test2,test,54912,54966,54912,54966,1.0,0,0.0,0,0.0
test2,test,55191,55520,55191,55520,1.0,0,0.0,0,0.0
test2,test,56386,57101,56386,57101,1.0,0,0.0,0,0.0
test2,test,57639,57778,57640,57778,0.9929,1,40.0,0,0.0
test2,test,57944,58221,57944,58221,1.0,0,0.0,0,0.0
test2,test,59164,59722,59164,59722,1.0,0,0.0,0,0.0
test2,test,61163,61410,61163,61410,1.0,0,0.0,0,0.0
test2,test,64681,64935,64681,64935,1.0,0,0.0,0,0.0
test2,test,65085,65852,65085,65852,1.0,0,0.0,0,0.0
test2,test,66659,67145,66661,67145,0.9959,2,80.0,0,0.0
test2,test,67476,68166,67476,68166,1.0,0,0.0,0,0.0
test2,test,68809,69092,68809,69092,1.0,0,0.0,0,0.0
test2,test,70120,70413,70120,70413,1.0,0,0.0,0,0.0
test2,test,71221,71505,71221,71505,1.0,0,0.0,0,0.0
test2,test,72424,72512,72424,72512,1.0,0,0.0,0,0.0
test2,test,72761,73755,72761,73755,1.0,0,0.0,0,0.0
test2,test,74272,74414,74272,74414,1.0,0,0.0,0,0.0
test2,test,74889,75003,74890,75003,0.9913,1,40.0,0,0.0
test2,test,75206,75626,75206,75626,1.0,0,0.0,0,0.0
test2,test,75847,76123,75847,76123,1.0,0,0.0,0,0.0
test2,test,76521,76830,76522,76830,0.9968,1,40.0,0,0.0
test2,test,78524,78752,78524,78752,1.0,0,0.0,0,0.0
test2,test,79029,79304,79029,79304,1.0,0,0.0,0,0.0
test2,test,79530,79864,79531,79864,0.997,1,40.0,0,0.0
test2,test,80145,80398,80146,80398,0.9961,1,40.0,0,0.0
test2,test,80751,81060,80752,81060,0.9968,1,40.0,0,0.0
test2,test,81377,81442,81377,81442,1.0,0,0.0,0,0.0
test2,test,81557,82317,81557,82317,1.0,0,0.0,0,0.0
test2,test,82856,83213,82856,83213,1.0,0,0.0,0,0.0
test2,test,84263,84587,84263,84587,1.0,0,0.0,0,0.0
test2,test,85329,85719,85329,85719,1.0,0,0.0,0,0.0
test2,test,86035,86254,86035,86254,1.0,0,0.0,0,0.0
test2,test,86595,86858,86595,86858,1.0,0,0.0,0,0.0
test2,test,87267,87474,87267,87474,1.0,0,0.0,0,0.0
test2,test,87712,88080,87715,88080,0.9919,3,120.0,0,0.0
test2,test,88444,88693,88444,88693,1.0,0,0.0,0,0.0
test2,test,88958,89423,88958,89423,1.0,0,0.0,0,0.0
test2,test,89722,90141,89722,90141,1.0,0,0.0,0,0.0
test2,test,90423,90618,90423,90618,1.0,0,0.0,0,0.0
test2,test,90864,90940,90865,90940,0.987,1,40.0,0,0.0
test2,test,91331,91929,91331,91929,1.0,0,0.0,0,0.0
test2,test,92452,92732,92452,92732,1.0,0,0.0,0,0.0
test2,test,92991,93329,92991,93329,1.0,0,0.0,0,0.0
test2,test,96427,97520,96427,97520,1.0,0,0.0,0,0.0
test2,test,98020,98500,98020,98500,1.0,0,0.0,0,0.0
test2,test,99030,99485,99030,99485,1.0,0,0.0,0,0.0
test2,test,100630,100960,100630,100960,1.0,0,0.0,0,0.0
test2,test,101248,101446,101248,101446,1.0,0,0.0,0,0.0
test2,test,101861,101918,101863,101918,0.9655,2,80.0,0,0.0
test2,test,101985,102155,101985,102155,1.0,0,0.0,0,0.0
test2,test,102419,102795,102421,102795,0.9947,2,80.0,0,0.0
test2,test,103246,103511,103246,103511,1.0,0,0.0,0,0.0
test2,test,104137,104227,104140,104227,0.967,3,120.0,0,0.0
test2,test,104278,104360,104278,104360,1.0,0,0.0,0,0.0
test2,test,104581,105055,104581,105055,1.0,0,0.0,0,0.0
test2,test,105558,105839,105558,105839,1.0,0,0.0,0,0.0
test2,test,106313,107476,106313,107476,1.0,0,0.0,0,0.0
test2,test,108957,109010,108958,109010,0.9815,1,40.0,0,0.0
test2,test,109153,109366,109153,109366,1.0,0,0.0,0,0.0
test2,test,109596,109822,109597,109822,0.9956,1,40.0,0,0.0
test2,test,111060,111366,111060,111366,1.0,0,0.0,0,0.0
test2,test,111788,111893,111788,111893,1.0,0,0.0,0,0.0
test2,test,111986,112870,111986,112870,1.0,0,0.0,0,0.0
test2,test,113259,113459,113260,113459,0.995,1,40.0,0,0.0
test2,test,113782,114339,113785,114339,0.9946,3,120.0,0,0.0
test2,test,114701,115211,114703,115211,0.9961,2,80.0,0,0.0
test2,test,117092,118184,117092,118184,1.0,0,0.0,0,0.0
test2,test,118826,120219,118826,120219,1.0,0,0.0,0,0.0
test2,test,121206,121655,121206,121655,1.0,0,0.0,0,0.0
test2,test,122173,122448,122173,122448,1.0,0,0.0,0,0.0
test2,test,122808,123127,122809,123127,0.9969,1,40.0,0,0.0
test2,test,123411,123716,123411,123716,1.0,0,0.0,0,0.0
test2,test,124394,124641,124394,124641,1.0,0,0.0,0,0.0
test2,test,125286,125600,125286,125600,1.0,0,0.0,0,0.0
test2,test,126181,126468,126181,126468,1.0,0,0.0,0,0.0
test2,test,126985,127411,126985,127411,1.0,0,0.0,0,0.0
test2,test,127955,128208,127955,128202,0.9764,0,0.0,-6,-240.0
test2,test,128566,129031,128566,129031,1.0,0,0.0,0,0.0
test2,test,129562,129888,129562,129888,1.0,0,0.0,0,0.0
test2,test,130272,130686,130272,130686,1.0,0,0.0,0,0.0
test2,test,131130,131174,131130,131174,1.0,0,0.0,0,0.0
test2,test,131273,131637,131273,131637,1.0,0,0.0,0,0.0
test3,test,16716,17194,16717,17194,0.9979,1,40.0,0,0.0
test3,test,17486,17866,17486,17866,1.0,0,0.0,0,0.0
test3,test,18164,18477,18164,18477,1.0,0,0.0,0,0.0
test3,test,19539,19642,19539,19642,1.0,0,0.0,0,0.0
test3,test,19799,20555,19799,20555,1.0,0,0.0,0,0.0
test3,test,20946,21787,20946,21787,1.0,0,0.0,0,0.0
test3,test,21823,21903,21823,21903,1.0,0,0.0,0,0.0
test3,test,22255,22685,22255,22685,1.0,0,0.0,0,0.0
test3,test,23236,23574,23236,23574,1.0,0,0.0,0,0.0
test3,test,24474,24696,24474,24696,1.0,0,0.0,0,0.0
test3,test,25767,25932,25767,25932,1.0,0,0.0,0,0.0
test3,test,26405,26957,26405,26957,1.0,0,0.0,0,0.0
test3,test,27393,27924,27393,27924,1.0,0,0.0,0,0.0
test3,test,29928,30099,29928,30099,1.0,0,0.0,0,0.0
test3,test,30305,30665,30305,30665,1.0,0,0.0,0,0.0
test3,test,30980,31235,30980,31235,1.0,0,0.0,0,0.0
test3,test,31631,31994,31631,31994,1.0,0,0.0,0,0.0
test3,test,32333,32692,32333,32692,1.0,0,0.0,0,0.0
test3,test,33430,33839,33430,33839,1.0,0,0.0,0,0.0
test3,test,35630,36506,35632,36506,0.9977,2,80.0,0,0.0
test3,test,37284,37376,37284,37376,1.0,0,0.0,0,0.0
test3,test,37669,38011,37669,38011,1.0,0,0.0,0,0.0
test3,test,38579,38759,38579,38759,1.0,0,0.0,0,0.0
test3,test,39093,39425,39093,39425,1.0,0,0.0,0,0.0
test3,test,39805,39970,39805,39970,1.0,0,0.0,0,0.0
test3,test,40282,40498,40282,40498,1.0,0,0.0,0,0.0
test3,test,41911,42128,41911,42128,1.0,0,0.0,0,0.0
test3,test,42495,42945,42495,42945,1.0,0,0.0,0,0.0
test3,test,43543,44145,43543,44145,1.0,0,0.0,0,0.0
test3,test,44823,44966,44823,44966,1.0,0,0.0,0,0.0
test3,test,45205,45563,45205,45563,1.0,0,0.0,0,0.0
test3,test,45936,46404,45936,46404,1.0,0,0.0,0,0.0
test3,test,49675,49956,49678,49956,0.9894,3,120.0,0,0.0
test3,test,50148,50353,50148,50353,1.0,0,0.0,0,0.0
test3,test,50959,51227,50959,51227,1.0,0,0.0,0,0.0
test3,test,51499,51860,51499,51860,1.0,0,0.0,0,0.0
test3,test,52320,52632,52320,52632,1.0,0,0.0,0,0.0
test3,test,52918,53185,52918,53185,1.0,0,0.0,0,0.0
test3,test,53611,53793,53611,53793,1.0,0,0.0,0,0.0
test3,test,54576,54919,54576,54919,1.0,0,0.0,0,0.0
test3,test,56013,56681,56013,56681,1.0,0,0.0,0,0.0
test3,test,57085,57899,57085,57899,1.0,0,0.0,0,0.0
test3,test,58504,58682,58504,58682,1.0,0,0.0,0,0.0
test3,test,59036,59195,59036,59195,1.0,0,0.0,0,0.0
test3,test,59530,59757,59530,59757,1.0,0,0.0,0,0.0
test3,test,60149,60281,60149,60281,1.0,0,0.0,0,0.0
test3,test,60611,60951,60611,60951,1.0,0,0.0,0,0.0
test3,test,62018,62187,62018,62187,1.0,0,0.0,0,0.0
test3,test,63974,64379,63974,64379,1.0,0,0.0,0,0.0
test3,test,64691,65082,64691,65082,1.0,0,0.0,0,0.0
test3,test,65370,65540,65370,65540,1.0,0,0.0,0,0.0
test3,test,65766,65921,65766,65921,1.0,0,0.0,0,0.0
test3,test,66172,66553,66172,66553,1.0,0,0.0,0,0.0
test3,test,66914,67453,66914,67453,1.0,0,0.0,0,0.0
test3,test,67810,68139,67810,68139,1.0,0,0.0,0,0.0
test3,test,68454,69078,68454,69078,1.0,0,0.0,0,0.0
test3,test,69460,69627,69460,69627,1.0,0,0.0,0,0.0
test3,test,69822,70069,69822,70069,1.0,0,0.0,0,0.0
test3,test,70505,70635,70505,70635,1.0,0,0.0,0,0.0
test3,test,70859,71166,70861,71166,0.9935,2,80.0,0,0.0
test3,test,71342,71769,71342,71769,1.0,0,0.0,0,0.0
test3,test,72171,72889,72171,72889,1.0,0,0.0,0,0.0
test3,test,73469,73919,73469,73919,1.0,0,0.0,0,0.0
test3,test,77217,77635,77218,77635,0.9976,1,40.0,0,0.0
test3,test,77964,78473,77964,78473,1.0,0,0.0,0,0.0
test3,test,78912,79590,78912,79590,1.0,0,0.0,0,0.0
test3,test,80243,80579,80243,80579,1.0,0,0.0,0,0.0
test3,test,80961,81283,80961,81283,1.0,0,0.0,0,0.0
test3,test,81712,82863,81712,82863,1.0,0,0.0,0,0.0
test3,test,84352,84868,84352,84868,1.0,0,0.0,0,0.0
test3,test,85424,85877,85424,85877,1.0,0,0.0,0,0.0
test3,test,87556,88226,87556,88226,1.0,0,0.0,0,0.0
test3,test,89017,89259,89017,89259,1.0,0,0.0,0,0.0
test3,test,89855,90065,89855,90065,1.0,0,0.0,0,0.0
test3,test,91236,91442,91236,91442,1.0,0,0.0,0,0.0
test3,test,92008,92549,92008,92549,1.0,0,0.0,0,0.0
test3,test,93304,93761,93304,93761,1.0,0,0.0,0,0.0
test3,test,94231,94471,94231,94471,1.0,0,0.0,0,0.0
test3,test,94892,95497,94892,95497,1.0,0,0.0,0,0.0
test3,test,96089,96416,96089,96416,1.0,0,0.0,0,0.0
test3,test,99030,99552,99030,99552,1.0,0,0.0,0,0.0
test3,test,101023,101281,101023,101281,1.0,0,0.0,0,0.0
test3,test,101776,102064,101776,102064,1.0,0,0.0,0,0.0
test3,test,103429,103824,103429,103824,1.0,0,0.0,0,0.0
test3,test,104527,104669,104527,104669,1.0,0,0.0,0,0.0
test3,test,105015,105407,105015,105407,1.0,0,0.0,0,0.0
test3,test,105441,105532,105441,105532,1.0,0,0.0,0,0.0
test3,test,106328,106951,106328,106951,1.0,0,0.0,0,0.0
test3,test,106982,107089,106982,107089,1.0,0,0.0,0,0.0
test3,test,107950,108393,107950,108393,1.0,0,0.0,0,0.0
test3,test,109032,109150,109032,109150,1.0,0,0.0,0,0.0
test3,test,110955,111195,110955,111195,1.0,0,0.0,0,0.0
test3,test,111778,111987,111778,111987,1.0,0,0.0,0,0.0
test3,test,112516,112778,112516,112778,1.0,0,0.0,0,0.0
test3,test,113310,113640,113310,113640,1.0,0,0.0,0,0.0
test3,test,114094,114288,114094,114288,1.0,0,0.0,0,0.0
test3,test,114867,115319,114867,115319,1.0,0,0.0,0,0.0
test3,test,115695,116468,115695,116468,1.0,0,0.0,0,0.0
test4,test,13196,13734,13196,13734,1.0,0,0.0,0,0.0
test4,test,14245,14793,14245,14793,1.0,0,0.0,0,0.0
test4,test,15454,15587,15454,15587,1.0,0,0.0,0,0.0
test4,test,15851,16595,15853,16595,0.9973,2,80.0,0,0.0
test4,test,17048,17214,17048,17214,1.0,0,0.0,0,0.0
test4,test,17557,18005,17557,18005,1.0,0,0.0,0,0.0
test4,test,18563,18759,18563,18759,1.0,0,0.0,0,0.0
test4,test,18959,19312,18959,19312,1.0,0,0.0,0,0.0
test4,test,19845,20066,19845,20066,1.0,0,0.0,0,0.0
test4,test,20335,20704,20335,20704,1.0,0,0.0,0,0.0
test4,test,21062,21401,21062,21401,1.0,0,0.0,0,0.0
test4,test,21812,22440,21812,22440,1.0,0,0.0,0,0.0
test4,test,22911,23266,22912,23266,0.9972,1,40.0,0,0.0
test4,test,23871,24122,23871,24122,1.0,0,0.0,0,0.0
test4,test,24427,24649,24427,24649,1.0,0,0.0,0,0.0
test4,test,26394,26832,26395,26832,0.9977,1,40.0,0,0.0
test4,test,27823,28203,27826,28203,0.9921,3,120.0,0,0.0
test4,test,28605,28697,28609,28697,0.957,4,160.0,0,0.0
test4,test,28911,29475,28911,29475,1.0,0,0.0,0,0.0
test4,test,30050,30864,30050,30864,1.0,0,0.0,0,0.0
test4,test,32047,32529,32050,32529,0.9938,3,120.0,0,0.0
test4,test,32759,32989,32759,32989,1.0,0,0.0,0,0.0
test4,test,33313,33510,33313,33510,1.0,0,0.0,0,0.0
test4,test,33855,34190,33856,34190,0.997,1,40.0,0,0.0
test4,test,34724,35208,34724,35208,1.0,0,0.0,0,0.0
test4,test,35732,36148,35734,36148,0.9952,2,80.0,0,0.0
test4,test,36665,37038,36665,37038,1.0,0,0.0,0,0.0
test4,test,38343,38671,38343,38671,1.0,0,0.0,0,0.0
test4,test,39258,39474,39258,39474,1.0,0,0.0,0,0.0
test4,test,39928,40126,39928,40126,1.0,0,0.0,0,0.0
test4,test,40691,41224,40691,41224,1.0,0,0.0,0,0.0
test4,test,41993,42342,41993,42342,1.0,0,0.0,0,0.0
test4,test,43023,43579,43023,43579,1.0,0,0.0,0,0.0
test4,test,44117,44152,44119,44152,0.9444,2,80.0,0,0.0
test4,test,45053,45414,45053,45414,1.0,0,0.0,0,0.0
test4,test,46276,46551,46276,46551,1.0,0,0.0,0,0.0
test4,test,47096,47231,47096,47231,1.0,0,0.0,0,0.0
test4,test,47602,47901,47602,47901,1.0,0,0.0,0,0.0
test4,test,48285,49140,48285,49140,1.0,0,0.0,0,0.0
test4,test,52954,53329,52954,53329,1.0,0,0.0,0,0.0
test4,test,53821,53939,53821,53939,1.0,0,0.0,0,0.0
test4,test,54321,55012,54321,55012,1.0,0,0.0,0,0.0
test4,test,55598,55839,55598,55839,1.0,0,0.0,0,0.0
test4,test,56128,56505,56128,56505,1.0,0,0.0,0,0.0
test4,test,56913,57232,56914,57232,0.9969,1,40.0,0,0.0
test4,test,57611,57924,57613,57924,0.9936,2,80.0,0,0.0
test4,test,58405,58975,58405,58975,1.0,0,0.0,0,0.0
test4,test,59440,59652,59440,59652,1.0,0,0.0,0,0.0
test4,test,61026,61237,61026,61237,1.0,0,0.0,0,0.0
test4,test,61579,61827,61579,61827,1.0,0,0.0,0,0.0
test4,test,62591,62800,62591,62800,1.0,0,0.0,0,0.0
test4,test,63189,63412,63190,63412,0.9955,1,40.0,0,0.0
test4,test,63790,64570,63790,64570,1.0,0,0.0,0,0.0
test4,test,65892,66148,65892,66141,0.9728,0,0.0,-7,-280.0
test4,test,66635,66884,66635,66884,1.0,0,0.0,0,0.0
test4,test,67324,67955,67324,67955,1.0,0,0.0,0,0.0
test4,test,68535,68635,68535,68635,1.0,0,0.0,0,0.0
test4,test,69157,69600,69157,69600,1.0,0,0.0,0,0.0
test4,test,70065,70313,70065,70313,1.0,0,0.0,0,0.0
test4,test,72172,72787,72172,72787,1.0,0,0.0,0,0.0
test4,test,73042,73649,73042,73649,1.0,0,0.0,0,0.0
test4,test,74167,74518,74167,74518,1.0,0,0.0,0,0.0
test4,test,75385,75505,75385,75505,1.0,0,0.0,0,0.0
test4,test,76175,76401,76175,76401,1.0,0,0.0,0,0.0
test4,test,76698,76988,76699,76988,0.9966,1,40.0,0,0.0
test4,test,77448,77686,77448,77686,1.0,0,0.0,0,0.0
test4,test,78284,78935,78284,78935,1.0,0,0.0,0,0.0
test4,test,79603,79906,79603,79906,1.0,0,0.0,0,0.0
test4,test,81360,81899,81360,81899,1.0,0,0.0,0,0.0
test4,test,83260,83444,83260,83444,1.0,0,0.0,0,0.0
test4,test,83761,83889,83761,83889,1.0,0,0.0,0,0.0
test4,test,84471,84844,84471,84844,1.0,0,0.0,0,0.0
test4,test,85232,85553,85234,85553,0.9938,2,80.0,0,0.0
test4,test,86274,86471,86274,86471,1.0,0,0.0,0,0.0
test4,test,87157,87310,87157,87310,1.0,0,0.0,0,0.0
test4,test,87912,88636,87912,88636,1.0,0,0.0,0,0.0
test4,test,90539,90682,90539,90682,1.0,0,0.0,0,0.0
test5,test,19292,19618,19292,19618,1.0,0,0.0,0,0.0
test5,test,19890,20087,19890,20087,1.0,0,0.0,0,0.0
test5,test,20328,20938,20329,20938,0.9984,1,40.0,0,0.0
test5,test,21231,21949,21231,21949,1.0,0,0.0,0,0.0
test5,test,22104,22579,22104,22579,1.0,0,0.0,0,0.0
test5,test,22960,23110,22960,23110,1.0,0,0.0,0,0.0
test5,test,23401,23602,23401,23602,1.0,0,0.0,0,0.0
test5,test,23951,24114,23953,24114,0.9878,2,80.0,0,0.0
test5,test,24382,24633,24385,24633,0.9881,3,120.0,0,0.0
test5,test,25932,26056,25932,26056,1.0,0,0.0,0,0.0
test5,test,26170,26686,26170,26686,1.0,0,0.0,0,0.0
test5,test,27005,27727,27005,27727,1.0,0,0.0,0,0.0
test5,test,29060,29234,29060,29234,1.0,0,0.0,0,0.0
test5,test,29501,29690,29501,29690,1.0,0,0.0,0,0.0
test5,test,30061,30251,30061,30251,1.0,0,0.0,0,0.0
test5,test,30795,31164,30795,31164,1.0,0,0.0,0,0.0
test5,test,31567,31672,31567,31672,1.0,0,0.0,0,0.0
test5,test,32853,33815,32853,33815,1.0,0,0.0,0,0.0
test5,test,35287,35470,35287,35470,1.0,0,0.0,0,0.0
test5,test,37078,37572,37078,37572,1.0,0,0.0,0,0.0
test5,test,38318,38651,38318,38651,1.0,0,0.0,0,0.0
test5,test,39026,39217,39026,39217,1.0,0,0.0,0,0.0
test5,test,39648,39793,39648,39793,1.0,0,0.0,0,0.0
test5,test,40042,40466,40042,40466,1.0,0,0.0,0,0.0
test5,test,41427,41867,41427,41867,1.0,0,0.0,0,0.0
test5,test,42285,42610,42285,42610,1.0,0,0.0,0,0.0
test5,test,42988,43517,42988,43517,1.0,0,0.0,0,0.0
test5,test,43886,44335,43886,44335,1.0,0,0.0,0,0.0
test5,test,45292,45461,45292,45461,1.0,0,0.0,0,0.0
test5,test,45840,46092,45840,46092,1.0,0,0.0,0,0.0
test5,test,46400,46781,46402,46781,0.9948,2,80.0,0,0.0
test5,test,47202,47613,47202,47613,1.0,0,0.0,0,0.0
test5,test,48910,49118,48910,49118,1.0,0,0.0,0,0.0
test5,test,49499,49926,49499,49926,1.0,0,0.0,0,0.0
test5,test,50270,50722,50270,50722,1.0,0,0.0,0,0.0
test5,test,54169,54380,54169,54380,1.0,0,0.0,0,0.0
test5,test,54554,54661,54554,54661,1.0,0,0.0,0,0.0
test5,test,54799,54986,54799,54986,1.0,0,0.0,0,0.0
test5,test,55167,55459,55167,55459,1.0,0,0.0,0,0.0
test5,test,55701,55950,55702,55950,0.996,1,40.0,0,0.0
test5,test,56229,56658,56229,56658,1.0,0,0.0,0,0.0
test5,test,56897,57085,56897,57085,1.0,0,0.0,0,0.0
test5,test,57371,57626,57371,57626,1.0,0,0.0,0,0.0
test5,test,58106,58509,58106,58509,1.0,0,0.0,0,0.0
test5,test,58865,59257,58865,59257,1.0,0,0.0,0,0.0
test5,test,59554,60463,59554,60463,1.0,0,0.0,0,0.0
test5,test,60789,61178,60790,61178,0.9974,1,40.0,0,0.0
test5,test,61713,61918,61713,61918,1.0,0,0.0,0,0.0
test5,test,62790,62997,62790,62997,1.0,0,0.0,0,0.0
test5,test,64141,64330,64141,64330,1.0,0,0.0,0,0.0
test5,test,64740,65146,64740,65146,1.0,0,0.0,0,0.0
test5,test,65520,65750,65520,65750,1.0,0,0.0,0,0.0
test5,test,66863,67206,66863,67206,1.0,0,0.0,0,0.0
test5,test,69303,69562,69303,69552,0.9615,0,0.0,-10,-400.0
test5,test,70003,70209,70003,70209,1.0,0,0.0,0,0.0
test5,test,70478,70602,70478,70602,1.0,0,0.0,0,0.0
test5,test,70809,70932,70809,70932,1.0,0,0.0,0,0.0
test5,test,71333,71506,71333,71506,1.0,0,0.0,0,0.0
test5,test,71695,71976,71695,71976,1.0,0,0.0,0,0.0
test5,test,72223,72686,72223,72686,1.0,0,0.0,0,0.0
test5,test,72998,73169,72998,73169,1.0,0,0.0,0,0.0
test5,test,73419,73890,73419,73890,1.0,0,0.0,0,0.0
test5,test,74689,75119,74689,75119,1.0,0,0.0,0,0.0
test5,test,75413,75694,75413,75694,1.0,0,0.0,0,0.0
test5,test,76731,76867,76731,76867,1.0,0,0.0,0,0.0
test5,test,77252,77527,77252,77527,1.0,0,0.0,0,0.0
test5,test,77839,78057,77839,78057,1.0,0,0.0,0,0.0
test5,test,78317,78590,78317,78590,1.0,0,0.0,0,0.0
test5,test,79412,79756,79412,79756,1.0,0,0.0,0,0.0
test5,test,80024,80458,80024,80458,1.0,0,0.0,0,0.0
test6,test,14141,15011,14141,15011,1.0,0,0.0,0,0.0
test6,test,15413,15491,15413,15491,1.0,0,0.0,0,0.0
test6,test,15798,16373,15798,16373,1.0,0,0.0,0,0.0
test6,test,16659,17086,16660,17086,0.9977,1,40.0,0,0.0
test6,test,17663,17912,17663,17912,1.0,0,0.0,0,0.0
test6,test,18464,18798,18464,18798,1.0,0,0.0,0,0.0
test6,test,19377,19822,19377,19822,1.0,0,0.0,0,0.0
test6,test,20129,20443,20129,20443,1.0,0,0.0,0,0.0
test6,test,20722,20900,20722,20900,1.0,0,0.0,0,0.0
test6,test,21238,21465,21238,21465,1.0,0,0.0,0,0.0
test6,test,21787,22650,21787,22650,1.0,0,0.0,0,0.0
test6,test,23141,23247,23141,23247,1.0,0,0.0,0,0.0
test6,test,23570,24502,23570,24502,1.0,0,0.0,0,0.0
test6,test,25648,26809,25648,26809,1.0,0,0.0,0,0.0
test6,test,27295,27911,27295,27911,1.0,0,0.0,0,0.0
test6,test,28610,28902,28610,28902,1.0,0,0.0,0,0.0
test6,test,29397,29596,29397,29596,1.0,0,0.0,0,0.0
test6,test,29958,30118,29958,30118,1.0,0,0.0,0,0.0
test6,test,31112,31882,31112,31882,1.0,0,0.0,0,0.0
test6,test,32534,33041,32534,33041,1.0,0,0.0,0,0.0
test6,test,33478,34384,33478,34384,1.0,0,0.0,0,0.0
test6,test,36259,36970,36259,36970,1.0,0,0.0,0,0.0
test6,test,37666,37773,37666,37773,1.0,0,0.0,0,0.0
test6,test,38050,38543,38050,38543,1.0,0,0.0,0,0.0
test6,test,39039,39214,39039,39214,1.0,0,0.0,0,0.0
test6,test,39829,40229,39829,40229,1.0,0,0.0,0,0.0
test6,test,42127,42333,42127,42333,1.0,0,0.0,0,0.0
test6,test,45806,46033,45806,46033,1.0,0,0.0,0,0.0
test6,test,46986,47306,46986,47306,1.0,0,0.0,0,0.0
test6,test,47671,48096,47671,48096,1.0,0,0.0,0,0.0
test6,test,48728,49773,48728,49773,1.0,0,0.0,0,0.0
test6,test,51001,51251,51001,51251,1.0,0,0.0,0,0.0
test6,test,51630,52276,51630,52276,1.0,0,0.0,0,0.0
test6,test,52761,53010,52761,53010,1.0,0,0.0,0,0.0
test6,test,53469,53978,53469,53978,1.0,0,0.0,0,0.0
test6,test,54546,55415,54546,55415,1.0,0,0.0,0,0.0
test6,test,57035,57776,57035,57776,1.0,0,0.0,0,0.0
test6,test,61220,61884,61220,61884,1.0,0,0.0,0,0.0
test6,test,62204,62398,62203,62398,0.9949,-1,-40.0,0,0.0
test6,test,62911,63390,62911,63390,1.0,0,0.0,0,0.0
test6,test,63750,64130,63748,64130,0.9948,-2,-80.0,0,0.0
test6,test,64531,64956,64531,64956,1.0,0,0.0,0,0.0
test6,test,65513,65760,65513,65760,1.0,0,0.0,0,0.0
test6,test,69612,70102,69612,70102,1.0,0,0.0,0,0.0
test6,test,70480,70793,70480,70793,1.0,0,0.0,0,0.0
test6,test,71307,71681,71307,71681,1.0,0,0.0,0,0.0
test6,test,72096,72639,72096,72639,1.0,0,0.0,0,0.0
test6,test,73293,73482,73293,73482,1.0,0,0.0,0,0.0
test6,test,73743,74677,73743,74677,1.0,0,0.0,0,0.0
test6,test,75832,76248,75832,76248,1.0,0,0.0,0,0.0
test6,test,76686,77049,76684,77049,0.9945,-2,-80.0,0,0.0
test6,test,78121,78850,78121,78850,1.0,0,0.0,0,0.0
test6,test,79644,80109,79644,80109,1.0,0,0.0,0,0.0
test6,test,81807,82128,81807,82128,1.0,0,0.0,0,0.0
test6,test,82677,82878,82677,82878,1.0,0,0.0,0,0.0
test6,test,83354,83541,83353,83541,0.9947,-1,-40.0,0,0.0
test6,test,83972,84133,83972,84133,1.0,0,0.0,0,0.0
test6,test,84533,84745,84533,84745,1.0,0,0.0,0,0.0
test6,test,85091,85434,85091,85434,1.0,0,0.0,0,0.0
test6,test,86646,87389,86646,87389,1.0,0,0.0,0,0.0
test6,test,88201,88371,88201,88371,1.0,0,0.0,0,0.0
test6,test,88842,89471,88842,89471,1.0,0,0.0,0,0.0
test6,test,89854,90100,89854,90100,1.0,0,0.0,0,0.0
test6,test,90635,91162,90634,91162,0.9981,-1,-40.0,0,0.0
test6,test,91515,91719,91515,91719,1.0,0,0.0,0,0.0
test6,test,92314,92543,92314,92543,1.0,0,0.0,0,0.0
test6,test,92995,93167,92995,93167,1.0,0,0.0,0,0.0
test6,test,93568,93986,93568,93986,1.0,0,0.0,0,0.0
test6,test,94424,94579,94424,94579,1.0,0,0.0,0,0.0
test7,test,8575,8778,8575,8778,1.0,0,0.0,0,0.0
test7,test,9663,9774,9663,9774,1.0,0,0.0,0,0.0
test7,test,10331,10747,10333,10747,0.9952,2,80.0,0,0.0
test7,test,11017,11282,11017,11282,1.0,0,0.0,0,0.0
test7,test,11619,11851,11620,11851,0.9957,1,40.0,0,0.0
test7,test,12111,12396,12111,12396,1.0,0,0.0,0,0.0
test7,test,12679,12962,12679,12962,1.0,0,0.0,0,0.0
test7,test,13392,13603,13392,13603,1.0,0,0.0,0,0.0
test7,test,13909,14919,13909,14919,1.0,0,0.0,0,0.0
test7,test,16078,16634,16078,16634,1.0,0,0.0,0,0.0
test7,test,16881,17149,16881,17149,1.0,0,0.0,0,0.0
test7,test,17473,17789,17473,17789,1.0,0,0.0,0,0.0
test7,test,18052,18543,18052,18543,1.0,0,0.0,0,0.0
test7,test,19399,19836,19399,19836,1.0,0,0.0,0,0.0
test7,test,21139,21333,21139,21333,1.0,0,0.0,0,0.0
test7,test,21717,21971,21718,21971,0.9961,1,40.0,0,0.0
test7,test,22538,22774,22538,22774,1.0,0,0.0,0,0.0
test7,test,23437,24120,23437,24120,1.0,0,0.0,0,0.0
test7,test,24509,25409,24511,25409,0.9978,2,80.0,0,0.0
test7,test,29400,29921,29400,29921,1.0,0,0.0,0,0.0
test7,test,30342,30700,30342,30700,1.0,0,0.0,0,0.0
test7,test,30981,31462,30982,31462,0.9979,1,40.0,0,0.0
test7,test,31902,32264,31902,32264,1.0,0,0.0,0,0.0
test7,test,32724,32907,32724,32907,1.0,0,0.0,0,0.0
test7,test,33295,33744,33295,33744,1.0,0,0.0,0,0.0
test7,test,34492,35031,34492,35031,1.0,0,0.0,0,0.0
test7,test,36836,37420,36838,37420,0.9966,2,80.0,0,0.0
test7,test,37871,38266,37871,38266,1.0,0,0.0,0,0.0
test7,test,38789,39059,38789,39059,1.0,0,0.0,0,0.0
test7,test,39540,39918,39540,39918,1.0,0,0.0,0,0.0
test7,test,40480,40656,40480,40656,1.0,0,0.0,0,0.0
test7,test,41073,41523,41073,41523,1.0,0,0.0,0,0.0
test7,test,42746,43361,42746,43361,1.0,0,0.0,0,0.0
test7,test,44457,44774,44457,44774,1.0,0,0.0,0,0.0
test7,test,45128,45584,45128,45584,1.0,0,0.0,0,0.0
test7,test,46222,46878,46222,46878,1.0,0,0.0,0,0.0
test7,test,47344,48050,47344,48050,1.0,0,0.0,0,0.0
test7,test,51579,52165,51579,52165,1.0,0,0.0,0,0.0
test7,test,52748,53150,52748,53150,1.0,0,0.0,0,0.0
test7,test,53567,53941,53567,53941,1.0,0,0.0,0,0.0
test7,test,54867,55308,54867,55308,1.0,0,0.0,0,0.0
test7,test,55770,56009,55771,56009,0.9958,1,40.0,0,0.0
test7,test,56230,56333,56230,56333,1.0,0,0.0,0,0.0
test7,test,56469,56891,56469,56891,1.0,0,0.0,0,0.0
test7,test,57786,58246,57786,58246,1.0,0,0.0,0,0.0
test7,test,58526,59118,58528,59118,0.9966,2,80.0,0,0.0
test7,test,59474,59705,59474,59705,1.0,0,0.0,0,0.0
test7,test,60366,60622,60366,60622,1.0,0,0.0,0,0.0
test7,test,61009,61268,61012,61268,0.9885,3,120.0,0,0.0
test7,test,61681,61946,61681,61946,1.0,0,0.0,0,0.0
test7,test,62308,62750,62311,62750,0.9932,3,120.0,0,0.0
test7,test,63255,63563,63255,63563,1.0,0,0.0,0,0.0
test7,test,64170,64317,64170,64317,1.0,0,0.0,0,0.0
test7,test,64562,65173,64564,65173,0.9967,2,80.0,0,0.0
test7,test,65835,66355,65835,66355,1.0,0,0.0,0,0.0
test7,test,69312,69638,69313,69638,0.9969,1,40.0,0,0.0
test7,test,71293,72282,71293,72282,1.0,0,0.0,0,0.0
test7,test,72703,73316,72703,73316,1.0,0,0.0,0,0.0
test7,test,73989,74174,73989,74174,1.0,0,0.0,0,0.0
test7,test,74583,74915,74583,74915,1.0,0,0.0,0,0.0
test7,test,75265,75907,75265,75907,1.0,0,0.0,0,0.0
test7,test,77012,77522,77012,77522,1.0,0,0.0,0,0.0
test7,test,78336,79076,78336,79076,1.0,0,0.0,0,0.0
test7,test,79841,80243,79843,80243,0.995,2,80.0,0,0.0
test7,test,80642,81267,80642,81267,1.0,0,0.0,0,0.0
test7,test,83608,83840,83608,83840,1.0,0,0.0,0,0.0
test7,test,84413,84858,84413,84858,1.0,0,0.0,0,0.0
test7,test,85365,85411,85365,85411,1.0,0,0.0,0,0.0
test7,test,85562,86026,85562,86026,1.0,0,0.0,0,0.0
test7,test,86479,87300,86479,87300,1.0,0,0.0,0,0.0
test7,test,88963,89296,88963,89296,1.0,0,0.0,0,0.0
test7,test,89896,90349,89896,90349,1.0,0,0.0,0,0.0
test7,test,90783,91298,90784,91298,0.9981,1,40.0,0,0.0
test7,test,91744,92143,91744,92143,1.0,0,0.0,0,0.0
test8,test,13624,14098,13627,14098,0.9937,3,120.0,0,0.0
test8,test,14333,14682,14333,14682,1.0,0,0.0,0,0.0
test8,test,15033,15390,15033,15390,1.0,0,0.0,0,0.0
test8,test,15832,15977,15832,15977,1.0,0,0.0,0,0.0
test8,test,16450,16576,16450,16576,1.0,0,0.0,0,0.0
test8,test,16837,17029,16837,17029,1.0,0,0.0,0,0.0
test8,test,17367,17706,17367,17706,1.0,0,0.0,0,0.0
test8,test,18052,18268,18052,18268,1.0,0,0.0,0,0.0
test8,test,18770,18959,18770,18959,1.0,0,0.0,0,0.0
test8,test,19303,19449,19303,19449,1.0,0,0.0,0,0.0
test8,test,19893,20321,19893,20321,1.0,0,0.0,0,0.0
test8,test,21297,21464,21297,21464,1.0,0,0.0,0,0.0
test8,test,21712,22105,21712,22105,1.0,0,0.0,0,0.0
test8,test,22394,22836,22394,22836,1.0,0,0.0,0,0.0
test8,test,24559,24811,24559,24811,1.0,0,0.0,0,0.0
test8,test,25440,25734,25440,25734,1.0,0,0.0,0,0.0
test8,test,26014,26233,26014,26233,1.0,0,0.0,0,0.0
test8,test,26568,26818,26568,26818,1.0,0,0.0,0,0.0
test8,test,27389,27786,27389,27786,1.0,0,0.0,0,0.0
test8,test,28193,28781,28193,28781,1.0,0,0.0,0,0.0
test8,test,29341,29645,29341,29645,1.0,0,0.0,0,0.0
test8,test,30046,30489,30046,30489,1.0,0,0.0,0,0.0
test8,test,31007,31395,31007,31395,1.0,0,0.0,0,0.0
test8,test,32637,32881,32637,32881,1.0,0,0.0,0,0.0
test8,test,33342,33451,33342,33451,1.0,0,0.0,0,0.0
test8,test,33823,34170,33823,34170,1.0,0,0.0,0,0.0
test8,test,34645,34810,34645,34810,1.0,0,0.0,0,0.0
test8,test,35742,36009,35742,36009,1.0,0,0.0,0,0.0
test8,test,36380,36609,36380,36609,1.0,0,0.0,0,0.0
test8,test,36978,37168,36978,37168,1.0,0,0.0,0,0.0
test8,test,37578,37692,37578,37692,1.0,0,0.0,0,0.0
test8,test,38043,38266,38043,38266,1.0,0,0.0,0,0.0
test8,test,41319,41812,41320,41812,0.998,1,40.0,0,0.0
test8,test,42054,42249,42054,42249,1.0,0,0.0,0,0.0
test8,test,42752,42969,42752,42969,1.0,0,0.0,0,0.0
test8,test,43227,43402,43227,43402,1.0,0,0.0,0,0.0
test8,test,43735,43866,43735,43866,1.0,0,0.0,0,0.0
test8,test,44111,44304,44111,44304,1.0,0,0.0,0,0.0
test8,test,44702,45049,44702,45049,1.0,0,0.0,0,0.0
test8,test,45560,45859,45560,45859,1.0,0,0.0,0,0.0
test8,test,46668,46903,46668,46903,1.0,0,0.0,0,0.0
test8,test,47188,47687,47188,47687,1.0,0,0.0,0,0.0
test8,test,48168,48420,48168,48420,1.0,0,0.0,0,0.0
test8,test,48942,49302,48942,49302,1.0,0,0.0,0,0.0
test8,test,49867,50092,49867,50092,1.0,0,0.0,0,0.0
test8,test,50425,50761,50425,50761,1.0,0,0.0,0,0.0
test8,test,51942,52269,51942,52269,1.0,0,0.0,0,0.0
test8,test,52594,52702,52594,52702,1.0,0,0.0,0,0.0
test8,test,54622,54859,54622,54859,1.0,0,0.0,0,0.0
test8,test,55229,55367,55229,55367,1.0,0,0.0,0,0.0
test8,test,55667,55800,55667,55800,1.0,0,0.0,0,0.0
test8,test,56117,56364,56117,56364,1.0,0,0.0,0,0.0
test8,test,56754,57065,56754,57065,1.0,0,0.0,0,0.0
test8,test,57589,57760,57589,57760,1.0,0,0.0,0,0.0
test8,test,57951,58065,57951,58065,1.0,0,0.0,0,0.0
test8,test,58303,58644,58303,58644,1.0,0,0.0,0,0.0
test8,test,58928,59379,58928,59379,1.0,0,0.0,0,0.0
test8,test,59977,60046,59977,60046,1.0,0,0.0,0,0.0
test8,test,60465,60662,60465,60662,1.0,0,0.0,0,0.0
test8,test,61045,61250,61045,61250,1.0,0,0.0,0,0.0
test8,test,62163,62400,62163,62400,1.0,0,0.0,0,0.0
test8,test,62750,62957,62750,62957,1.0,0,0.0,0,0.0
test8,test,63495,63680,63495,63680,1.0,0,0.0,0,0.0
test8,test,64014,64276,64014,64276,1.0,0,0.0,0,0.0
test8,test,66400,66662,66400,66662,1.0,0,0.0,0,0.0
test8,test,66928,67441,66928,67441,1.0,0,0.0,0,0.0
test9,test,10096,10806,10096,10806,1.0,0,0.0,0,0.0
test9,test,11298,12139,11298,12139,1.0,0,0.0,0,0.0
test9,test,13328,13603,13328,13603,1.0,0,0.0,0,0.0
test9,test,13892,14272,13892,14272,1.0,0,0.0,0,0.0
test9,test,14884,15191,14884,15191,1.0,0,0.0,0,0.0
test9,test,15618,15741,15618,15741,1.0,0,0.0,0,0.0
test9,test,16141,16353,16141,16353,1.0,0,0.0,0,0.0
test9,test,16838,17033,16840,17033,0.9898,2,80.0,0,0.0
test9,test,17496,17820,17496,17820,1.0,0,0.0,0,0.0
test9,test,18405,18578,18405,18578,1.0,0,0.0,0,0.0
test9,test,18945,19705,18945,19705,1.0,0,0.0,0,0.0
test9,test,20427,20712,20427,20712,1.0,0,0.0,0,0.0
test9,test,21108,21242,21108,21242,1.0,0,0.0,0,0.0
test9,test,21697,21845,21697,21845,1.0,0,0.0,0,0.0
test9,test,23169,23376,23169,23376,1.0,0,0.0,0,0.0
test9,test,23775,24205,23776,24205,0.9977,1,40.0,0,0.0
test9,test,24622,24863,24622,24863,1.0,0,0.0,0,0.0
test9,test,26618,26878,26618,26878,1.0,0,0.0,0,0.0
test9,test,27224,27491,27224,27491,1.0,0,0.0,0,0.0
test9,test,28241,28363,28243,28363,0.9837,2,80.0,0,0.0
test9,test,28558,28824,28558,28824,1.0,0,0.0,0,0.0
test9,test,29229,29331,29229,29331,1.0,0,0.0,0,0.0
test9,test,29718,30012,29718,30012,1.0,0,0.0,0,0.0
test9,test,30350,30853,30352,30853,0.996,2,80.0,0,0.0
test9,test,31849,32060,31849,32060,1.0,0,0.0,0,0.0
test9,test,32556,33136,32556,33136,1.0,0,0.0,0,0.0
test9,test,33657,33839,33657,33839,1.0,0,0.0,0,0.0
test9,test,34480,34774,34480,34774,1.0,0,0.0,0,0.0
test9,test,35180,35584,35180,35584,1.0,0,0.0,0,0.0
test9,test,35986,36428,35986,36428,1.0,0,0.0,0,0.0
test9,test,37161,37354,37161,37354,1.0,0,0.0,0,0.0
test9,test,37831,37931,37831,37931,1.0,0,0.0,0,0.0
test9,test,40991,41164,40991,41164,1.0,0,0.0,0,0.0
test9,test,41356,41582,41356,41582,1.0,0,0.0,0,0.0
test9,test,41882,42886,41882,42879,0.993,0,0.0,-7,-280.0
test9,test,44521,44774,44521,44774,1.0,0,0.0,0,0.0
test9,test,46107,46335,46107,46335,1.0,0,0.0,0,0.0
test9,test,46913,47127,46913,47127,1.0,0,0.0,0,0.0
test9,test,47470,47681,47470,47681,1.0,0,0.0,0,0.0
test9,test,48309,48695,48309,48695,1.0,0,0.0,0,0.0
test9,test,49294,49810,49294,49810,1.0,0,0.0,0,0.0
test9,test,51089,51269,51089,51269,1.0,0,0.0,0,0.0
test9,test,51311,51437,51311,51437,1.0,0,0.0,0,0.0
test9,test,52078,52490,52078,52490,1.0,0,0.0,0,0.0
test9,test,53079,53433,53079,53433,1.0,0,0.0,0,0.0
test9,test,54083,54190,54083,54190,1.0,0,0.0,0,0.0
test9,test,54756,55176,54756,55176,1.0,0,0.0,0,0.0
test9,test,56422,56846,56422,56846,1.0,0,0.0,0,0.0
test9,test,58306,58412,58306,58412,1.0,0,0.0,0,0.0
test9,test,58977,59244,58977,59244,1.0,0,0.0,0,0.0
test9,test,60989,61090,60989,61090,1.0,0,0.0,0,0.0
test9,test,61409,61852,61409,61852,1.0,0,0.0,0,0.0
test9,test,63161,63748,63161,63748,1.0,0,0.0,0,0.0
test9,test,65522,65861,65522,65861,1.0,0,0.0,0,0.0
test9,test,66646,67585,66646,67585,1.0,0,0.0,0,0.0
test9,test,68965,69060,68965,69060,1.0,0,0.0,0,0.0
test9,test,69399,69613,69399,69613,1.0,0,0.0,0,0.0
test9,test,70040,70345,70040,70345,1.0,0,0.0,0,0.0
test9,test,70906,70969,70906,70969,1.0,0,0.0,0,0.0
test9,test,71342,71562,71342,71562,1.0,0,0.0,0,0.0
test9,test,71993,72397,71993,72397,1.0,0,0.0,0,0.0
test9,test,73452,73839,73452,73839,1.0,0,0.0,0,0.0
test9,test,75160,75481,75160,75481,1.0,0,0.0,0,0.0
test9,test,75999,76095,75999,76095,1.0,0,0.0,0,0.0
test9,test,76413,76496,76413,76496,1.0,0,0.0,0,0.0
test9,test,76922,77294,76922,77294,1.0,0,0.0,0,0.0
