split,match,corner,position,hit,inside_zone,det_x,det_y,dist_center,dx,dy,dist_outside,note
dev,ASG_vs_AA_2020,TL,far,False,False,663.4,376.93,10.43,9.84,-3.45,5.62,
dev,ASG_vs_AA_2020,TR,far,True,False,1245.97,379.39,4.12,-4.1,0.39,0.54,
dev,ASG_vs_AA_2020,BR,near,True,True,1465.93,985.57,3.19,-1.41,-2.86,0.0,
dev,ASG_vs_AA_2020,BL,near,True,True,446.25,989.07,2.81,1.92,-2.06,0.0,
dev,ASY_vs_PC_2021,TL,far,True,True,624.19,458.08,1.1,1.07,-0.23,0.0,
dev,ASY_vs_PC_2021,TR,far,True,True,1295.56,455.87,0.63,-0.63,0.06,0.0,
dev,ASY_vs_PC_2021,BR,near,True,True,1478.12,986.15,3.34,-1.94,-2.72,0.0,
dev,ASY_vs_PC_2021,BL,near,True,False,442.4,988.92,3.74,1.92,-3.21,0.54,
dev,CTC_vs_CL_2019,TL,far,False,False,618.82,552.13,17.25,-7.29,15.63,13.58,
dev,CTC_vs_CL_2019,TR,far,False,False,1298.7,553.77,18.63,7.16,17.2,14.81,
dev,CTC_vs_CL_2019,BR,near,False,False,1347.0,651.44,395.72,-176.74,-354.06,390.0,
dev,CTC_vs_CL_2019,BL,near,False,False,572.37,648.88,395.29,173.36,-355.25,390.23,
dev,MK_vs_CT_2019,TL,far,True,True,614.5,463.26,0.59,0.45,0.39,0.0,
dev,MK_vs_CT_2019,TR,far,True,True,1296.56,461.17,0.6,-0.48,0.36,0.0,
dev,MK_vs_CT_2019,BR,near,True,False,1453.92,998.75,3.31,-1.1,-3.13,0.18,
dev,MK_vs_CT_2019,BL,near,True,False,465.81,1002.33,2.92,1.31,-2.61,0.12,
dev,PC_vs_PVS_2020,TL,far,True,True,624.57,457.16,0.59,0.59,0.1,0.0,
dev,PC_vs_PVS_2020,TR,far,True,True,1295.96,454.56,0.84,-0.83,-0.13,0.0,
dev,PC_vs_PVS_2020,BR,near,True,False,1478.68,985.1,3.35,-1.67,-2.9,0.08,
dev,PC_vs_PVS_2020,BL,near,True,False,442.94,987.74,3.6,1.36,-3.33,0.72,
dev,RI_vs_PVS_2021,TL,far,True,True,624.2,458.11,0.51,0.5,0.11,0.0,
dev,RI_vs_PVS_2021,TR,far,True,True,1295.54,455.72,0.68,-0.68,-0.03,0.0,
dev,RI_vs_PVS_2021,BR,near,True,False,1478.1,986.07,3.59,-1.88,-3.06,0.23,
dev,RI_vs_PVS_2021,BL,near,True,False,442.43,988.87,3.62,1.58,-3.26,0.83,
dev,TTY_vs_ASY_2023,TL,far,True,False,604.52,593.38,3.64,2.58,2.57,0.69,
dev,TTY_vs_ASY_2023,TR,far,True,True,1302.09,591.0,2.32,-2.26,-0.56,0.0,
dev,TTY_vs_ASY_2023,BR,near,True,False,1494.8,1020.96,3.64,-2.4,-2.73,0.35,
dev,TTY_vs_ASY_2023,BL,near,True,False,409.0,1018.73,4.47,0.37,-4.45,1.83,
test,test1,TL,far,True,True,564.29,534.0,0.16,-0.13,0.1,0.0,
test,test1,TR,far,True,True,1354.11,533.96,0.93,-0.92,0.14,0.0,
test,test1,BR,near,True,True,1552.36,1004.58,2.38,-1.41,-1.92,0.0,
test,test1,BL,near,True,False,372.1,1006.14,3.62,1.33,-3.37,0.44,
test,test2,TL,far,True,True,689.56,417.64,0.73,-0.62,0.4,0.0,
test,test2,TR,far,True,True,1259.03,417.22,0.45,-0.44,-0.09,0.0,
test,test2,BR,near,True,True,1509.23,1017.74,2.67,-1.61,-2.14,0.0,
test,test2,BL,near,True,True,437.67,1017.06,6.45,5.74,-2.94,0.0,
test,test3,TL,far,True,True,614.28,437.8,0.85,0.79,0.3,0.0,
test,test3,TR,far,True,True,1303.16,434.63,0.86,-0.7,0.5,0.0,
test,test3,BR,near,True,True,1449.28,994.74,2.85,-1.48,-2.44,0.0,
test,test3,BL,near,True,True,453.37,999.31,2.77,0.86,-2.63,0.0,
test,test4,TL,far,True,True,632.31,431.38,2.06,-1.58,1.32,0.0,
test,test4,TR,far,True,True,1284.39,432.32,1.77,-0.8,1.58,0.0,
test,test4,BR,near,True,True,1506.47,985.51,2.7,-1.9,-1.92,0.0,
test,test4,BL,near,True,False,408.36,982.79,5.69,3.36,-4.59,1.52,
test,test5,TL,far,False,False,528.99,517.2,19.24,-7.09,17.88,15.68,
test,test5,TR,far,False,False,1396.9,517.62,19.37,8.31,17.5,15.51,
test,test5,BR,near,False,False,1453.63,624.56,435.24,-206.17,-383.31,428.54,
test,test5,BL,near,False,False,467.78,623.91,440.27,217.64,-382.71,433.78,
test,test6,TL,far,True,True,595.64,484.94,0.97,0.86,0.45,0.0,
test,test6,TR,far,True,True,1318.27,488.33,1.52,-1.28,0.83,0.0,
test,test6,BR,near,False,False,1601.79,1075.73,67.2,28.12,61.03,60.35,
test,test6,BL,near,False,False,298.36,1072.28,69.88,-31.05,62.6,63.1,
test,test7,TL,far,True,True,675.16,385.05,1.03,0.98,-0.32,0.0,
test,test7,TR,far,True,True,1223.61,385.04,1.04,-0.89,0.54,0.0,
test,test7,BR,near,True,False,1464.15,963.71,5.12,-3.31,-3.91,0.72,
test,test7,BL,near,True,False,425.68,966.6,4.55,2.24,-3.96,0.6,
test,test8,TL,far,False,False,560.13,482.66,21.43,11.29,-18.21,17.12,
test,test8,TR,far,False,False,1369.22,486.81,16.87,-8.72,-14.44,12.51,
test,test8,BR,near,False,False,1656.01,1025.83,33.89,14.48,30.64,28.34,
test,test8,BL,near,False,False,249.44,1018.74,32.05,-20.96,24.24,24.86,
test,test9,TL,far,True,True,637.93,485.0,0.49,0.48,0.06,0.0,
test,test9,TR,far,True,True,1282.18,483.04,0.77,-0.47,0.61,0.0,
test,test9,BR,near,True,True,1431.04,991.59,2.82,-1.36,-2.47,0.0,
test,test9,BL,near,True,False,497.36,994.28,2.91,1.02,-2.72,0.17,
