match,split,kind,frame,sec,rally,position,nearest_other_frames
ASG_vs_AA_2020,dev,FP 多抓,25170,1006.8,1-3,回合中段,16
ASG_vs_AA_2020,dev,FN 漏掉,25186,1007.44,1-3,回合中段,14
ASG_vs_AA_2020,dev,FN 漏掉,25829,1033.16,1-4,發球,619
ASG_vs_AA_2020,dev,FN 漏掉,25844,1033.76,1-4,最後一拍,634
ASG_vs_AA_2020,dev,FN 漏掉,27574,1102.96,1-6,發球,14
ASG_vs_AA_2020,dev,FP 多抓,28226,1129.04,1-7,回合中段,6
ASG_vs_AA_2020,dev,FN 漏掉,28232,1129.28,1-7,回合中段,6
ASG_vs_AA_2020,dev,FN 漏掉,29767,1190.68,1-9,發球,17
ASG_vs_AA_2020,dev,FN 漏掉,30948,1237.92,1-10,發球,15
ASG_vs_AA_2020,dev,FN 漏掉,33142,1325.68,1-12,回合中段,8
ASG_vs_AA_2020,dev,FP 多抓,35167,1406.68,1-14,回合中段,9
ASG_vs_AA_2020,dev,FN 漏掉,35301,1412.04,1-14,回合中段,8
ASG_vs_AA_2020,dev,FP 多抓,35309,1412.36,1-14,回合中段,8
ASG_vs_AA_2020,dev,FN 漏掉,36091,1443.64,1-15,發球,31
ASG_vs_AA_2020,dev,FN 漏掉,36107,1444.28,1-15,回合中段,15
ASG_vs_AA_2020,dev,FN 漏掉,36115,1444.6,1-15,回合中段,7
ASG_vs_AA_2020,dev,FP 多抓,38269,1530.76,1-17,回合中段,13
ASG_vs_AA_2020,dev,FN 漏掉,38282,1531.28,1-17,回合中段,13
ASG_vs_AA_2020,dev,FN 漏掉,42317,1692.68,1-21,發球,472
ASG_vs_AA_2020,dev,FN 漏掉,42337,1693.48,1-21,最後一拍,452
ASG_vs_AA_2020,dev,FN 漏掉,42944,1717.76,1-22,回合中段,13
ASG_vs_AA_2020,dev,FN 漏掉,51178,2047.12,1-29,回合中段,23
ASG_vs_AA_2020,dev,FN 漏掉,51258,2050.32,1-29,回合中段,13
ASG_vs_AA_2020,dev,FN 漏掉,51541,2061.64,1-29,最後一拍,16
ASG_vs_AA_2020,dev,FP 多抓,53625,2145.0,1-31,最後一拍之後,733
ASG_vs_AA_2020,dev,FN 漏掉,55339,2213.56,1-32,發球,27
ASG_vs_AA_2020,dev,FN 漏掉,56174,2246.96,1-33,最後一拍,14
ASG_vs_AA_2020,dev,FP 多抓,58168,2326.72,1-35,最後一拍之後,1124
ASG_vs_AA_2020,dev,FN 漏掉,59381,2375.24,1-36,回合中段,6
ASG_vs_AA_2020,dev,FP 多抓,59387,2375.48,1-36,回合中段,6
ASG_vs_AA_2020,dev,FP 多抓,59710,2388.4,1-36,回合中段,9
ASG_vs_AA_2020,dev,FP 多抓,61562,2462.48,1-37,回合中段,10
ASG_vs_AA_2020,dev,FN 漏掉,61587,2463.48,1-37,最後一拍,3
ASG_vs_AA_2020,dev,FN 漏掉,67215,2688.6,2-2,發球,14
ASG_vs_AA_2020,dev,FP 多抓,67287,2691.48,2-2,回合中段,12
ASG_vs_AA_2020,dev,FN 漏掉,68273,2730.92,2-4,發球,16
ASG_vs_AA_2020,dev,FN 漏掉,70742,2829.68,2-6,回合中段,8
ASG_vs_AA_2020,dev,FP 多抓,70750,2830.0,2-6,回合中段,8
ASG_vs_AA_2020,dev,FP 多抓,72439,2897.56,2-8,回合中段,9
ASG_vs_AA_2020,dev,FN 漏掉,72572,2902.88,2-8,回合中段,11
ASG_vs_AA_2020,dev,FN 漏掉,74568,2982.72,2-11,發球,15
ASG_vs_AA_2020,dev,FP 多抓,74762,2990.48,2-11,回合中段,14
ASG_vs_AA_2020,dev,FP 多抓,74772,2990.88,2-11,回合中段,8
ASG_vs_AA_2020,dev,FN 漏掉,74780,2991.2,2-11,回合中段,8
ASG_vs_AA_2020,dev,FN 漏掉,77059,3082.36,2-13,發球,32
ASG_vs_AA_2020,dev,FN 漏掉,77076,3083.04,2-13,回合中段,15
ASG_vs_AA_2020,dev,FN 漏掉,78011,3120.44,2-14,回合中段,7
ASG_vs_AA_2020,dev,FN 漏掉,78033,3121.32,2-14,回合中段,15
ASG_vs_AA_2020,dev,FP 多抓,81175,3247.0,2-16,回合中段,11
ASG_vs_AA_2020,dev,FN 漏掉,81186,3247.44,2-16,回合中段,11
ASG_vs_AA_2020,dev,FN 漏掉,83901,3356.04,2-18,發球,9
ASG_vs_AA_2020,dev,FN 漏掉,85201,3408.04,2-20,回合中段,11
ASG_vs_AA_2020,dev,FP 多抓,85465,3418.6,2-20,回合中段,10
ASG_vs_AA_2020,dev,FN 漏掉,85611,3424.44,2-20,回合中段,23
ASG_vs_AA_2020,dev,FN 漏掉,87743,3509.72,2-22,發球,16
ASG_vs_AA_2020,dev,FN 漏掉,88937,3557.48,2-23,最後一拍,23
ASG_vs_AA_2020,dev,FN 漏掉,90887,3635.48,2-25,發球,10
ASG_vs_AA_2020,dev,FN 漏掉,90973,3638.92,2-25,最後一拍,30
ASG_vs_AA_2020,dev,FN 漏掉,91589,3663.56,2-26,回合中段,19
ASG_vs_AA_2020,dev,FN 漏掉,92302,3692.08,2-27,發球,13
ASG_vs_AA_2020,dev,FN 漏掉,92328,3693.12,2-27,回合中段,13
ASG_vs_AA_2020,dev,FP 多抓,92411,3696.44,2-27,回合中段,14
ASG_vs_AA_2020,dev,FN 漏掉,92426,3697.04,2-27,回合中段,13
ASG_vs_AA_2020,dev,FN 漏掉,92452,3698.08,2-27,回合中段,13
ASG_vs_AA_2020,dev,FN 漏掉,92476,3699.04,2-27,回合中段,11
ASG_vs_AA_2020,dev,FN 漏掉,92483,3699.32,2-27,回合中段,12
ASG_vs_AA_2020,dev,FN 漏掉,94397,3775.88,2-29,回合中段,11
ASG_vs_AA_2020,dev,FN 漏掉,96122,3844.88,2-31,回合中段,9
ASG_vs_AA_2020,dev,FN 漏掉,102161,4086.44,2-36,回合中段,20
ASG_vs_AA_2020,dev,FN 漏掉,106444,4257.76,3-1,回合中段,7
ASG_vs_AA_2020,dev,FP 多抓,106451,4258.04,3-1,回合中段,7
ASG_vs_AA_2020,dev,FN 漏掉,106475,4259.0,3-1,回合中段,13
ASG_vs_AA_2020,dev,FN 漏掉,107264,4290.56,3-2,回合中段,7
ASG_vs_AA_2020,dev,FP 多抓,107271,4290.84,3-2,回合中段,7
ASG_vs_AA_2020,dev,FN 漏掉,108146,4325.84,3-3,回合中段,7
ASG_vs_AA_2020,dev,FN 漏掉,110311,4412.44,3-5,回合中段,11
ASG_vs_AA_2020,dev,FP 多抓,110322,4412.88,3-5,回合中段,10
ASG_vs_AA_2020,dev,FP 多抓,113472,4538.88,3-9,最後一拍之後,465
ASG_vs_AA_2020,dev,FN 漏掉,114224,4568.96,3-10,最後一拍,19
ASG_vs_AA_2020,dev,FN 漏掉,114953,4598.12,3-11,發球,20
ASG_vs_AA_2020,dev,FN 漏掉,115006,4600.24,3-11,最後一拍,33
ASG_vs_AA_2020,dev,FN 漏掉,116647,4665.88,3-13,最後一拍,12
ASG_vs_AA_2020,dev,FN 漏掉,117834,4713.36,3-15,最後一拍,18
ASG_vs_AA_2020,dev,FP 多抓,120798,4831.92,3-16,回合中段,18
ASG_vs_AA_2020,dev,FP 多抓,120924,4836.96,3-16,回合中段,16
ASG_vs_AA_2020,dev,FN 漏掉,120940,4837.6,3-16,回合中段,13
ASG_vs_AA_2020,dev,FP 多抓,121380,4855.2,3-16,回合中段,16
ASG_vs_AA_2020,dev,FN 漏掉,126402,5056.08,3-22,發球,15
ASG_vs_AA_2020,dev,FN 漏掉,126450,5058.0,3-22,回合中段,33
ASG_vs_AA_2020,dev,FN 漏掉,126479,5059.16,3-22,最後一拍,62
ASG_vs_AA_2020,dev,FN 漏掉,127595,5103.8,3-24,回合中段,8
ASG_vs_AA_2020,dev,FP 多抓,127603,5104.12,3-24,回合中段,8
ASG_vs_AA_2020,dev,FN 漏掉,127652,5106.08,3-24,回合中段,34
ASG_vs_AA_2020,dev,FN 漏掉,127674,5106.96,3-24,回合中段,56
ASG_vs_AA_2020,dev,FN 漏掉,127700,5108.0,3-24,回合中段,82
ASG_vs_AA_2020,dev,FN 漏掉,127712,5108.48,3-24,最後一拍,94
ASG_vs_AA_2020,dev,FN 漏掉,128876,5155.04,3-26,發球,358
ASG_vs_AA_2020,dev,FN 漏掉,129811,5192.44,3-28,發球,16
ASG_vs_AA_2020,dev,FN 漏掉,130802,5232.08,3-30,最後一拍,2
ASY_vs_PC_2021,dev,FN 漏掉,10418,347.27,1-1,發球,55
ASY_vs_PC_2021,dev,FP 多抓,10473,349.1,1-1,回合中段,8
ASY_vs_PC_2021,dev,FN 漏掉,10481,349.37,1-1,回合中段,8
ASY_vs_PC_2021,dev,FP 多抓,10638,354.6,1-1,回合中段,9
ASY_vs_PC_2021,dev,FN 漏掉,10652,355.07,1-1,最後一拍,14
ASY_vs_PC_2021,dev,FP 多抓,12797,426.57,1-4,回合中段,14
ASY_vs_PC_2021,dev,FP 多抓,12810,427.0,1-4,回合中段,27
ASY_vs_PC_2021,dev,FP 多抓,14169,472.3,1-6,回合中段,26
ASY_vs_PC_2021,dev,FP 多抓,14181,472.7,1-6,回合中段,14
ASY_vs_PC_2021,dev,FN 漏掉,14195,473.17,1-6,回合中段,12
ASY_vs_PC_2021,dev,FP 多抓,14207,473.57,1-6,回合中段,12
ASY_vs_PC_2021,dev,FP 多抓,14226,474.2,1-6,回合中段,9
ASY_vs_PC_2021,dev,FN 漏掉,14235,474.5,1-6,回合中段,9
ASY_vs_PC_2021,dev,FN 漏掉,14412,480.4,1-6,回合中段,13
ASY_vs_PC_2021,dev,FP 多抓,14588,486.27,1-6,回合中段,14
ASY_vs_PC_2021,dev,FN 漏掉,14602,486.73,1-6,回合中段,13
ASY_vs_PC_2021,dev,FP 多抓,14656,488.53,1-6,回合中段,6
ASY_vs_PC_2021,dev,FN 漏掉,14662,488.73,1-6,回合中段,6
ASY_vs_PC_2021,dev,FP 多抓,15358,511.93,1-7,回合中段,59
ASY_vs_PC_2021,dev,FP 多抓,15394,513.13,1-7,回合中段,23
ASY_vs_PC_2021,dev,FP 多抓,16328,544.27,1-8,回合中段,54
ASY_vs_PC_2021,dev,FP 多抓,16354,545.13,1-8,回合中段,28
ASY_vs_PC_2021,dev,FP 多抓,17680,589.33,1-10,回合中段,20
ASY_vs_PC_2021,dev,FP 多抓,17704,590.13,1-10,回合中段,44
ASY_vs_PC_2021,dev,FP 多抓,17732,591.07,1-10,回合中段,72
ASY_vs_PC_2021,dev,FP 多抓,17768,592.27,1-10,回合中段,90
ASY_vs_PC_2021,dev,FP 多抓,17801,593.37,1-10,回合中段,57
ASY_vs_PC_2021,dev,FP 多抓,17829,594.3,1-10,回合中段,29
ASY_vs_PC_2021,dev,FP 多抓,17893,596.43,1-10,回合中段,29
ASY_vs_PC_2021,dev,FN 漏掉,18713,623.77,1-11,發球,19
ASY_vs_PC_2021,dev,FN 漏掉,19343,644.77,1-12,發球,580
ASY_vs_PC_2021,dev,FN 漏掉,19400,646.67,1-12,回合中段,637
ASY_vs_PC_2021,dev,FN 漏掉,19422,647.4,1-12,回合中段,659
ASY_vs_PC_2021,dev,FN 漏掉,19446,648.2,1-12,回合中段,683
ASY_vs_PC_2021,dev,FN 漏掉,19488,649.6,1-12,回合中段,725
ASY_vs_PC_2021,dev,FN 漏掉,19520,650.67,1-12,回合中段,757
ASY_vs_PC_2021,dev,FN 漏掉,19549,651.63,1-12,回合中段,786
ASY_vs_PC_2021,dev,FN 漏掉,19576,652.53,1-12,回合中段,763
ASY_vs_PC_2021,dev,FN 漏掉,19607,653.57,1-12,回合中段,732
ASY_vs_PC_2021,dev,FN 漏掉,19644,654.8,1-12,回合中段,695
ASY_vs_PC_2021,dev,FN 漏掉,19670,655.67,1-12,回合中段,669
ASY_vs_PC_2021,dev,FN 漏掉,19697,656.57,1-12,回合中段,642
ASY_vs_PC_2021,dev,FN 漏掉,19727,657.57,1-12,最後一拍,612
ASY_vs_PC_2021,dev,FN 漏掉,20569,685.63,1-13,回合中段,15
ASY_vs_PC_2021,dev,FP 多抓,20608,686.93,1-13,回合中段,6
ASY_vs_PC_2021,dev,FN 漏掉,20614,687.13,1-13,回合中段,6
ASY_vs_PC_2021,dev,FP 多抓,20797,693.23,1-13,回合中段,6
ASY_vs_PC_2021,dev,FN 漏掉,20803,693.43,1-13,最後一拍,6
ASY_vs_PC_2021,dev,FP 多抓,21468,715.6,1-14,回合中段,6
ASY_vs_PC_2021,dev,FN 漏掉,21475,715.83,1-14,最後一拍,7
ASY_vs_PC_2021,dev,FP 多抓,22964,765.47,1-16,回合中段,74
ASY_vs_PC_2021,dev,FP 多抓,22974,765.8,1-16,回合中段,64
ASY_vs_PC_2021,dev,FP 多抓,22999,766.63,1-16,回合中段,39
ASY_vs_PC_2021,dev,FP 多抓,23631,787.7,1-17,回合中段,130
ASY_vs_PC_2021,dev,FP 多抓,23667,788.9,1-17,回合中段,94
ASY_vs_PC_2021,dev,FP 多抓,23703,790.1,1-17,回合中段,58
ASY_vs_PC_2021,dev,FP 多抓,23727,790.9,1-17,回合中段,34
ASY_vs_PC_2021,dev,FN 漏掉,23761,792.03,1-17,回合中段,8
ASY_vs_PC_2021,dev,FP 多抓,23769,792.3,1-17,回合中段,8
ASY_vs_PC_2021,dev,FP 多抓,23847,794.9,1-17,回合中段,9
ASY_vs_PC_2021,dev,FP 多抓,23877,795.9,1-17,回合中段,7
ASY_vs_PC_2021,dev,FP 多抓,24058,801.93,1-17,回合中段,6
ASY_vs_PC_2021,dev,FN 漏掉,24064,802.13,1-17,回合中段,6
ASY_vs_PC_2021,dev,FP 多抓,28592,953.07,1-20,回合中段,22
ASY_vs_PC_2021,dev,FN 漏掉,29352,978.4,1-21,發球,28
ASY_vs_PC_2021,dev,FN 漏掉,29415,980.5,1-21,回合中段,14
ASY_vs_PC_2021,dev,FN 漏掉,30646,1021.53,1-22,發球,25
ASY_vs_PC_2021,dev,FP 多抓,30704,1023.47,1-22,回合中段,11
ASY_vs_PC_2021,dev,FP 多抓,30822,1027.4,1-22,回合中段,8
ASY_vs_PC_2021,dev,FN 漏掉,30830,1027.67,1-22,回合中段,8
ASY_vs_PC_2021,dev,FP 多抓,31352,1045.07,1-22,回合中段,6
ASY_vs_PC_2021,dev,FN 漏掉,31358,1045.27,1-22,回合中段,6
ASY_vs_PC_2021,dev,FN 漏掉,31393,1046.43,1-22,回合中段,41
ASY_vs_PC_2021,dev,FN 漏掉,31534,1051.13,1-22,最後一拍,37
ASY_vs_PC_2021,dev,FP 多抓,32482,1082.73,1-23,回合中段,6
ASY_vs_PC_2021,dev,FN 漏掉,32488,1082.93,1-23,回合中段,6
ASY_vs_PC_2021,dev,FP 多抓,32500,1083.33,1-23,回合中段,6
ASY_vs_PC_2021,dev,FN 漏掉,32506,1083.53,1-23,回合中段,6
ASY_vs_PC_2021,dev,FP 多抓,32864,1095.47,1-23,回合中段,8
ASY_vs_PC_2021,dev,FN 漏掉,32872,1095.73,1-23,回合中段,8
ASY_vs_PC_2021,dev,FP 多抓,32881,1096.03,1-23,回合中段,6
ASY_vs_PC_2021,dev,FN 漏掉,32887,1096.23,1-23,回合中段,6
ASY_vs_PC_2021,dev,FN 漏掉,33970,1132.33,1-24,發球,57
ASY_vs_PC_2021,dev,FP 多抓,34820,1160.67,1-25,回合中段,12
ASY_vs_PC_2021,dev,FP 多抓,34850,1161.67,1-25,回合中段,7
ASY_vs_PC_2021,dev,FN 漏掉,35721,1190.7,1-26,回合中段,35
ASY_vs_PC_2021,dev,FN 漏掉,35758,1191.93,1-26,最後一拍,72
ASY_vs_PC_2021,dev,FN 漏掉,37739,1257.97,1-28,最後一拍,34
ASY_vs_PC_2021,dev,FN 漏掉,38265,1275.5,1-29,發球,15
ASY_vs_PC_2021,dev,FP 多抓,38280,1276.0,1-29,回合中段,6
ASY_vs_PC_2021,dev,FN 漏掉,38286,1276.2,1-29,回合中段,6
ASY_vs_PC_2021,dev,FN 漏掉,38856,1295.2,1-30,發球,24
ASY_vs_PC_2021,dev,FP 多抓,38880,1296.0,1-30,回合中段,24
ASY_vs_PC_2021,dev,FN 漏掉,38918,1297.27,1-30,回合中段,10
ASY_vs_PC_2021,dev,FP 多抓,38928,1297.6,1-30,回合中段,10
ASY_vs_PC_2021,dev,FN 漏掉,39249,1308.3,1-30,回合中段,7
ASY_vs_PC_2021,dev,FP 多抓,39256,1308.53,1-30,回合中段,7
ASY_vs_PC_2021,dev,FN 漏掉,40911,1363.7,1-32,發球,87
ASY_vs_PC_2021,dev,FN 漏掉,40969,1365.63,1-32,回合中段,29
ASY_vs_PC_2021,dev,FN 漏掉,41075,1369.17,1-32,最後一拍,46
ASY_vs_PC_2021,dev,FP 多抓,41687,1389.57,1-33,回合中段,7
ASY_vs_PC_2021,dev,FN 漏掉,41694,1389.8,1-33,回合中段,7
ASY_vs_PC_2021,dev,FN 漏掉,42381,1412.7,1-34,發球,55
ASY_vs_PC_2021,dev,FP 多抓,43281,1442.7,1-35,回合中段,8
ASY_vs_PC_2021,dev,FN 漏掉,43289,1442.97,1-35,回合中段,8
ASY_vs_PC_2021,dev,FP 多抓,43322,1444.07,1-35,回合中段,13
ASY_vs_PC_2021,dev,FN 漏掉,43342,1444.73,1-35,回合中段,18
ASY_vs_PC_2021,dev,FP 多抓,43434,1447.8,1-35,回合中段,6
ASY_vs_PC_2021,dev,FN 漏掉,43440,1448.0,1-35,回合中段,6
ASY_vs_PC_2021,dev,FP 多抓,43646,1454.87,1-35,回合中段,6
ASY_vs_PC_2021,dev,FN 漏掉,43660,1455.33,1-35,回合中段,5
ASY_vs_PC_2021,dev,FP 多抓,43732,1457.73,1-35,回合中段,6
ASY_vs_PC_2021,dev,FN 漏掉,43738,1457.93,1-35,回合中段,6
ASY_vs_PC_2021,dev,FP 多抓,44606,1486.87,1-36,回合中段,345
ASY_vs_PC_2021,dev,FP 多抓,44624,1487.47,1-36,回合中段,327
ASY_vs_PC_2021,dev,FP 多抓,44656,1488.53,1-36,回合中段,295
ASY_vs_PC_2021,dev,FP 多抓,44682,1489.4,1-36,回合中段,269
ASY_vs_PC_2021,dev,FP 多抓,44725,1490.83,1-36,回合中段,226
ASY_vs_PC_2021,dev,FP 多抓,44746,1491.53,1-36,回合中段,205
ASY_vs_PC_2021,dev,FP 多抓,44767,1492.23,1-36,回合中段,184
ASY_vs_PC_2021,dev,FP 多抓,44786,1492.87,1-36,回合中段,165
ASY_vs_PC_2021,dev,FP 多抓,44816,1493.87,1-36,回合中段,135
ASY_vs_PC_2021,dev,FP 多抓,44849,1494.97,1-36,回合中段,102
ASY_vs_PC_2021,dev,FP 多抓,44863,1495.43,1-36,回合中段,88
ASY_vs_PC_2021,dev,FN 漏掉,44951,1498.37,1-36,回合中段,19
ASY_vs_PC_2021,dev,FP 多抓,44970,1499.0,1-36,回合中段,19
ASY_vs_PC_2021,dev,FN 漏掉,49204,1640.13,2-1,發球,29
ASY_vs_PC_2021,dev,FP 多抓,49790,1659.67,2-2,回合中段,11
ASY_vs_PC_2021,dev,FN 漏掉,49811,1660.37,2-2,回合中段,7
ASY_vs_PC_2021,dev,FP 多抓,50176,1672.53,2-2,回合中段,15
ASY_vs_PC_2021,dev,FN 漏掉,50197,1673.23,2-2,回合中段,21
ASY_vs_PC_2021,dev,FN 漏掉,51793,1726.43,2-4,最後一拍,20
ASY_vs_PC_2021,dev,FN 漏掉,52420,1747.33,2-5,回合中段,26
ASY_vs_PC_2021,dev,FN 漏掉,52501,1750.03,2-5,最後一拍,55
ASY_vs_PC_2021,dev,FN 漏掉,53075,1769.17,2-6,發球,10
ASY_vs_PC_2021,dev,FN 漏掉,53117,1770.57,2-6,回合中段,12
ASY_vs_PC_2021,dev,FP 多抓,53433,1781.1,2-6,回合中段,18
ASY_vs_PC_2021,dev,FP 多抓,54590,1819.67,2-8,回合中段,65
ASY_vs_PC_2021,dev,FP 多抓,54614,1820.47,2-8,回合中段,41
ASY_vs_PC_2021,dev,FN 漏掉,54655,1821.83,2-8,回合中段,10
ASY_vs_PC_2021,dev,FP 多抓,54665,1822.17,2-8,回合中段,10
ASY_vs_PC_2021,dev,FP 多抓,54966,1832.2,2-8,回合中段,14
ASY_vs_PC_2021,dev,FN 漏掉,54980,1832.67,2-8,回合中段,14
ASY_vs_PC_2021,dev,FN 漏掉,56019,1867.3,2-9,發球,7
ASY_vs_PC_2021,dev,FP 多抓,56026,1867.53,2-9,回合中段,7
ASY_vs_PC_2021,dev,FN 漏掉,57042,1901.4,2-10,發球,27
ASY_vs_PC_2021,dev,FP 多抓,57120,1904.0,2-10,回合中段,6
ASY_vs_PC_2021,dev,FN 漏掉,57126,1904.2,2-10,回合中段,6
ASY_vs_PC_2021,dev,FN 漏掉,57186,1906.2,2-10,回合中段,31
ASY_vs_PC_2021,dev,FN 漏掉,57216,1907.2,2-10,最後一拍,61
ASY_vs_PC_2021,dev,FP 多抓,57927,1930.9,2-11,回合中段,11
ASY_vs_PC_2021,dev,FN 漏掉,57938,1931.27,2-11,回合中段,10
ASY_vs_PC_2021,dev,FP 多抓,57972,1932.4,2-11,回合中段,6
ASY_vs_PC_2021,dev,FN 漏掉,57978,1932.6,2-11,回合中段,6
ASY_vs_PC_2021,dev,FP 多抓,57984,1932.8,2-11,回合中段,6
ASY_vs_PC_2021,dev,FN 漏掉,57991,1933.03,2-11,回合中段,7
ASY_vs_PC_2021,dev,FP 多抓,59707,1990.23,2-13,回合中段,63
ASY_vs_PC_2021,dev,FP 多抓,59743,1991.43,2-13,回合中段,27
ASY_vs_PC_2021,dev,FN 漏掉,60609,2020.3,2-14,發球,12
ASY_vs_PC_2021,dev,FN 漏掉,61227,2040.9,2-15,發球,23
ASY_vs_PC_2021,dev,FN 漏掉,61284,2042.8,2-15,回合中段,12
ASY_vs_PC_2021,dev,FP 多抓,61534,2051.13,2-15,回合中段,16
ASY_vs_PC_2021,dev,FP 多抓,61582,2052.73,2-15,回合中段,8
ASY_vs_PC_2021,dev,FN 漏掉,61590,2053.0,2-15,回合中段,8
ASY_vs_PC_2021,dev,FP 多抓,61798,2059.93,2-15,回合中段,19
ASY_vs_PC_2021,dev,FP 多抓,62979,2099.3,2-16,回合中段,20
ASY_vs_PC_2021,dev,FP 多抓,62991,2099.7,2-16,回合中段,8
ASY_vs_PC_2021,dev,FN 漏掉,62999,2099.97,2-16,回合中段,8
ASY_vs_PC_2021,dev,FN 漏掉,63018,2100.6,2-16,最後一拍,27
ASY_vs_PC_2021,dev,FP 多抓,65348,2178.27,2-17,回合中段,8
ASY_vs_PC_2021,dev,FP 多抓,65955,2198.5,2-18,回合中段,8
ASY_vs_PC_2021,dev,FP 多抓,66316,2210.53,2-18,回合中段,13
ASY_vs_PC_2021,dev,FN 漏掉,66329,2210.97,2-18,最後一拍,13
ASY_vs_PC_2021,dev,FN 漏掉,67501,2250.03,2-20,發球,30
ASY_vs_PC_2021,dev,FN 漏掉,67611,2253.7,2-20,最後一拍,25
ASY_vs_PC_2021,dev,FP 多抓,68798,2293.27,2-21,回合中段,99
ASY_vs_PC_2021,dev,FP 多抓,68829,2294.3,2-21,回合中段,68
ASY_vs_PC_2021,dev,FP 多抓,68881,2296.03,2-21,回合中段,16
ASY_vs_PC_2021,dev,FP 多抓,68923,2297.43,2-21,回合中段,26
ASY_vs_PC_2021,dev,FP 多抓,69081,2302.7,2-21,回合中段,9
ASY_vs_PC_2021,dev,FP 多抓,69237,2307.9,2-21,回合中段,8
ASY_vs_PC_2021,dev,FN 漏掉,69245,2308.17,2-21,回合中段,8
ASY_vs_PC_2021,dev,FP 多抓,70156,2338.53,2-22,回合中段,12
ASY_vs_PC_2021,dev,FN 漏掉,70168,2338.93,2-22,回合中段,9
ASY_vs_PC_2021,dev,FP 多抓,70290,2343.0,2-22,回合中段,24
ASY_vs_PC_2021,dev,FN 漏掉,70320,2344.0,2-22,最後一拍,30
ASY_vs_PC_2021,dev,FP 多抓,72801,2426.7,2-25,回合中段,117
ASY_vs_PC_2021,dev,FP 多抓,72818,2427.27,2-25,回合中段,100
ASY_vs_PC_2021,dev,FP 多抓,72847,2428.23,2-25,回合中段,71
ASY_vs_PC_2021,dev,FP 多抓,72877,2429.23,2-25,回合中段,41
ASY_vs_PC_2021,dev,FP 多抓,72896,2429.87,2-25,回合中段,22
ASY_vs_PC_2021,dev,FP 多抓,73048,2434.93,2-25,回合中段,8
ASY_vs_PC_2021,dev,FN 漏掉,73056,2435.2,2-25,回合中段,8
ASY_vs_PC_2021,dev,FN 漏掉,73075,2435.83,2-25,回合中段,8
ASY_vs_PC_2021,dev,FP 多抓,73083,2436.1,2-25,回合中段,8
ASY_vs_PC_2021,dev,FP 多抓,73130,2437.67,2-25,回合中段,6
ASY_vs_PC_2021,dev,FN 漏掉,73136,2437.87,2-25,回合中段,6
ASY_vs_PC_2021,dev,FP 多抓,73167,2438.9,2-25,回合中段,6
ASY_vs_PC_2021,dev,FN 漏掉,73173,2439.1,2-25,回合中段,6
ASY_vs_PC_2021,dev,FP 多抓,73507,2450.23,2-25,回合中段,15
ASY_vs_PC_2021,dev,FN 漏掉,73548,2451.6,2-25,回合中段,25
ASY_vs_PC_2021,dev,FN 漏掉,73748,2458.27,2-25,回合中段,23
ASY_vs_PC_2021,dev,FN 漏掉,73826,2460.87,2-25,回合中段,21
ASY_vs_PC_2021,dev,FN 漏掉,73865,2462.17,2-25,最後一拍,18
ASY_vs_PC_2021,dev,FP 多抓,76649,2554.97,2-27,回合中段,6
ASY_vs_PC_2021,dev,FN 漏掉,76655,2555.17,2-27,回合中段,6
ASY_vs_PC_2021,dev,FP 多抓,77556,2585.2,2-28,回合中段,127
ASY_vs_PC_2021,dev,FP 多抓,77583,2586.1,2-28,回合中段,100
ASY_vs_PC_2021,dev,FP 多抓,77616,2587.2,2-28,回合中段,67
ASY_vs_PC_2021,dev,FP 多抓,77673,2589.1,2-28,回合中段,10
ASY_vs_PC_2021,dev,FN 漏掉,78310,2610.33,2-29,發球,21
ASY_vs_PC_2021,dev,FP 多抓,79385,2646.17,2-30,回合中段,10
ASY_vs_PC_2021,dev,FP 多抓,79557,2651.9,2-30,回合中段,7
ASY_vs_PC_2021,dev,FN 漏掉,79564,2652.13,2-30,回合中段,7
ASY_vs_PC_2021,dev,FN 漏掉,79879,2662.63,2-30,回合中段,36
ASY_vs_PC_2021,dev,FN 漏掉,79907,2663.57,2-30,最後一拍,64
ASY_vs_PC_2021,dev,FP 多抓,81059,2701.97,2-31,回合中段,9
ASY_vs_PC_2021,dev,FN 漏掉,81068,2702.27,2-31,回合中段,9
ASY_vs_PC_2021,dev,FP 多抓,82366,2745.53,2-32,回合中段,6
ASY_vs_PC_2021,dev,FN 漏掉,82372,2745.73,2-32,回合中段,6
ASY_vs_PC_2021,dev,FP 多抓,82379,2745.97,2-32,回合中段,7
ASY_vs_PC_2021,dev,FN 漏掉,82386,2746.2,2-32,回合中段,7
ASY_vs_PC_2021,dev,FN 漏掉,83123,2770.77,2-33,發球,15
ASY_vs_PC_2021,dev,FP 多抓,83205,2773.5,2-33,回合中段,6
ASY_vs_PC_2021,dev,FN 漏掉,83211,2773.7,2-33,回合中段,6
ASY_vs_PC_2021,dev,FP 多抓,83221,2774.03,2-33,回合中段,6
ASY_vs_PC_2021,dev,FN 漏掉,83227,2774.23,2-33,回合中段,6
ASY_vs_PC_2021,dev,FP 多抓,84007,2800.23,2-33,回合中段,17
ASY_vs_PC_2021,dev,FN 漏掉,84024,2800.8,2-33,最後一拍,17
ASY_vs_PC_2021,dev,FP 多抓,86000,2866.67,2-35,回合中段,16
ASY_vs_PC_2021,dev,FP 多抓,86018,2867.27,2-35,回合中段,12
ASY_vs_PC_2021,dev,FN 漏掉,86030,2867.67,2-35,回合中段,8
ASY_vs_PC_2021,dev,FP 多抓,86038,2867.93,2-35,回合中段,6
ASY_vs_PC_2021,dev,FN 漏掉,86044,2868.13,2-35,回合中段,6
ASY_vs_PC_2021,dev,FP 多抓,86658,2888.6,2-36,回合中段,64
ASY_vs_PC_2021,dev,FP 多抓,86683,2889.43,2-36,回合中段,39
ASY_vs_PC_2021,dev,FP 多抓,86816,2893.87,2-36,回合中段,19
ASY_vs_PC_2021,dev,FP 多抓,86828,2894.27,2-36,回合中段,12
ASY_vs_PC_2021,dev,FN 漏掉,86840,2894.67,2-36,回合中段,12
ASY_vs_PC_2021,dev,FN 漏掉,86946,2898.2,2-36,回合中段,32
ASY_vs_PC_2021,dev,FN 漏掉,86969,2898.97,2-36,回合中段,55
ASY_vs_PC_2021,dev,FN 漏掉,86994,2899.8,2-36,最後一拍,80
ASY_vs_PC_2021,dev,FP 多抓,87931,2931.03,2-37,回合中段,18
ASY_vs_PC_2021,dev,FP 多抓,88657,2955.23,2-38,回合中段,191
ASY_vs_PC_2021,dev,FP 多抓,88668,2955.6,2-38,回合中段,180
ASY_vs_PC_2021,dev,FP 多抓,88686,2956.2,2-38,回合中段,162
ASY_vs_PC_2021,dev,FP 多抓,88713,2957.1,2-38,回合中段,135
ASY_vs_PC_2021,dev,FP 多抓,88731,2957.7,2-38,回合中段,117
ASY_vs_PC_2021,dev,FP 多抓,88744,2958.13,2-38,回合中段,104
ASY_vs_PC_2021,dev,FP 多抓,88771,2959.03,2-38,回合中段,77
ASY_vs_PC_2021,dev,FP 多抓,88791,2959.7,2-38,回合中段,57
ASY_vs_PC_2021,dev,FP 多抓,88822,2960.73,2-38,回合中段,26
ASY_vs_PC_2021,dev,FP 多抓,88877,2962.57,2-38,回合中段,20
ASY_vs_PC_2021,dev,FP 多抓,89684,2989.47,2-39,回合中段,20
ASY_vs_PC_2021,dev,FP 多抓,89701,2990.03,2-39,回合中段,28
ASY_vs_PC_2021,dev,FP 多抓,90004,3000.13,2-39,回合中段,6
ASY_vs_PC_2021,dev,FN 漏掉,90010,3000.33,2-39,回合中段,6
CTC_vs_CL_2019,dev,FN 漏掉,11710,468.4,1-1,發球,18
CTC_vs_CL_2019,dev,FN 漏掉,13644,545.76,1-3,回合中段,15
CTC_vs_CL_2019,dev,FP 多抓,13810,552.4,1-3,回合中段,19
CTC_vs_CL_2019,dev,FN 漏掉,13829,553.16,1-3,最後一拍,19
CTC_vs_CL_2019,dev,FN 漏掉,14384,575.36,1-4,發球,12
CTC_vs_CL_2019,dev,FN 漏掉,14853,594.12,1-5,發球,4
CTC_vs_CL_2019,dev,FN 漏掉,16025,641.0,1-6,發球,8
CTC_vs_CL_2019,dev,FN 漏掉,16719,668.76,1-7,回合中段,9
CTC_vs_CL_2019,dev,FP 多抓,16728,669.12,1-7,回合中段,9
CTC_vs_CL_2019,dev,FN 漏掉,18955,758.2,1-10,發球,3
CTC_vs_CL_2019,dev,FP 多抓,20854,834.16,1-12,回合中段,14
CTC_vs_CL_2019,dev,FN 漏掉,20870,834.8,1-12,回合中段,16
CTC_vs_CL_2019,dev,FN 漏掉,21206,848.24,1-12,最後一拍,9
CTC_vs_CL_2019,dev,FN 漏掉,22003,880.12,1-13,回合中段,9
CTC_vs_CL_2019,dev,FN 漏掉,23055,922.2,1-15,發球,10
CTC_vs_CL_2019,dev,FN 漏掉,26840,1073.6,1-18,發球,7
CTC_vs_CL_2019,dev,FN 漏掉,26985,1079.4,1-18,回合中段,12
CTC_vs_CL_2019,dev,FN 漏掉,27062,1082.48,1-18,回合中段,10
CTC_vs_CL_2019,dev,FN 漏掉,27792,1111.68,1-18,最後一拍,11
CTC_vs_CL_2019,dev,FN 漏掉,29269,1170.76,1-19,發球,10
CTC_vs_CL_2019,dev,FN 漏掉,31603,1264.12,1-20,回合中段,15
CTC_vs_CL_2019,dev,FN 漏掉,35062,1402.48,1-26,發球,12
CTC_vs_CL_2019,dev,FN 漏掉,35102,1404.08,1-26,回合中段,11
CTC_vs_CL_2019,dev,FN 漏掉,35158,1406.32,1-26,回合中段,7
CTC_vs_CL_2019,dev,FN 漏掉,37004,1480.16,1-28,發球,4
CTC_vs_CL_2019,dev,FN 漏掉,40154,1606.16,1-31,最後一拍,19
CTC_vs_CL_2019,dev,FN 漏掉,40596,1623.84,1-32,發球,11
CTC_vs_CL_2019,dev,FN 漏掉,40596,1623.84,1-32,發球,11
CTC_vs_CL_2019,dev,FN 漏掉,41097,1643.88,1-33,發球,12
CTC_vs_CL_2019,dev,FN 漏掉,41202,1648.08,1-33,回合中段,10
CTC_vs_CL_2019,dev,FN 漏掉,43979,1759.16,1-35,回合中段,12
CTC_vs_CL_2019,dev,FN 漏掉,44006,1760.24,1-35,回合中段,9
CTC_vs_CL_2019,dev,FN 漏掉,44417,1776.68,1-36,發球,11
CTC_vs_CL_2019,dev,FN 漏掉,50362,2014.48,2-2,回合中段,10
CTC_vs_CL_2019,dev,FN 漏掉,50494,2019.76,2-2,回合中段,9
CTC_vs_CL_2019,dev,FN 漏掉,51208,2048.32,2-3,發球,12
CTC_vs_CL_2019,dev,FN 漏掉,51208,2048.32,2-3,發球,12
CTC_vs_CL_2019,dev,FN 漏掉,52328,2093.12,2-4,回合中段,11
CTC_vs_CL_2019,dev,FN 漏掉,53631,2145.24,2-6,發球,436
CTC_vs_CL_2019,dev,FN 漏掉,54889,2195.56,2-9,發球,6
CTC_vs_CL_2019,dev,FP 多抓,54895,2195.8,2-9,回合中段,6
CTC_vs_CL_2019,dev,FP 多抓,55115,2204.6,2-9,回合中段,14
CTC_vs_CL_2019,dev,FN 漏掉,57982,2319.28,2-11,發球,0
CTC_vs_CL_2019,dev,FN 漏掉,61153,2446.12,2-14,最後一拍,14
CTC_vs_CL_2019,dev,FN 漏掉,61827,2473.08,2-15,回合中段,6
CTC_vs_CL_2019,dev,FN 漏掉,64097,2563.88,2-18,發球,17
CTC_vs_CL_2019,dev,FP 多抓,64170,2566.8,2-18,回合中段,14
CTC_vs_CL_2019,dev,FN 漏掉,65022,2600.88,2-19,發球,12
CTC_vs_CL_2019,dev,FN 漏掉,70590,2823.6,2-24,最後一拍,24
CTC_vs_CL_2019,dev,FN 漏掉,70965,2838.6,2-25,發球,12
CTC_vs_CL_2019,dev,FP 多抓,70977,2839.08,2-25,回合中段,12
CTC_vs_CL_2019,dev,FP 多抓,71091,2843.64,2-25,回合中段,6
CTC_vs_CL_2019,dev,FN 漏掉,71097,2843.88,2-25,回合中段,6
CTC_vs_CL_2019,dev,FN 漏掉,72488,2899.52,2-26,回合中段,6
CTC_vs_CL_2019,dev,FP 多抓,72494,2899.76,2-26,回合中段,6
CTC_vs_CL_2019,dev,FN 漏掉,73421,2936.84,2-27,發球,10
CTC_vs_CL_2019,dev,FP 多抓,73431,2937.24,2-27,回合中段,10
CTC_vs_CL_2019,dev,FN 漏掉,74094,2963.76,2-28,發球,17
CTC_vs_CL_2019,dev,FP 多抓,74783,2991.32,2-29,回合中段,17
CTC_vs_CL_2019,dev,FN 漏掉,74804,2992.16,2-29,回合中段,14
CTC_vs_CL_2019,dev,FN 漏掉,76370,3054.8,2-31,發球,19
CTC_vs_CL_2019,dev,FP 多抓,76389,3055.56,2-31,回合中段,9
CTC_vs_CL_2019,dev,FN 漏掉,76429,3057.16,2-31,回合中段,17
CTC_vs_CL_2019,dev,FN 漏掉,77692,3107.68,2-32,發球,19
CTC_vs_CL_2019,dev,FP 多抓,77721,3108.84,2-32,回合中段,9
CTC_vs_CL_2019,dev,FN 漏掉,78595,3143.8,2-33,回合中段,14
CTC_vs_CL_2019,dev,FN 漏掉,78647,3145.88,2-33,回合中段,20
CTC_vs_CL_2019,dev,FN 漏掉,78673,3146.92,2-33,回合中段,46
CTC_vs_CL_2019,dev,FN 漏掉,78687,3147.48,2-33,最後一拍,60
CTC_vs_CL_2019,dev,FN 漏掉,79495,3179.8,2-34,發球,16
CTC_vs_CL_2019,dev,FN 漏掉,79568,3182.72,2-34,回合中段,9
CTC_vs_CL_2019,dev,FN 漏掉,79583,3183.32,2-34,回合中段,5
CTC_vs_CL_2019,dev,FN 漏掉,83403,3336.12,2-37,回合中段,10
CTC_vs_CL_2019,dev,FP 多抓,85784,3431.36,2-38,回合中段,2
CTC_vs_CL_2019,dev,FN 漏掉,87483,3499.32,2-39,回合中段,34
CTC_vs_CL_2019,dev,FN 漏掉,87503,3500.12,2-39,回合中段,19
CTC_vs_CL_2019,dev,FN 漏掉,87535,3501.4,2-39,最後一拍,13
MK_vs_CT_2019,dev,FN 漏掉,11496,459.84,1-1,發球,63
MK_vs_CT_2019,dev,FP 多抓,11559,462.36,1-1,回合中段,23
MK_vs_CT_2019,dev,FN 漏掉,11582,463.28,1-1,最後一拍,23
MK_vs_CT_2019,dev,FN 漏掉,11881,475.24,1-2,發球,13
MK_vs_CT_2019,dev,FP 多抓,11894,475.76,1-2,回合中段,6
MK_vs_CT_2019,dev,FN 漏掉,11900,476.0,1-2,回合中段,6
MK_vs_CT_2019,dev,FP 多抓,11927,477.08,1-2,回合中段,6
MK_vs_CT_2019,dev,FN 漏掉,11934,477.36,1-2,回合中段,7
MK_vs_CT_2019,dev,FN 漏掉,12298,491.92,1-3,發球,12
MK_vs_CT_2019,dev,FP 多抓,12621,504.84,1-3,回合中段,10
MK_vs_CT_2019,dev,FN 漏掉,12631,505.24,1-3,回合中段,10
MK_vs_CT_2019,dev,FN 漏掉,12942,517.68,1-3,最後一拍,33
MK_vs_CT_2019,dev,FN 漏掉,14943,597.72,1-6,發球,25
MK_vs_CT_2019,dev,FN 漏掉,15035,601.4,1-6,最後一拍,22
MK_vs_CT_2019,dev,FN 漏掉,15374,614.96,1-7,發球,9
MK_vs_CT_2019,dev,FP 多抓,15875,635.0,1-8,回合中段,6
MK_vs_CT_2019,dev,FN 漏掉,15881,635.24,1-8,最後一拍,6
MK_vs_CT_2019,dev,FN 漏掉,16313,652.52,1-9,回合中段,10
MK_vs_CT_2019,dev,FP 多抓,16323,652.92,1-9,回合中段,10
MK_vs_CT_2019,dev,FP 多抓,16631,665.24,1-9,回合中段,6
MK_vs_CT_2019,dev,FN 漏掉,16637,665.48,1-9,回合中段,6
MK_vs_CT_2019,dev,FN 漏掉,17990,719.6,1-11,發球,6
MK_vs_CT_2019,dev,FN 漏掉,19583,783.32,1-12,發球,4
MK_vs_CT_2019,dev,FN 漏掉,19751,790.04,1-12,回合中段,6
MK_vs_CT_2019,dev,FP 多抓,19757,790.28,1-12,回合中段,6
MK_vs_CT_2019,dev,FP 多抓,20338,813.52,1-12,回合中段,11
MK_vs_CT_2019,dev,FN 漏掉,20349,813.96,1-12,回合中段,11
MK_vs_CT_2019,dev,FP 多抓,20449,817.96,1-12,回合中段,11
MK_vs_CT_2019,dev,FN 漏掉,21006,840.24,1-13,發球,14
MK_vs_CT_2019,dev,FP 多抓,21282,851.28,1-13,回合中段,8
MK_vs_CT_2019,dev,FN 漏掉,21290,851.6,1-13,回合中段,8
MK_vs_CT_2019,dev,FP 多抓,21694,867.76,1-13,回合中段,6
MK_vs_CT_2019,dev,FN 漏掉,21700,868.0,1-13,回合中段,6
MK_vs_CT_2019,dev,FN 漏掉,23058,922.32,1-14,發球,13
MK_vs_CT_2019,dev,FN 漏掉,24978,999.12,1-16,發球,10
MK_vs_CT_2019,dev,FP 多抓,25129,1005.16,1-16,回合中段,13
MK_vs_CT_2019,dev,FN 漏掉,25449,1017.96,1-16,回合中段,17
MK_vs_CT_2019,dev,FN 漏掉,27660,1106.4,1-17,回合中段,16
MK_vs_CT_2019,dev,FN 漏掉,28288,1131.52,1-18,回合中段,8
MK_vs_CT_2019,dev,FP 多抓,28296,1131.84,1-18,回合中段,8
MK_vs_CT_2019,dev,FN 漏掉,28402,1136.08,1-18,回合中段,11
MK_vs_CT_2019,dev,FN 漏掉,28677,1147.08,1-18,最後一拍,17
MK_vs_CT_2019,dev,FN 漏掉,31753,1270.12,1-21,發球,4
MK_vs_CT_2019,dev,FN 漏掉,33176,1327.04,1-23,最後一拍,22
MK_vs_CT_2019,dev,FN 漏掉,33608,1344.32,1-24,發球,13
MK_vs_CT_2019,dev,FN 漏掉,34896,1395.84,1-25,發球,28
MK_vs_CT_2019,dev,FN 漏掉,35145,1405.8,1-25,回合中段,9
MK_vs_CT_2019,dev,FN 漏掉,35242,1409.68,1-25,最後一拍,12
MK_vs_CT_2019,dev,FN 漏掉,35812,1432.48,1-26,發球,13
MK_vs_CT_2019,dev,FP 多抓,35959,1438.36,1-26,回合中段,7
MK_vs_CT_2019,dev,FN 漏掉,35966,1438.64,1-26,回合中段,7
MK_vs_CT_2019,dev,FN 漏掉,36048,1441.92,1-26,最後一拍,41
MK_vs_CT_2019,dev,FP 多抓,37387,1495.48,1-27,回合中段,8
MK_vs_CT_2019,dev,FN 漏掉,37520,1500.8,1-27,回合中段,20
MK_vs_CT_2019,dev,FP 多抓,37540,1501.6,1-27,回合中段,6
MK_vs_CT_2019,dev,FN 漏掉,37546,1501.84,1-27,回合中段,6
MK_vs_CT_2019,dev,FN 漏掉,37660,1506.4,1-27,回合中段,17
MK_vs_CT_2019,dev,FP 多抓,37677,1507.08,1-27,回合中段,11
MK_vs_CT_2019,dev,FP 多抓,38381,1535.24,1-28,發球之前,5
MK_vs_CT_2019,dev,FN 漏掉,39814,1592.56,1-29,發球,6
MK_vs_CT_2019,dev,FP 多抓,39820,1592.8,1-29,回合中段,6
MK_vs_CT_2019,dev,FN 漏掉,39828,1593.12,1-29,回合中段,8
MK_vs_CT_2019,dev,FN 漏掉,39838,1593.52,1-29,回合中段,18
MK_vs_CT_2019,dev,FN 漏掉,39869,1594.76,1-29,回合中段,19
MK_vs_CT_2019,dev,FN 漏掉,40621,1624.84,1-30,回合中段,15
MK_vs_CT_2019,dev,FN 漏掉,40674,1626.96,1-30,回合中段,16
MK_vs_CT_2019,dev,FN 漏掉,41775,1671.0,1-31,回合中段,12
MK_vs_CT_2019,dev,FN 漏掉,42412,1696.48,1-32,回合中段,9
MK_vs_CT_2019,dev,FP 多抓,44481,1779.24,1-36,回合中段,8
MK_vs_CT_2019,dev,FN 漏掉,44489,1779.56,1-36,回合中段,8
MK_vs_CT_2019,dev,FN 漏掉,48521,1940.84,2-1,發球,5
MK_vs_CT_2019,dev,FN 漏掉,48966,1958.64,2-2,發球,28
MK_vs_CT_2019,dev,FP 多抓,48994,1959.76,2-2,回合中段,19
MK_vs_CT_2019,dev,FP 多抓,49007,1960.28,2-2,回合中段,6
MK_vs_CT_2019,dev,FN 漏掉,49013,1960.52,2-2,回合中段,6
MK_vs_CT_2019,dev,FN 漏掉,49590,1983.6,2-3,發球,11
MK_vs_CT_2019,dev,FP 多抓,50799,2031.96,2-6,回合中段,10
MK_vs_CT_2019,dev,FN 漏掉,50867,2034.68,2-6,回合中段,14
MK_vs_CT_2019,dev,FN 漏掉,51285,2051.4,2-7,發球,13
MK_vs_CT_2019,dev,FP 多抓,53224,2128.96,2-9,回合中段,12
MK_vs_CT_2019,dev,FN 漏掉,53236,2129.44,2-9,回合中段,12
MK_vs_CT_2019,dev,FN 漏掉,53274,2130.96,2-9,回合中段,17
MK_vs_CT_2019,dev,FP 多抓,53666,2146.64,2-9,回合中段,8
MK_vs_CT_2019,dev,FN 漏掉,53674,2146.96,2-9,最後一拍,8
MK_vs_CT_2019,dev,FN 漏掉,55160,2206.4,2-10,回合中段,15
MK_vs_CT_2019,dev,FN 漏掉,55391,2215.64,2-10,最後一拍,4
MK_vs_CT_2019,dev,FN 漏掉,55995,2239.8,2-11,回合中段,9
MK_vs_CT_2019,dev,FP 多抓,56004,2240.16,2-11,回合中段,9
MK_vs_CT_2019,dev,FN 漏掉,56051,2242.04,2-11,回合中段,9
MK_vs_CT_2019,dev,FP 多抓,56060,2242.4,2-11,回合中段,9
MK_vs_CT_2019,dev,FP 多抓,56324,2252.96,2-11,回合中段,9
MK_vs_CT_2019,dev,FN 漏掉,56351,2254.04,2-11,最後一拍,15
MK_vs_CT_2019,dev,FN 漏掉,56790,2271.6,2-12,發球,19
MK_vs_CT_2019,dev,FP 多抓,56898,2275.92,2-12,回合中段,16
MK_vs_CT_2019,dev,FN 漏掉,56916,2276.64,2-12,回合中段,17
MK_vs_CT_2019,dev,FN 漏掉,57155,2286.2,2-12,最後一拍,28
MK_vs_CT_2019,dev,FN 漏掉,58820,2352.8,2-14,發球,10
MK_vs_CT_2019,dev,FP 多抓,58946,2357.84,2-14,回合中段,14
MK_vs_CT_2019,dev,FN 漏掉,59395,2375.8,2-15,發球,15
MK_vs_CT_2019,dev,FN 漏掉,59395,2375.8,2-15,發球,15
MK_vs_CT_2019,dev,FN 漏掉,59963,2398.52,2-16,發球,45
MK_vs_CT_2019,dev,FN 漏掉,59988,2399.52,2-16,回合中段,20
MK_vs_CT_2019,dev,FN 漏掉,60663,2426.52,2-17,回合中段,9
MK_vs_CT_2019,dev,FN 漏掉,62818,2512.72,2-18,回合中段,9
MK_vs_CT_2019,dev,FN 漏掉,63753,2550.12,2-19,發球,16
MK_vs_CT_2019,dev,FN 漏掉,63839,2553.56,2-19,回合中段,6
MK_vs_CT_2019,dev,FN 漏掉,63874,2554.96,2-19,回合中段,15
MK_vs_CT_2019,dev,FP 多抓,64215,2568.6,2-19,回合中段,6
MK_vs_CT_2019,dev,FN 漏掉,64221,2568.84,2-19,最後一拍,6
MK_vs_CT_2019,dev,FN 漏掉,64711,2588.44,2-20,發球,21
MK_vs_CT_2019,dev,FP 多抓,64732,2589.28,2-20,回合中段,13
MK_vs_CT_2019,dev,FN 漏掉,64759,2590.36,2-20,最後一拍,16
MK_vs_CT_2019,dev,FN 漏掉,65464,2618.56,2-21,最後一拍,11
MK_vs_CT_2019,dev,FN 漏掉,66019,2640.76,2-22,發球,13
MK_vs_CT_2019,dev,FN 漏掉,66065,2642.6,2-22,回合中段,7
MK_vs_CT_2019,dev,FP 多抓,66072,2642.88,2-22,回合中段,7
MK_vs_CT_2019,dev,FP 多抓,66154,2646.16,2-22,回合中段,6
MK_vs_CT_2019,dev,FN 漏掉,66160,2646.4,2-22,回合中段,6
MK_vs_CT_2019,dev,FN 漏掉,66256,2650.24,2-22,最後一拍,60
MK_vs_CT_2019,dev,FP 多抓,66733,2669.32,2-23,回合中段,7
MK_vs_CT_2019,dev,FN 漏掉,66740,2669.6,2-23,回合中段,7
MK_vs_CT_2019,dev,FP 多抓,66747,2669.88,2-23,回合中段,7
MK_vs_CT_2019,dev,FN 漏掉,67619,2704.76,2-24,發球,16
MK_vs_CT_2019,dev,FP 多抓,67991,2719.64,2-24,回合中段,9
MK_vs_CT_2019,dev,FP 多抓,68215,2728.6,2-24,回合中段,8
MK_vs_CT_2019,dev,FN 漏掉,68619,2744.76,2-24,回合中段,20
MK_vs_CT_2019,dev,FN 漏掉,70177,2807.08,2-25,發球,48
MK_vs_CT_2019,dev,FP 多抓,70225,2809.0,2-25,回合中段,19
MK_vs_CT_2019,dev,FP 多抓,70282,2811.28,2-25,回合中段,6
MK_vs_CT_2019,dev,FN 漏掉,70288,2811.52,2-25,回合中段,6
MK_vs_CT_2019,dev,FP 多抓,70428,2817.12,2-25,回合中段,7
MK_vs_CT_2019,dev,FN 漏掉,70456,2818.24,2-25,回合中段,17
MK_vs_CT_2019,dev,FN 漏掉,70713,2828.52,2-25,回合中段,6
MK_vs_CT_2019,dev,FP 多抓,70719,2828.76,2-25,回合中段,6
MK_vs_CT_2019,dev,FN 漏掉,70935,2837.4,2-25,回合中段,35
MK_vs_CT_2019,dev,FN 漏掉,70951,2838.04,2-25,最後一拍,51
MK_vs_CT_2019,dev,FN 漏掉,71547,2861.88,2-26,發球,27
MK_vs_CT_2019,dev,FN 漏掉,71547,2861.88,2-26,發球,27
MK_vs_CT_2019,dev,FP 多抓,73015,2920.6,2-28,回合中段,6
MK_vs_CT_2019,dev,FN 漏掉,73021,2920.84,2-28,回合中段,6
MK_vs_CT_2019,dev,FN 漏掉,73145,2925.8,2-28,回合中段,17
MK_vs_CT_2019,dev,FP 多抓,73245,2929.8,2-28,回合中段,7
MK_vs_CT_2019,dev,FN 漏掉,73252,2930.08,2-28,回合中段,7
MK_vs_CT_2019,dev,FN 漏掉,74519,2980.76,2-29,發球,17
MK_vs_CT_2019,dev,FP 多抓,75406,3016.24,2-30,回合中段,14
MK_vs_CT_2019,dev,FP 多抓,75467,3018.68,2-30,回合中段,6
MK_vs_CT_2019,dev,FN 漏掉,75473,3018.92,2-30,回合中段,6
MK_vs_CT_2019,dev,FN 漏掉,76925,3077.0,2-31,發球,8
MK_vs_CT_2019,dev,FP 多抓,77047,3081.88,2-31,回合中段,10
MK_vs_CT_2019,dev,FP 多抓,77868,3114.72,2-32,回合中段,6
MK_vs_CT_2019,dev,FN 漏掉,77874,3114.96,2-32,最後一拍,6
MK_vs_CT_2019,dev,FP 多抓,78549,3141.96,2-33,回合中段,15
MK_vs_CT_2019,dev,FN 漏掉,78567,3142.68,2-33,回合中段,18
MK_vs_CT_2019,dev,FN 漏掉,79832,3193.28,2-34,發球,15
MK_vs_CT_2019,dev,FN 漏掉,80121,3204.84,2-34,回合中段,16
MK_vs_CT_2019,dev,FP 多抓,80446,3217.84,2-34,回合中段,12
MK_vs_CT_2019,dev,FP 多抓,80480,3219.2,2-34,回合中段,6
MK_vs_CT_2019,dev,FN 漏掉,80486,3219.44,2-34,回合中段,6
MK_vs_CT_2019,dev,FN 漏掉,82419,3296.76,2-35,發球,14
MK_vs_CT_2019,dev,FP 多抓,83930,3357.2,2-36,回合中段,6
MK_vs_CT_2019,dev,FN 漏掉,83936,3357.44,2-36,回合中段,6
MK_vs_CT_2019,dev,FP 多抓,84330,3373.2,2-36,回合中段,13
MK_vs_CT_2019,dev,FN 漏掉,84347,3373.88,2-36,回合中段,17
MK_vs_CT_2019,dev,FN 漏掉,84467,3378.68,2-36,回合中段,20
MK_vs_CT_2019,dev,FP 多抓,84573,3382.92,2-36,回合中段,6
MK_vs_CT_2019,dev,FN 漏掉,84579,3383.16,2-36,回合中段,6
MK_vs_CT_2019,dev,FP 多抓,85984,3439.36,2-37,回合中段,13
MK_vs_CT_2019,dev,FN 漏掉,85999,3439.96,2-37,回合中段,15
MK_vs_CT_2019,dev,FP 多抓,86110,3444.4,2-37,回合中段,5
MK_vs_CT_2019,dev,FN 漏掉,86123,3444.92,2-37,回合中段,4
MK_vs_CT_2019,dev,FN 漏掉,87242,3489.68,2-38,回合中段,13
MK_vs_CT_2019,dev,FN 漏掉,87454,3498.16,2-38,回合中段,11
MK_vs_CT_2019,dev,FN 漏掉,91191,3647.64,3-1,發球,12
MK_vs_CT_2019,dev,FN 漏掉,91658,3666.32,3-2,發球,9
MK_vs_CT_2019,dev,FP 多抓,91889,3675.56,3-2,回合中段,8
MK_vs_CT_2019,dev,FN 漏掉,91903,3676.12,3-2,回合中段,14
MK_vs_CT_2019,dev,FN 漏掉,92752,3710.08,3-3,發球,15
MK_vs_CT_2019,dev,FP 多抓,93038,3721.52,3-3,回合中段,8
MK_vs_CT_2019,dev,FN 漏掉,93046,3721.84,3-3,回合中段,8
MK_vs_CT_2019,dev,FP 多抓,93621,3744.84,3-4,回合中段,6
MK_vs_CT_2019,dev,FN 漏掉,93627,3745.08,3-4,回合中段,6
MK_vs_CT_2019,dev,FN 漏掉,93658,3746.32,3-4,回合中段,13
MK_vs_CT_2019,dev,FP 多抓,95004,3800.16,3-5,回合中段,10
MK_vs_CT_2019,dev,FN 漏掉,95062,3802.48,3-5,最後一拍,17
MK_vs_CT_2019,dev,FN 漏掉,95807,3832.28,3-6,發球,14
MK_vs_CT_2019,dev,FP 多抓,96102,3844.08,3-6,回合中段,6
MK_vs_CT_2019,dev,FN 漏掉,96108,3844.32,3-6,回合中段,6
MK_vs_CT_2019,dev,FP 多抓,96327,3853.08,3-6,回合中段,6
MK_vs_CT_2019,dev,FN 漏掉,96333,3853.32,3-6,回合中段,6
MK_vs_CT_2019,dev,FP 多抓,96380,3855.2,3-6,回合中段,12
MK_vs_CT_2019,dev,FN 漏掉,96392,3855.68,3-6,回合中段,7
MK_vs_CT_2019,dev,FP 多抓,96399,3855.96,3-6,回合中段,7
MK_vs_CT_2019,dev,FP 多抓,96509,3860.36,3-6,回合中段,16
MK_vs_CT_2019,dev,FN 漏掉,96525,3861.0,3-6,回合中段,16
MK_vs_CT_2019,dev,FN 漏掉,97194,3887.76,3-7,發球,20
MK_vs_CT_2019,dev,FN 漏掉,97250,3890.0,3-7,回合中段,31
MK_vs_CT_2019,dev,FP 多抓,97523,3900.92,3-7,回合中段,7
MK_vs_CT_2019,dev,FN 漏掉,97530,3901.2,3-7,最後一拍,7
MK_vs_CT_2019,dev,FN 漏掉,98066,3922.64,3-8,發球,25
MK_vs_CT_2019,dev,FN 漏掉,98104,3924.16,3-8,回合中段,13
MK_vs_CT_2019,dev,FP 多抓,98312,3932.48,3-8,回合中段,12
MK_vs_CT_2019,dev,FN 漏掉,98324,3932.96,3-8,回合中段,12
MK_vs_CT_2019,dev,FN 漏掉,102070,4082.8,3-10,最後一拍,26
MK_vs_CT_2019,dev,FN 漏掉,103933,4157.32,3-12,發球,16
MK_vs_CT_2019,dev,FN 漏掉,106526,4261.04,3-15,發球,376
MK_vs_CT_2019,dev,FN 漏掉,106548,4261.92,3-15,最後一拍,354
MK_vs_CT_2019,dev,FP 多抓,107639,4305.56,3-17,回合中段,5
MK_vs_CT_2019,dev,FN 漏掉,107664,4306.56,3-17,回合中段,5
MK_vs_CT_2019,dev,FN 漏掉,107676,4307.04,3-17,回合中段,16
MK_vs_CT_2019,dev,FN 漏掉,107785,4311.4,3-17,回合中段,19
MK_vs_CT_2019,dev,FN 漏掉,107831,4313.24,3-17,回合中段,18
MK_vs_CT_2019,dev,FN 漏掉,108317,4332.68,3-18,發球,468
MK_vs_CT_2019,dev,FN 漏掉,108337,4333.48,3-18,最後一拍,488
MK_vs_CT_2019,dev,FP 多抓,108901,4356.04,3-19,回合中段,6
MK_vs_CT_2019,dev,FN 漏掉,108907,4356.28,3-19,回合中段,6
MK_vs_CT_2019,dev,FP 多抓,108956,4358.24,3-19,回合中段,12
MK_vs_CT_2019,dev,FP 多抓,108982,4359.28,3-19,回合中段,8
MK_vs_CT_2019,dev,FN 漏掉,108990,4359.6,3-19,回合中段,8
MK_vs_CT_2019,dev,FN 漏掉,109105,4364.2,3-19,回合中段,17
MK_vs_CT_2019,dev,FP 多抓,109407,4376.28,3-19,回合中段,7
MK_vs_CT_2019,dev,FN 漏掉,109414,4376.56,3-19,回合中段,7
MK_vs_CT_2019,dev,FN 漏掉,109689,4387.56,3-19,回合中段,17
MK_vs_CT_2019,dev,FP 多抓,109715,4388.6,3-19,回合中段,6
MK_vs_CT_2019,dev,FN 漏掉,109792,4391.68,3-19,最後一拍,42
MK_vs_CT_2019,dev,FN 漏掉,113075,4523.0,3-21,發球,11
MK_vs_CT_2019,dev,FP 多抓,113127,4525.08,3-21,回合中段,9
MK_vs_CT_2019,dev,FP 多抓,113204,4528.16,3-21,回合中段,12
MK_vs_CT_2019,dev,FP 多抓,113216,4528.64,3-21,回合中段,23
MK_vs_CT_2019,dev,FN 漏掉,113249,4529.96,3-21,回合中段,11
MK_vs_CT_2019,dev,FN 漏掉,114049,4561.96,3-22,回合中段,9
MK_vs_CT_2019,dev,FP 多抓,116238,4649.52,3-24,回合中段,7
MK_vs_CT_2019,dev,FN 漏掉,116245,4649.8,3-24,回合中段,7
MK_vs_CT_2019,dev,FN 漏掉,116775,4671.0,3-25,發球,14
MK_vs_CT_2019,dev,FP 多抓,117143,4685.72,3-25,回合中段,16
MK_vs_CT_2019,dev,FN 漏掉,117160,4686.4,3-25,回合中段,13
MK_vs_CT_2019,dev,FN 漏掉,118904,4756.16,3-26,發球,13
MK_vs_CT_2019,dev,FP 多抓,119158,4766.32,3-26,回合中段,12
MK_vs_CT_2019,dev,FP 多抓,119706,4788.24,3-26,回合中段,6
MK_vs_CT_2019,dev,FN 漏掉,119712,4788.48,3-26,回合中段,6
MK_vs_CT_2019,dev,FN 漏掉,119953,4798.12,3-26,最後一拍,22
MK_vs_CT_2019,dev,FN 漏掉,121539,4861.56,3-27,發球,104
MK_vs_CT_2019,dev,FN 漏掉,121566,4862.64,3-27,回合中段,77
MK_vs_CT_2019,dev,FN 漏掉,121592,4863.68,3-27,回合中段,51
MK_vs_CT_2019,dev,FN 漏掉,121660,4866.4,3-27,回合中段,16
MK_vs_CT_2019,dev,FN 漏掉,121698,4867.92,3-27,回合中段,15
MK_vs_CT_2019,dev,FN 漏掉,122326,4893.04,3-28,發球,11
MK_vs_CT_2019,dev,FN 漏掉,122461,4898.44,3-28,最後一拍,19
MK_vs_CT_2019,dev,FP 多抓,124903,4996.12,3-30,回合中段,8
MK_vs_CT_2019,dev,FN 漏掉,124911,4996.44,3-30,回合中段,8
MK_vs_CT_2019,dev,FP 多抓,125180,5007.2,3-30,回合中段,7
MK_vs_CT_2019,dev,FN 漏掉,126029,5041.16,3-31,回合中段,15
MK_vs_CT_2019,dev,FP 多抓,126434,5057.36,3-31,回合中段,6
MK_vs_CT_2019,dev,FN 漏掉,126440,5057.6,3-31,回合中段,6
MK_vs_CT_2019,dev,FN 漏掉,127853,5114.12,3-32,發球,10
MK_vs_CT_2019,dev,FP 多抓,128834,5153.36,3-33,回合中段,6
MK_vs_CT_2019,dev,FN 漏掉,128840,5153.6,3-33,回合中段,6
MK_vs_CT_2019,dev,FP 多抓,128851,5154.04,3-33,回合中段,11
MK_vs_CT_2019,dev,FP 多抓,128861,5154.44,3-33,回合中段,5
MK_vs_CT_2019,dev,FP 多抓,128880,5155.2,3-33,回合中段,8
MK_vs_CT_2019,dev,FN 漏掉,128888,5155.52,3-33,回合中段,8
MK_vs_CT_2019,dev,FP 多抓,128899,5155.96,3-33,回合中段,11
MK_vs_CT_2019,dev,FN 漏掉,129575,5183.0,3-34,發球,13
MK_vs_CT_2019,dev,FP 多抓,129667,5186.68,3-34,回合中段,5
MK_vs_CT_2019,dev,FN 漏掉,129683,5187.32,3-34,最後一拍,7
MK_vs_CT_2019,dev,FP 多抓,131305,5252.2,3-35,回合中段,6
MK_vs_CT_2019,dev,FN 漏掉,131311,5252.44,3-35,回合中段,6
MK_vs_CT_2019,dev,FP 多抓,131426,5257.04,3-35,回合中段,6
MK_vs_CT_2019,dev,FN 漏掉,131432,5257.28,3-35,回合中段,6
MK_vs_CT_2019,dev,FP 多抓,131606,5264.24,3-35,回合中段,11
MK_vs_CT_2019,dev,FP 多抓,131743,5269.72,3-35,回合中段,6
MK_vs_CT_2019,dev,FN 漏掉,131750,5270.0,3-35,回合中段,7
MK_vs_CT_2019,dev,FN 漏掉,131758,5270.32,3-35,最後一拍,15
MK_vs_CT_2019,dev,FN 漏掉,132577,5303.08,3-36,發球,10
MK_vs_CT_2019,dev,FN 漏掉,133265,5330.6,3-37,發球,10
MK_vs_CT_2019,dev,FN 漏掉,134201,5368.04,3-38,發球,12
MK_vs_CT_2019,dev,FP 多抓,134310,5372.4,3-38,回合中段,7
MK_vs_CT_2019,dev,FN 漏掉,134317,5372.68,3-38,回合中段,7
MK_vs_CT_2019,dev,FN 漏掉,134354,5374.16,3-38,回合中段,14
MK_vs_CT_2019,dev,FP 多抓,134483,5379.32,3-38,回合中段,5
MK_vs_CT_2019,dev,FN 漏掉,134489,5379.56,3-38,回合中段,5
MK_vs_CT_2019,dev,FP 多抓,135381,5415.24,3-39,回合中段,7
MK_vs_CT_2019,dev,FN 漏掉,135461,5418.44,3-39,回合中段,13
MK_vs_CT_2019,dev,FP 多抓,135505,5420.2,3-39,回合中段,5
MK_vs_CT_2019,dev,FN 漏掉,135521,5420.84,3-39,回合中段,7
PC_vs_PVS_2020,dev,FN 漏掉,15738,524.6,1-3,最後一拍,22
PC_vs_PVS_2020,dev,FP 多抓,16290,543.0,1-4,回合中段,13
PC_vs_PVS_2020,dev,FN 漏掉,16696,556.53,1-4,最後一拍,44
PC_vs_PVS_2020,dev,FP 多抓,17752,591.73,1-5,回合中段,37
PC_vs_PVS_2020,dev,FN 漏掉,18457,615.23,1-6,發球,55
PC_vs_PVS_2020,dev,FN 漏掉,18689,622.97,1-6,回合中段,6
PC_vs_PVS_2020,dev,FP 多抓,18695,623.17,1-6,回合中段,6
PC_vs_PVS_2020,dev,FN 漏掉,20087,669.57,1-7,最後一拍,22
PC_vs_PVS_2020,dev,FN 漏掉,20605,686.83,1-8,發球,55
PC_vs_PVS_2020,dev,FN 漏掉,20689,689.63,1-8,最後一拍,29
PC_vs_PVS_2020,dev,FP 多抓,21173,705.77,1-9,回合中段,25
PC_vs_PVS_2020,dev,FN 漏掉,22630,754.33,1-11,發球,48
PC_vs_PVS_2020,dev,FN 漏掉,22812,760.4,1-11,回合中段,6
PC_vs_PVS_2020,dev,FP 多抓,22818,760.6,1-11,回合中段,6
PC_vs_PVS_2020,dev,FN 漏掉,22836,761.2,1-11,回合中段,6
PC_vs_PVS_2020,dev,FP 多抓,22842,761.4,1-11,回合中段,6
PC_vs_PVS_2020,dev,FP 多抓,22883,762.77,1-11,回合中段,16
PC_vs_PVS_2020,dev,FP 多抓,23065,768.83,1-11,回合中段,19
PC_vs_PVS_2020,dev,FN 漏掉,23084,769.47,1-11,最後一拍,19
PC_vs_PVS_2020,dev,FN 漏掉,23844,794.8,1-12,發球,76
PC_vs_PVS_2020,dev,FN 漏掉,23898,796.6,1-12,回合中段,22
PC_vs_PVS_2020,dev,FN 漏掉,26220,874.0,1-14,回合中段,6
PC_vs_PVS_2020,dev,FP 多抓,26226,874.2,1-14,回合中段,6
PC_vs_PVS_2020,dev,FP 多抓,26242,874.73,1-14,回合中段,21
PC_vs_PVS_2020,dev,FN 漏掉,26807,893.57,1-15,回合中段,523
PC_vs_PVS_2020,dev,FN 漏掉,26831,894.37,1-15,最後一拍,547
PC_vs_PVS_2020,dev,FN 漏掉,27956,931.87,1-17,回合中段,13
PC_vs_PVS_2020,dev,FN 漏掉,28523,950.77,1-18,發球,8
PC_vs_PVS_2020,dev,FP 多抓,28531,951.03,1-18,回合中段,8
PC_vs_PVS_2020,dev,FP 多抓,28561,952.03,1-18,回合中段,20
PC_vs_PVS_2020,dev,FN 漏掉,29076,969.2,1-19,發球,4
PC_vs_PVS_2020,dev,FN 漏掉,29076,969.2,1-19,發球,4
PC_vs_PVS_2020,dev,FN 漏掉,29158,971.93,1-19,回合中段,6
PC_vs_PVS_2020,dev,FP 多抓,29164,972.13,1-19,回合中段,6
PC_vs_PVS_2020,dev,FN 漏掉,29348,978.27,1-19,回合中段,6
PC_vs_PVS_2020,dev,FP 多抓,29354,978.47,1-19,回合中段,6
PC_vs_PVS_2020,dev,FP 多抓,29369,978.97,1-19,回合中段,14
PC_vs_PVS_2020,dev,FP 多抓,29400,980.0,1-19,回合中段,17
PC_vs_PVS_2020,dev,FN 漏掉,29462,982.07,1-19,最後一拍,18
PC_vs_PVS_2020,dev,FN 漏掉,30409,1013.63,1-20,最後一拍,28
PC_vs_PVS_2020,dev,FN 漏掉,32646,1088.2,1-21,發球,79
PC_vs_PVS_2020,dev,FN 漏掉,32705,1090.17,1-21,回合中段,20
PC_vs_PVS_2020,dev,FN 漏掉,32797,1093.23,1-21,最後一拍,15
PC_vs_PVS_2020,dev,FP 多抓,33582,1119.4,1-22,回合中段,16
PC_vs_PVS_2020,dev,FN 漏掉,35199,1173.3,1-24,發球,6
PC_vs_PVS_2020,dev,FP 多抓,35205,1173.5,1-24,回合中段,6
PC_vs_PVS_2020,dev,FP 多抓,35220,1174.0,1-24,回合中段,21
PC_vs_PVS_2020,dev,FP 多抓,36675,1222.5,1-25,回合中段,52
PC_vs_PVS_2020,dev,FP 多抓,37120,1237.33,1-26,回合中段,37
PC_vs_PVS_2020,dev,FP 多抓,37129,1237.63,1-26,回合中段,28
PC_vs_PVS_2020,dev,FN 漏掉,37320,1244.0,1-26,回合中段,8
PC_vs_PVS_2020,dev,FP 多抓,37328,1244.27,1-26,回合中段,8
PC_vs_PVS_2020,dev,FN 漏掉,37481,1249.37,1-26,最後一拍,18
PC_vs_PVS_2020,dev,FN 漏掉,38227,1274.23,1-27,回合中段,18
PC_vs_PVS_2020,dev,FP 多抓,38513,1283.77,1-27,回合中段,9
PC_vs_PVS_2020,dev,FN 漏掉,38684,1289.47,1-27,回合中段,25
PC_vs_PVS_2020,dev,FN 漏掉,38855,1295.17,1-27,最後一拍,31
PC_vs_PVS_2020,dev,FN 漏掉,40314,1343.8,1-28,發球,521
PC_vs_PVS_2020,dev,FN 漏掉,40369,1345.63,1-28,最後一拍,466
PC_vs_PVS_2020,dev,FP 多抓,40858,1361.93,1-29,回合中段,27
PC_vs_PVS_2020,dev,FP 多抓,40944,1364.8,1-29,回合中段,10
PC_vs_PVS_2020,dev,FP 多抓,41075,1369.17,1-29,回合中段,16
PC_vs_PVS_2020,dev,FP 多抓,41112,1370.4,1-29,回合中段,12
PC_vs_PVS_2020,dev,FP 多抓,41887,1396.23,1-30,回合中段,42
PC_vs_PVS_2020,dev,FN 漏掉,42058,1401.93,1-30,最後一拍,28
PC_vs_PVS_2020,dev,FP 多抓,43473,1449.1,1-32,回合中段,45
PC_vs_PVS_2020,dev,FP 多抓,43484,1449.47,1-32,回合中段,34
PC_vs_PVS_2020,dev,FN 漏掉,44680,1489.33,1-33,最後一拍,48
PC_vs_PVS_2020,dev,FN 漏掉,45378,1512.6,1-34,回合中段,6
PC_vs_PVS_2020,dev,FP 多抓,45384,1512.8,1-34,回合中段,6
PC_vs_PVS_2020,dev,FP 多抓,46953,1565.1,1-36,回合中段,10
PC_vs_PVS_2020,dev,FP 多抓,46961,1565.37,1-36,回合中段,18
PC_vs_PVS_2020,dev,FN 漏掉,49433,1647.77,1-38,發球,20
PC_vs_PVS_2020,dev,FP 多抓,49453,1648.43,1-38,回合中段,20
PC_vs_PVS_2020,dev,FP 多抓,49708,1656.93,1-38,回合中段,11
PC_vs_PVS_2020,dev,FP 多抓,49871,1662.37,1-38,回合中段,19
PC_vs_PVS_2020,dev,FP 多抓,49934,1664.47,1-38,回合中段,8
PC_vs_PVS_2020,dev,FP 多抓,51645,1721.5,1-39,回合中段,16
PC_vs_PVS_2020,dev,FN 漏掉,51668,1722.27,1-39,回合中段,7
PC_vs_PVS_2020,dev,FP 多抓,51675,1722.5,1-39,回合中段,7
PC_vs_PVS_2020,dev,FP 多抓,51747,1724.9,1-39,回合中段,10
PC_vs_PVS_2020,dev,FP 多抓,51812,1727.07,1-39,回合中段,19
PC_vs_PVS_2020,dev,FP 多抓,52116,1737.2,1-39,回合中段,13
PC_vs_PVS_2020,dev,FP 多抓,52139,1737.97,1-39,回合中段,17
PC_vs_PVS_2020,dev,FN 漏掉,57494,1916.47,2-2,回合中段,6
PC_vs_PVS_2020,dev,FP 多抓,57500,1916.67,2-2,回合中段,6
PC_vs_PVS_2020,dev,FN 漏掉,58397,1946.57,2-3,最後一拍,740
PC_vs_PVS_2020,dev,FN 漏掉,59188,1972.93,2-4,發球,7
PC_vs_PVS_2020,dev,FP 多抓,59195,1973.17,2-4,回合中段,7
PC_vs_PVS_2020,dev,FP 多抓,59989,1999.63,2-5,回合中段,37
PC_vs_PVS_2020,dev,FP 多抓,60193,2006.43,2-5,回合中段,18
PC_vs_PVS_2020,dev,FN 漏掉,60211,2007.03,2-5,回合中段,18
PC_vs_PVS_2020,dev,FP 多抓,61480,2049.33,2-7,回合中段,18
PC_vs_PVS_2020,dev,FN 漏掉,61580,2052.67,2-7,最後一拍,33
PC_vs_PVS_2020,dev,FN 漏掉,62249,2074.97,2-8,發球,55
PC_vs_PVS_2020,dev,FP 多抓,62368,2078.93,2-8,回合中段,12
PC_vs_PVS_2020,dev,FP 多抓,62378,2079.27,2-8,回合中段,22
PC_vs_PVS_2020,dev,FP 多抓,63811,2127.03,2-10,回合中段,17
PC_vs_PVS_2020,dev,FN 漏掉,64575,2152.5,2-11,發球,71
PC_vs_PVS_2020,dev,FN 漏掉,64634,2154.47,2-11,回合中段,12
PC_vs_PVS_2020,dev,FN 漏掉,64677,2155.9,2-11,最後一拍,31
PC_vs_PVS_2020,dev,FN 漏掉,65207,2173.57,2-12,發球,16
PC_vs_PVS_2020,dev,FN 漏掉,65207,2173.57,2-12,發球,16
PC_vs_PVS_2020,dev,FN 漏掉,65207,2173.57,2-12,發球,16
PC_vs_PVS_2020,dev,FN 漏掉,65867,2195.57,2-13,回合中段,6
PC_vs_PVS_2020,dev,FN 漏掉,65945,2198.17,2-13,回合中段,7
PC_vs_PVS_2020,dev,FP 多抓,65952,2198.4,2-13,回合中段,6
PC_vs_PVS_2020,dev,FN 漏掉,65958,2198.6,2-13,回合中段,6
PC_vs_PVS_2020,dev,FP 多抓,65991,2199.7,2-13,回合中段,13
PC_vs_PVS_2020,dev,FN 漏掉,66922,2230.73,2-14,回合中段,21
PC_vs_PVS_2020,dev,FP 多抓,66960,2232.0,2-14,回合中段,11
PC_vs_PVS_2020,dev,FP 多抓,67912,2263.73,2-15,回合中段,18
PC_vs_PVS_2020,dev,FP 多抓,68020,2267.33,2-15,回合中段,2
PC_vs_PVS_2020,dev,FP 多抓,70305,2343.5,2-16,回合中段,13
PC_vs_PVS_2020,dev,FN 漏掉,71441,2381.37,2-17,發球,18
PC_vs_PVS_2020,dev,FP 多抓,71459,2381.97,2-17,回合中段,18
PC_vs_PVS_2020,dev,FN 漏掉,71747,2391.57,2-17,回合中段,8
PC_vs_PVS_2020,dev,FP 多抓,71755,2391.83,2-17,回合中段,8
PC_vs_PVS_2020,dev,FN 漏掉,74594,2486.47,2-20,發球,83
PC_vs_PVS_2020,dev,FN 漏掉,74654,2488.47,2-20,回合中段,23
PC_vs_PVS_2020,dev,FP 多抓,74825,2494.17,2-20,回合中段,13
PC_vs_PVS_2020,dev,FN 漏掉,76027,2534.23,2-21,發球,79
PC_vs_PVS_2020,dev,FN 漏掉,76086,2536.2,2-21,回合中段,20
PC_vs_PVS_2020,dev,FP 多抓,76124,2537.47,2-21,回合中段,13
PC_vs_PVS_2020,dev,FN 漏掉,76220,2540.67,2-21,回合中段,51
PC_vs_PVS_2020,dev,FN 漏掉,77891,2596.37,2-22,回合中段,26
PC_vs_PVS_2020,dev,FN 漏掉,78694,2623.13,2-23,發球,19
PC_vs_PVS_2020,dev,FN 漏掉,78816,2627.2,2-23,回合中段,9
PC_vs_PVS_2020,dev,FN 漏掉,78886,2629.53,2-23,最後一拍,12
PC_vs_PVS_2020,dev,FN 漏掉,79539,2651.3,2-24,回合中段,13
PC_vs_PVS_2020,dev,FP 多抓,80316,2677.2,2-25,回合中段,10
PC_vs_PVS_2020,dev,FP 多抓,80877,2695.9,2-26,回合中段,54
PC_vs_PVS_2020,dev,FN 漏掉,81866,2728.87,2-27,回合中段,7
PC_vs_PVS_2020,dev,FP 多抓,81873,2729.1,2-27,回合中段,7
PC_vs_PVS_2020,dev,FP 多抓,81956,2731.87,2-27,回合中段,16
PC_vs_PVS_2020,dev,FN 漏掉,81981,2732.7,2-27,回合中段,25
PC_vs_PVS_2020,dev,FP 多抓,82881,2762.7,2-28,回合中段,21
PC_vs_PVS_2020,dev,FP 多抓,82935,2764.5,2-28,回合中段,9
PC_vs_PVS_2020,dev,FP 多抓,82972,2765.73,2-28,回合中段,18
PC_vs_PVS_2020,dev,FN 漏掉,82990,2766.33,2-28,回合中段,12
PC_vs_PVS_2020,dev,FN 漏掉,83284,2776.13,2-28,最後一拍,36
PC_vs_PVS_2020,dev,FN 漏掉,84211,2807.03,2-29,最後一拍,39
PC_vs_PVS_2020,dev,FN 漏掉,85594,2853.13,2-30,最後一拍,30
PC_vs_PVS_2020,dev,FN 漏掉,86320,2877.33,2-31,最後一拍,28
PC_vs_PVS_2020,dev,FP 多抓,87480,2916.0,2-33,回合中段,56
PC_vs_PVS_2020,dev,FP 多抓,87615,2920.5,2-33,回合中段,2
PC_vs_PVS_2020,dev,FP 多抓,88510,2950.33,2-34,回合中段,6
PC_vs_PVS_2020,dev,FP 多抓,90823,3027.43,2-36,回合中段,26
RI_vs_PVS_2021,dev,FN 漏掉,17450,581.67,1-7,發球,8
RI_vs_PVS_2021,dev,FP 多抓,17800,593.33,1-7,回合中段,29
RI_vs_PVS_2021,dev,FN 漏掉,19177,639.23,1-8,回合中段,7
RI_vs_PVS_2021,dev,FP 多抓,19184,639.47,1-8,回合中段,7
RI_vs_PVS_2021,dev,FN 漏掉,20194,673.13,1-9,發球,162
RI_vs_PVS_2021,dev,FN 漏掉,20260,675.33,1-9,回合中段,96
RI_vs_PVS_2021,dev,FN 漏掉,20284,676.13,1-9,回合中段,72
RI_vs_PVS_2021,dev,FN 漏掉,20315,677.17,1-9,回合中段,41
RI_vs_PVS_2021,dev,FN 漏掉,21552,718.4,1-10,回合中段,27
RI_vs_PVS_2021,dev,FN 漏掉,22489,749.63,1-11,回合中段,13
RI_vs_PVS_2021,dev,FN 漏掉,22543,751.43,1-11,最後一拍,26
RI_vs_PVS_2021,dev,FN 漏掉,24001,800.03,1-12,最後一拍,24
RI_vs_PVS_2021,dev,FP 多抓,24831,827.7,1-13,回合中段,12
RI_vs_PVS_2021,dev,FN 漏掉,27119,903.97,1-15,最後一拍,18
RI_vs_PVS_2021,dev,FN 漏掉,28092,936.4,1-16,發球,62
RI_vs_PVS_2021,dev,FN 漏掉,30246,1008.2,1-18,最後一拍,15
RI_vs_PVS_2021,dev,FN 漏掉,32255,1075.17,1-19,發球,20
RI_vs_PVS_2021,dev,FN 漏掉,33652,1121.73,1-20,發球,11
RI_vs_PVS_2021,dev,FN 漏掉,33652,1121.73,1-20,發球,11
RI_vs_PVS_2021,dev,FN 漏掉,35665,1188.83,1-22,回合中段,23
RI_vs_PVS_2021,dev,FN 漏掉,36227,1207.57,1-23,回合中段,27
RI_vs_PVS_2021,dev,FN 漏掉,37031,1234.37,1-24,發球,15
RI_vs_PVS_2021,dev,FN 漏掉,37031,1234.37,1-24,發球,15
RI_vs_PVS_2021,dev,FN 漏掉,38337,1277.9,1-25,發球,75
RI_vs_PVS_2021,dev,FN 漏掉,38399,1279.97,1-25,回合中段,13
RI_vs_PVS_2021,dev,FN 漏掉,38447,1281.57,1-25,最後一拍,14
RI_vs_PVS_2021,dev,FP 多抓,39228,1307.6,1-26,回合中段,15
RI_vs_PVS_2021,dev,FN 漏掉,39243,1308.1,1-26,回合中段,10
RI_vs_PVS_2021,dev,FP 多抓,39356,1311.87,1-26,回合中段,22
RI_vs_PVS_2021,dev,FP 多抓,42410,1413.67,1-28,回合中段,16
RI_vs_PVS_2021,dev,FN 漏掉,43265,1442.17,1-29,回合中段,18
RI_vs_PVS_2021,dev,FP 多抓,43333,1444.43,1-29,回合中段,10
RI_vs_PVS_2021,dev,FN 漏掉,45793,1526.43,1-32,回合中段,14
RI_vs_PVS_2021,dev,FP 多抓,45807,1526.9,1-32,回合中段,14
RI_vs_PVS_2021,dev,FP 多抓,45824,1527.47,1-32,回合中段,11
RI_vs_PVS_2021,dev,FN 漏掉,45835,1527.83,1-32,回合中段,11
RI_vs_PVS_2021,dev,FN 漏掉,45968,1532.27,1-32,回合中段,22
RI_vs_PVS_2021,dev,FP 多抓,46919,1563.97,1-33,回合中段,10
RI_vs_PVS_2021,dev,FN 漏掉,53619,1787.3,2-3,發球,14
RI_vs_PVS_2021,dev,FP 多抓,54186,1806.2,2-4,回合中段,21
RI_vs_PVS_2021,dev,FP 多抓,55503,1850.1,2-5,回合中段,6
RI_vs_PVS_2021,dev,FN 漏掉,55509,1850.3,2-5,回合中段,6
RI_vs_PVS_2021,dev,FP 多抓,56293,1876.43,2-6,回合中段,5
RI_vs_PVS_2021,dev,FN 漏掉,57244,1908.13,2-7,發球,16
RI_vs_PVS_2021,dev,FP 多抓,57466,1915.53,2-7,回合中段,12
RI_vs_PVS_2021,dev,FP 多抓,58217,1940.57,2-8,回合中段,11
RI_vs_PVS_2021,dev,FN 漏掉,59708,1990.27,2-10,發球,19
RI_vs_PVS_2021,dev,FP 多抓,61557,2051.9,2-12,回合中段,6
RI_vs_PVS_2021,dev,FP 多抓,62747,2091.57,2-13,回合中段,9
RI_vs_PVS_2021,dev,FN 漏掉,64963,2165.43,2-15,回合中段,10
RI_vs_PVS_2021,dev,FP 多抓,65014,2167.13,2-15,回合中段,12
RI_vs_PVS_2021,dev,FP 多抓,67750,2258.33,2-16,回合中段,10
RI_vs_PVS_2021,dev,FN 漏掉,68332,2277.73,2-17,回合中段,33
RI_vs_PVS_2021,dev,FN 漏掉,69613,2320.43,2-18,發球,25
RI_vs_PVS_2021,dev,FN 漏掉,70961,2365.37,2-19,發球,14
RI_vs_PVS_2021,dev,FP 多抓,71018,2367.27,2-19,回合中段,10
RI_vs_PVS_2021,dev,FN 漏掉,71028,2367.6,2-19,回合中段,10
RI_vs_PVS_2021,dev,FP 多抓,71660,2388.67,2-20,回合中段,11
RI_vs_PVS_2021,dev,FN 漏掉,72325,2410.83,2-21,發球,533
RI_vs_PVS_2021,dev,FN 漏掉,73606,2453.53,2-22,發球,16
RI_vs_PVS_2021,dev,FP 多抓,73723,2457.43,2-22,回合中段,14
RI_vs_PVS_2021,dev,FP 多抓,74174,2472.47,2-23,回合中段,19
RI_vs_PVS_2021,dev,FN 漏掉,74887,2496.23,2-24,發球,18
RI_vs_PVS_2021,dev,FN 漏掉,78737,2624.57,2-29,回合中段,403
RI_vs_PVS_2021,dev,FN 漏掉,78773,2625.77,2-29,回合中段,367
RI_vs_PVS_2021,dev,FN 漏掉,78795,2626.5,2-29,回合中段,345
RI_vs_PVS_2021,dev,FN 漏掉,78817,2627.23,2-29,回合中段,323
RI_vs_PVS_2021,dev,FN 漏掉,78852,2628.4,2-29,回合中段,288
RI_vs_PVS_2021,dev,FN 漏掉,78885,2629.5,2-29,回合中段,255
RI_vs_PVS_2021,dev,FN 漏掉,78929,2630.97,2-29,回合中段,211
RI_vs_PVS_2021,dev,FN 漏掉,78953,2631.77,2-29,回合中段,187
RI_vs_PVS_2021,dev,FN 漏掉,78965,2632.17,2-29,回合中段,175
RI_vs_PVS_2021,dev,FN 漏掉,78985,2632.83,2-29,回合中段,155
RI_vs_PVS_2021,dev,FN 漏掉,78997,2633.23,2-29,回合中段,143
RI_vs_PVS_2021,dev,FN 漏掉,79026,2634.2,2-29,回合中段,114
RI_vs_PVS_2021,dev,FN 漏掉,79059,2635.3,2-29,回合中段,81
RI_vs_PVS_2021,dev,FN 漏掉,79091,2636.37,2-29,回合中段,49
RI_vs_PVS_2021,dev,FN 漏掉,79122,2637.4,2-29,回合中段,18
RI_vs_PVS_2021,dev,FP 多抓,79140,2638.0,2-29,回合中段,18
test2,test,FN 漏掉,19135,765.4,1-3,回合中段,16
test2,test,FN 漏掉,20214,808.56,1-4,回合中段,14
test2,test,FP 多抓,21964,878.56,1-5,回合中段,9
test2,test,FN 漏掉,21973,878.92,1-5,最後一拍,9
test2,test,FP 多抓,23098,923.92,1-7,回合中段,8
test2,test,FN 漏掉,23106,924.24,1-7,回合中段,8
test2,test,FN 漏掉,23139,925.56,1-7,回合中段,15
test2,test,FP 多抓,23553,942.12,1-8,回合中段,10
test2,test,FP 多抓,24161,966.44,1-9,回合中段,10
test2,test,FN 漏掉,25432,1017.28,1-10,最後一拍,55
test2,test,FN 漏掉,26161,1046.44,1-11,發球,17
test2,test,FN 漏掉,26318,1052.72,1-11,最後一拍,11
test2,test,FN 漏掉,28124,1124.96,1-14,回合中段,6
test2,test,FP 多抓,28130,1125.2,1-14,回合中段,6
test2,test,FN 漏掉,28140,1125.6,1-14,回合中段,10
test2,test,FN 漏掉,29034,1161.36,1-15,回合中段,8
test2,test,FP 多抓,29429,1177.16,1-15,回合中段,12
test2,test,FN 漏掉,29451,1178.04,1-15,回合中段,10
test2,test,FP 多抓,29461,1178.44,1-15,回合中段,10
test2,test,FN 漏掉,30534,1221.36,1-16,發球,16
test2,test,FP 多抓,30585,1223.4,1-16,回合中段,14
test2,test,FN 漏掉,30602,1224.08,1-16,回合中段,16
test2,test,FN 漏掉,32706,1308.24,1-18,回合中段,19
test2,test,FN 漏掉,37574,1502.96,1-22,發球,82
test2,test,FN 漏掉,37591,1503.64,1-22,回合中段,65
test2,test,FN 漏掉,37611,1504.44,1-22,回合中段,45
test2,test,FN 漏掉,37643,1505.72,1-22,回合中段,13
test2,test,FN 漏掉,37673,1506.92,1-22,回合中段,17
test2,test,FN 漏掉,37720,1508.8,1-22,回合中段,15
test2,test,FN 漏掉,38132,1525.28,1-22,回合中段,14
test2,test,FN 漏掉,39846,1593.84,1-23,回合中段,15
test2,test,FN 漏掉,41352,1654.08,1-25,回合中段,9
test2,test,FP 多抓,41361,1654.44,1-25,回合中段,8
test2,test,FN 漏掉,41369,1654.76,1-25,回合中段,8
test2,test,FN 漏掉,42363,1694.52,1-26,發球,15
test2,test,FP 多抓,43351,1734.04,1-27,回合中段,13
test2,test,FN 漏掉,43369,1734.76,1-27,回合中段,15
test2,test,FP 多抓,43450,1738.0,1-27,回合中段,14
test2,test,FN 漏掉,43464,1738.56,1-27,回合中段,14
test2,test,FN 漏掉,44842,1793.68,1-29,發球,15
test2,test,FP 多抓,48765,1950.6,1-33,回合中段,16
test2,test,FP 多抓,50325,2013.0,1-34,回合中段,6
test2,test,FN 漏掉,50331,2013.24,1-34,回合中段,6
test2,test,FP 多抓,50465,2018.6,1-34,回合中段,6
test2,test,FP 多抓,50553,2022.12,1-34,回合中段,7
test2,test,FP 多抓,50578,2023.12,1-34,回合中段,11
test2,test,FN 漏掉,50832,2033.28,1-34,回合中段,15
test2,test,FN 漏掉,51922,2076.88,1-35,發球,15
test2,test,FN 漏掉,53648,2145.92,1-36,回合中段,23
test2,test,FN 漏掉,56930,2277.2,1-39,回合中段,11
test2,test,FN 漏掉,59637,2385.48,1-41,最後一拍,21
test2,test,FN 漏掉,61316,2452.64,1-42,發球,15
test2,test,FN 漏掉,65097,2603.88,2-1,發球,13
test2,test,FN 漏掉,65134,2605.36,2-1,最後一拍,24
test2,test,FN 漏掉,65400,2616.0,2-2,發球,17
test2,test,FN 漏掉,66683,2667.32,2-3,發球,11
test2,test,FN 漏掉,66683,2667.32,2-3,發球,11
test2,test,FN 漏掉,66683,2667.32,2-3,發球,11
test2,test,FN 漏掉,68815,2752.6,2-5,發球,3
test2,test,FN 漏掉,68852,2754.08,2-5,回合中段,14
test2,test,FN 漏掉,69035,2761.4,2-5,最後一拍,48
test2,test,FN 漏掉,71416,2856.64,2-7,發球,9
test2,test,FP 多抓,71425,2857.0,2-7,回合中段,8
test2,test,FN 漏掉,72442,2897.68,2-9,發球,19
test2,test,FN 漏掉,72828,2913.12,2-10,發球,15
test2,test,FN 漏掉,72877,2915.08,2-10,回合中段,15
test2,test,FN 漏掉,72970,2918.8,2-10,回合中段,18
test2,test,FN 漏掉,73432,2937.28,2-10,回合中段,8
test2,test,FN 漏掉,74320,2972.8,2-11,發球,632
test2,test,FN 漏掉,74934,2997.36,2-12,發球,493
test2,test,FN 漏掉,75411,3016.44,2-13,發球,16
test2,test,FN 漏掉,75489,3019.56,2-13,回合中段,13
test2,test,FP 多抓,75917,3036.68,2-14,回合中段,11
test2,test,FN 漏掉,75930,3037.2,2-14,回合中段,13
test2,test,FN 漏掉,78632,3145.28,2-16,發球,479
test2,test,FN 漏掉,78664,3146.56,2-16,回合中段,447
test2,test,FN 漏掉,78685,3147.4,2-16,最後一拍,426
test2,test,FN 漏掉,79104,3164.16,2-17,發球,7
test2,test,FP 多抓,79111,3164.44,2-17,回合中段,7
test2,test,FN 漏掉,79587,3183.48,2-18,發球,18
test2,test,FP 多抓,79605,3184.2,2-18,回合中段,18
test2,test,FN 漏掉,79659,3186.36,2-18,回合中段,9
test2,test,FP 多抓,79668,3186.72,2-18,回合中段,9
test2,test,FN 漏掉,80154,3206.16,2-19,發球,10
test2,test,FP 多抓,80164,3206.56,2-19,回合中段,10
test2,test,FP 多抓,80871,3234.84,2-20,回合中段,14
test2,test,FN 漏掉,80888,3235.52,2-20,回合中段,16
test2,test,FP 多抓,80904,3236.16,2-20,回合中段,10
test2,test,FN 漏掉,80914,3236.56,2-20,回合中段,10
test2,test,FN 漏掉,80950,3238.0,2-20,最後一拍,18
test2,test,FN 漏掉,81560,3262.4,2-21,發球,20
test2,test,FN 漏掉,81600,3264.0,2-21,回合中段,20
test2,test,FN 漏掉,81636,3265.44,2-21,回合中段,10
test2,test,FP 多抓,81670,3266.8,2-21,回合中段,2
test2,test,FP 多抓,81685,3267.4,2-21,回合中段,13
test2,test,FP 多抓,81870,3274.8,2-21,回合中段,8
test2,test,FN 漏掉,81878,3275.12,2-21,回合中段,8
test2,test,FP 多抓,81956,3278.24,2-21,回合中段,8
test2,test,FN 漏掉,82186,3287.44,2-21,回合中段,41
test2,test,FN 漏掉,82248,3289.92,2-21,最後一拍,21
test2,test,FN 漏掉,82894,3315.76,2-22,發球,10
test2,test,FP 多抓,82904,3316.16,2-22,回合中段,10
test2,test,FN 漏掉,82987,3319.48,2-22,回合中段,15
test2,test,FN 漏掉,83164,3326.56,2-22,最後一拍,19
test2,test,FP 多抓,84344,3373.76,2-24,回合中段,8
test2,test,FN 漏掉,84546,3381.84,2-24,最後一拍,19
test2,test,FN 漏掉,85362,3414.48,2-25,發球,44
test2,test,FP 多抓,85406,3416.24,2-25,回合中段,22
test2,test,FN 漏掉,86094,3443.76,2-26,回合中段,22
test2,test,FN 漏掉,87718,3508.72,2-29,發球,20
test2,test,FN 漏掉,87718,3508.72,2-29,發球,20
test2,test,FN 漏掉,87807,3512.28,2-29,回合中段,12
test2,test,FP 多抓,87819,3512.76,2-29,回合中段,12
test2,test,FN 漏掉,88505,3540.2,2-30,回合中段,13
test2,test,FP 多抓,89163,3566.52,2-31,回合中段,7
test2,test,FP 多抓,89823,3592.92,2-32,回合中段,14
test2,test,FN 漏掉,89840,3593.6,2-32,回合中段,15
test2,test,FN 漏掉,90453,3618.12,2-33,發球,17
test2,test,FN 漏掉,90510,3620.4,2-33,回合中段,7
test2,test,FP 多抓,90517,3620.68,2-33,回合中段,7
test2,test,FN 漏掉,91379,3655.16,2-35,發球,14
test2,test,FP 多抓,91393,3655.72,2-35,回合中段,14
test2,test,FN 漏掉,91477,3659.08,2-35,回合中段,11
test2,test,FN 漏掉,91718,3668.72,2-35,回合中段,15
test2,test,FN 漏掉,92501,3700.04,2-36,發球,8
test2,test,FP 多抓,92509,3700.36,2-36,回合中段,8
test2,test,FN 漏掉,92636,3705.44,2-36,回合中段,17
test2,test,FN 漏掉,92685,3707.4,2-36,最後一拍,32
test2,test,FP 多抓,96900,3876.0,3-1,回合中段,15
test2,test,FN 漏掉,96916,3876.64,3-1,回合中段,15
test2,test,FP 多抓,97048,3881.92,3-1,回合中段,11
test2,test,FN 漏掉,97065,3882.6,3-1,回合中段,16
test2,test,FN 漏掉,97138,3885.52,3-1,回合中段,19
test2,test,FP 多抓,97194,3887.76,3-1,回合中段,9
test2,test,FN 漏掉,97203,3888.12,3-1,回合中段,9
test2,test,FN 漏掉,97361,3894.44,3-1,回合中段,9
test2,test,FP 多抓,97435,3897.4,3-1,回合中段,11
test2,test,FN 漏掉,98184,3927.36,3-2,發球,12
test2,test,FP 多抓,98196,3927.84,3-2,回合中段,12
test2,test,FP 多抓,100775,4031.0,3-5,回合中段,2
test2,test,FN 漏掉,100910,4036.4,3-5,最後一拍,33
test2,test,FN 漏掉,101281,4051.24,3-6,發球,13
test2,test,FP 多抓,101294,4051.76,3-6,回合中段,7
test2,test,FN 漏掉,101301,4052.04,3-6,回合中段,7
test2,test,FN 漏掉,101993,4079.72,3-7,發球,13
test2,test,FN 漏掉,102049,4081.96,3-7,回合中段,6
test2,test,FN 漏掉,102526,4101.04,3-8,回合中段,8
test2,test,FP 多抓,102534,4101.36,3-8,回合中段,8
test2,test,FN 漏掉,102621,4104.84,3-8,回合中段,8
test2,test,FP 多抓,102629,4105.16,3-8,回合中段,8
test2,test,FN 漏掉,104284,4171.36,3-10,發球,10
test2,test,FN 漏掉,104792,4191.68,3-11,回合中段,14
test2,test,FP 多抓,105658,4226.32,3-12,回合中段,10
test2,test,FP 多抓,106553,4262.12,3-13,回合中段,10
test2,test,FN 漏掉,106570,4262.8,3-13,回合中段,12
test2,test,FP 多抓,107044,4281.76,3-13,回合中段,14
test2,test,FN 漏掉,107062,4282.48,3-13,回合中段,18
test2,test,FP 多抓,107122,4284.88,3-13,回合中段,15
test2,test,FN 漏掉,107384,4295.36,3-13,最後一拍,20
test2,test,FN 漏掉,109169,4366.76,3-14,發球,14
test2,test,FN 漏掉,112489,4499.56,3-18,回合中段,8
test2,test,FN 漏掉,114057,4562.28,3-20,發球,15
test2,test,FN 漏掉,114106,4564.24,3-20,回合中段,15
test2,test,FP 多抓,117734,4709.36,3-22,回合中段,15
test2,test,FN 漏掉,117749,4709.96,3-22,回合中段,15
test2,test,FP 多抓,119422,4776.88,3-23,回合中段,25
test2,test,FN 漏掉,119533,4781.32,3-23,回合中段,16
test2,test,FP 多抓,119821,4792.84,3-23,回合中段,13
test2,test,FP 多抓,122350,4894.0,3-25,回合中段,15
test2,test,FN 漏掉,122365,4894.6,3-25,回合中段,12
test2,test,FN 漏掉,122400,4896.0,3-25,最後一拍,23
test2,test,FP 多抓,122992,4919.68,3-26,回合中段,6
test2,test,FN 漏掉,122998,4919.92,3-26,回合中段,6
test2,test,FN 漏掉,123515,4940.6,3-27,發球,12
test2,test,FP 多抓,123527,4941.08,3-27,回合中段,7
test2,test,FN 漏掉,123534,4941.36,3-27,回合中段,7
test2,test,FP 多抓,124533,4981.32,3-28,回合中段,14
test2,test,FN 漏掉,124556,4982.24,3-28,最後一拍,23
test2,test,FP 多抓,125525,5021.0,3-29,回合中段,14
test2,test,FN 漏掉,126422,5056.88,3-30,最後一拍,11
test2,test,FN 漏掉,127005,5080.2,3-31,發球,20
test2,test,FP 多抓,127222,5088.88,3-31,回合中段,12
test2,test,FN 漏掉,127241,5089.64,3-31,回合中段,16
test2,test,FN 漏掉,128110,5124.4,3-32,發球,16
test2,test,FP 多抓,128943,5157.72,3-33,回合中段,13
test2,test,FN 漏掉,128962,5158.48,3-33,回合中段,15
test2,test,FN 漏掉,130568,5222.72,3-35,回合中段,7
test2,test,FP 多抓,130575,5223.0,3-35,回合中段,7
test2,test,FP 多抓,131532,5261.28,3-36,回合中段,8
test2,test,FN 漏掉,131554,5262.16,3-36,回合中段,12
test3,test,FN 漏掉,17091,683.64,1-1,回合中段,30
test3,test,FN 漏掉,17119,684.76,1-1,最後一拍,58
test3,test,FN 漏掉,17488,699.52,1-2,發球,12
test3,test,FP 多抓,17594,703.76,1-2,回合中段,17
test3,test,FN 漏掉,18399,735.96,1-3,最後一拍,27
test3,test,FN 漏掉,19542,781.68,1-5,發球,8
test3,test,FP 多抓,19948,797.92,1-6,回合中段,16
test3,test,FN 漏掉,19968,798.72,1-6,回合中段,12
test3,test,FN 漏掉,21116,844.64,1-7,回合中段,13
test3,test,FP 多抓,21129,845.16,1-7,回合中段,13
test3,test,FP 多抓,21204,848.16,1-7,回合中段,12
test3,test,FN 漏掉,21226,849.04,1-7,回合中段,12
test3,test,FP 多抓,21583,863.32,1-7,回合中段,18
test3,test,FP 多抓,21706,868.24,1-7,回合中段,17
test3,test,FP 多抓,23428,937.12,1-9,回合中段,15
test3,test,FN 漏掉,23476,939.04,1-9,回合中段,28
test3,test,FN 漏掉,23565,942.6,1-9,最後一拍,117
test3,test,FN 漏掉,24477,979.08,1-10,發球,3
test3,test,FN 漏掉,24514,980.56,1-10,回合中段,15
test3,test,FN 漏掉,25803,1032.12,1-11,回合中段,17
test3,test,FN 漏掉,25824,1032.96,1-11,回合中段,20
test3,test,FP 多抓,26544,1061.76,1-12,回合中段,9
test3,test,FN 漏掉,26563,1062.52,1-12,回合中段,11
test3,test,FP 多抓,26659,1066.36,1-12,回合中段,17
test3,test,FN 漏掉,26830,1073.2,1-12,回合中段,11
test3,test,FN 漏掉,27402,1096.08,1-13,發球,18
test3,test,FN 漏掉,27459,1098.36,1-13,回合中段,2
test3,test,FP 多抓,27476,1099.04,1-13,回合中段,17
test3,test,FN 漏掉,27519,1100.76,1-13,回合中段,11
test3,test,FN 漏掉,27549,1101.96,1-13,回合中段,2
test3,test,FP 多抓,27562,1102.48,1-13,回合中段,13
test3,test,FP 多抓,30460,1218.4,1-16,回合中段,11
test3,test,FN 漏掉,31127,1245.08,1-17,發球,527
test3,test,FN 漏掉,31636,1265.44,1-18,發球,18
test3,test,FN 漏掉,31734,1269.36,1-18,回合中段,11
test3,test,FN 漏掉,32455,1298.2,1-19,回合中段,10
test3,test,FN 漏掉,33731,1349.24,1-20,最後一拍,24
test3,test,FN 漏掉,35887,1435.48,1-21,回合中段,5
test3,test,FN 漏掉,35964,1438.56,1-21,回合中段,6
test3,test,FP 多抓,35970,1438.8,1-21,回合中段,6
test3,test,FP 多抓,36256,1450.24,1-21,回合中段,15
test3,test,FN 漏掉,36271,1450.84,1-21,回合中段,15
test3,test,FN 漏掉,37296,1491.84,1-22,最後一拍,5
test3,test,FN 漏掉,39360,1574.4,1-25,最後一拍,11
test3,test,FN 漏掉,39881,1595.24,1-26,回合中段,19
test3,test,FN 漏掉,40287,1611.48,1-27,發球,17
test3,test,FN 漏掉,41918,1676.72,1-29,回合中段,2
test3,test,FP 多抓,41995,1679.8,1-29,回合中段,13
test3,test,FN 漏掉,42008,1680.32,1-29,回合中段,6
test3,test,FN 漏掉,42699,1707.96,1-30,回合中段,16
test3,test,FP 多抓,42770,1710.8,1-30,回合中段,5
test3,test,FN 漏掉,43550,1742.0,1-31,回合中段,5
test3,test,FP 多抓,43659,1746.36,1-31,回合中段,2
test3,test,FN 漏掉,44837,1793.48,1-32,回合中段,6
test3,test,FN 漏掉,49846,1993.84,2-1,回合中段,33
test3,test,FN 漏掉,50198,2007.92,2-2,發球,15
test3,test,FN 漏掉,50256,2010.24,2-2,回合中段,23
test3,test,FN 漏掉,50280,2011.2,2-2,最後一拍,47
test3,test,FN 漏掉,50980,2039.2,2-3,回合中段,7
test3,test,FP 多抓,50987,2039.48,2-3,回合中段,7
test3,test,FN 漏掉,51008,2040.32,2-3,回合中段,16
test3,test,FP 多抓,51132,2045.28,2-3,回合中段,9
test3,test,FP 多抓,51643,2065.72,2-4,回合中段,14
test3,test,FN 漏掉,51661,2066.44,2-4,回合中段,15
test3,test,FN 漏掉,52401,2096.04,2-5,回合中段,6
test3,test,FP 多抓,52407,2096.28,2-5,回合中段,6
test3,test,FN 漏掉,52520,2100.8,2-5,回合中段,19
test3,test,FN 漏掉,52941,2117.64,2-6,發球,10
test3,test,FN 漏掉,53120,2124.8,2-6,最後一拍,12
test3,test,FP 多抓,56138,2245.52,2-10,回合中段,14
test3,test,FN 漏掉,56155,2246.2,2-10,回合中段,16
test3,test,FN 漏掉,56233,2249.32,2-10,回合中段,13
test3,test,FP 多抓,56313,2252.52,2-10,回合中段,15
test3,test,FN 漏掉,56328,2253.12,2-10,回合中段,15
test3,test,FP 多抓,56405,2256.2,2-10,回合中段,7
test3,test,FP 多抓,56555,2262.2,2-10,回合中段,18
test3,test,FP 多抓,57229,2289.16,2-11,回合中段,6
test3,test,FP 多抓,57421,2296.84,2-11,回合中段,8
test3,test,FP 多抓,57597,2303.88,2-11,回合中段,14
test3,test,FN 漏掉,57611,2304.44,2-11,回合中段,14
test3,test,FN 漏掉,57722,2308.88,2-11,回合中段,19
test3,test,FN 漏掉,59042,2361.68,2-13,發球,3
test3,test,FN 漏掉,59556,2382.24,2-14,發球,2
test3,test,FN 漏掉,59692,2387.68,2-14,最後一拍,14
test3,test,FN 漏掉,60726,2429.04,2-16,回合中段,14
test3,test,FP 多抓,60766,2430.64,2-16,回合中段,14
test3,test,FN 漏掉,60783,2431.32,2-16,回合中段,17
test3,test,FN 漏掉,62020,2480.8,2-17,發球,5
test3,test,FN 漏掉,64077,2563.08,2-18,回合中段,16
test3,test,FN 漏掉,64294,2571.76,2-18,最後一拍,30
test3,test,FP 多抓,64898,2595.92,2-19,回合中段,17
test3,test,FN 漏掉,66918,2676.72,2-23,發球,8
test3,test,FP 多抓,67047,2681.88,2-23,回合中段,16
test3,test,FN 漏掉,67063,2682.52,2-23,回合中段,16
test3,test,FN 漏掉,67110,2684.4,2-23,回合中段,9
test3,test,FP 多抓,67119,2684.76,2-23,回合中段,9
test3,test,FN 漏掉,67241,2689.64,2-23,回合中段,19
test3,test,FN 漏掉,67813,2712.52,2-24,發球,12
test3,test,FP 多抓,68661,2746.44,2-25,回合中段,9
test3,test,FP 多抓,68830,2753.2,2-25,回合中段,11
test3,test,FN 漏掉,69518,2780.72,2-26,發球,14
test3,test,FN 漏掉,70507,2820.28,2-28,發球,41
test3,test,FN 漏掉,70524,2820.96,2-28,回合中段,24
test3,test,FN 漏掉,71384,2855.36,2-30,回合中段,9
test3,test,FP 多抓,71393,2855.72,2-30,回合中段,9
test3,test,FP 多抓,71510,2860.4,2-30,回合中段,16
test3,test,FN 漏掉,72179,2887.16,2-31,發球,16
test3,test,FN 漏掉,72261,2890.44,2-31,回合中段,15
test3,test,FP 多抓,72469,2898.76,2-31,回合中段,15
test3,test,FN 漏掉,72484,2899.36,2-31,回合中段,15
test3,test,FN 漏掉,73473,2938.92,2-32,發球,11
test3,test,FP 多抓,73525,2941.0,2-32,回合中段,19
test3,test,FN 漏掉,78161,3126.44,3-2,回合中段,9
test3,test,FP 多抓,78233,3129.32,3-2,回合中段,14
test3,test,FN 漏掉,78248,3129.92,3-2,回合中段,15
test3,test,FN 漏掉,78356,3134.24,3-2,回合中段,25
test3,test,FP 多抓,79055,3162.2,3-3,回合中段,11
test3,test,FN 漏掉,79066,3162.64,3-3,回合中段,11
test3,test,FN 漏掉,79088,3163.52,3-3,回合中段,10
test3,test,FP 多抓,81220,3248.8,3-5,回合中段,15
test3,test,FN 漏掉,81235,3249.4,3-5,最後一拍,15
test3,test,FP 多抓,81887,3275.48,3-6,回合中段,11
test3,test,FN 漏掉,81901,3276.04,3-6,回合中段,14
test3,test,FN 漏掉,81954,3278.16,3-6,回合中段,15
test3,test,FN 漏掉,82155,3286.2,3-6,回合中段,20
test3,test,FN 漏掉,82178,3287.12,3-6,回合中段,43
test3,test,FN 漏掉,82781,3311.24,3-6,最後一拍,9
test3,test,FN 漏掉,85430,3417.2,3-8,發球,12
test3,test,FP 多抓,85517,3420.68,3-8,回合中段,7
test3,test,FN 漏掉,85524,3420.96,3-8,回合中段,7
test3,test,FN 漏掉,85596,3423.84,3-8,回合中段,15
test3,test,FP 多抓,85700,3428.0,3-8,回合中段,19
test3,test,FN 漏掉,85784,3431.36,3-8,最後一拍,26
test3,test,FP 多抓,88036,3521.44,3-10,回合中段,7
test3,test,FN 漏掉,88043,3521.72,3-10,回合中段,7
test3,test,FN 漏掉,88152,3526.08,3-10,回合中段,42
test3,test,FN 漏掉,88173,3526.92,3-10,回合中段,21
test3,test,FN 漏掉,89872,3594.88,3-12,發球,16
test3,test,FN 漏掉,91241,3649.64,3-13,發球,8
test3,test,FP 多抓,92138,3685.52,3-14,回合中段,15
test3,test,FP 多抓,92229,3689.16,3-14,回合中段,13
test3,test,FP 多抓,92336,3693.44,3-14,回合中段,7
test3,test,FN 漏掉,92343,3693.72,3-14,回合中段,7
test3,test,FP 多抓,93403,3736.12,3-15,回合中段,9
test3,test,FN 漏掉,93412,3736.48,3-15,回合中段,9
test3,test,FP 多抓,94340,3773.6,3-16,回合中段,9
test3,test,FP 多抓,94355,3774.2,3-16,回合中段,10
test3,test,FN 漏掉,94365,3774.6,3-16,回合中段,10
test3,test,FN 漏掉,95021,3800.84,3-17,回合中段,15
test3,test,FP 多抓,95036,3801.44,3-17,回合中段,15
test3,test,FN 漏掉,95405,3816.2,3-17,最後一拍,47
test3,test,FP 多抓,99410,3976.4,3-20,回合中段,14
test3,test,FN 漏掉,99481,3979.24,3-20,最後一拍,28
test3,test,FN 漏掉,101035,4041.4,3-22,發球,14
test3,test,FN 漏掉,101232,4049.28,3-22,最後一拍,14
test3,test,FN 漏掉,103432,4137.28,3-24,發球,16
test3,test,FN 漏掉,104538,4181.52,3-25,回合中段,6
test3,test,FP 多抓,104594,4183.76,3-25,回合中段,14
test3,test,FN 漏掉,105137,4205.48,3-26,發球,15
test3,test,FN 漏掉,105311,4212.44,3-26,回合中段,7
test3,test,FP 多抓,106698,4267.92,3-27,回合中段,13
test3,test,FN 漏掉,106716,4268.64,3-27,回合中段,18
test3,test,FP 多抓,106770,4270.8,3-27,回合中段,12
test3,test,FN 漏掉,107010,4280.4,3-27,回合中段,8
test3,test,FP 多抓,108158,4326.32,3-28,回合中段,16
test3,test,FP 多抓,108282,4331.28,3-28,回合中段,5
test3,test,FN 漏掉,109056,4362.24,3-29,發球,19
test3,test,FN 漏掉,110963,4438.52,3-31,發球,6
test3,test,FN 漏掉,111782,4471.28,3-32,發球,14
test3,test,FN 漏掉,113362,4534.48,3-34,發球,15
test3,test,FN 漏掉,115218,4608.72,3-36,回合中段,12
test3,test,FN 漏掉,115890,4635.6,3-37,發球,10
test3,test,FP 多抓,115900,4636.0,3-37,回合中段,7
test3,test,FN 漏掉,115907,4636.28,3-37,回合中段,7
test3,test,FN 漏掉,116120,4644.8,3-37,回合中段,6
test3,test,FP 多抓,116126,4645.04,3-37,回合中段,6
test3,test,FN 漏掉,116183,4647.32,3-37,回合中段,17
test4,test,FN 漏掉,13203,528.12,1-3,發球,6
test4,test,FP 多抓,13226,529.04,1-3,回合中段,14
test4,test,FN 漏掉,13240,529.6,1-3,回合中段,12
test4,test,FP 多抓,16264,650.56,1-6,回合中段,10
test4,test,FP 多抓,16343,653.72,1-6,回合中段,8
test4,test,FN 漏掉,17057,682.28,1-7,發球,29
test4,test,FN 漏掉,19215,768.6,1-10,回合中段,15
test4,test,FP 多抓,19860,794.4,1-11,回合中段,5
test4,test,FN 漏掉,21069,842.76,1-13,發球,16
test4,test,FN 漏掉,21304,852.16,1-13,回合中段,22
test4,test,FP 多抓,21326,853.04,1-13,回合中段,10
test4,test,FN 漏掉,22073,882.92,1-14,回合中段,9
test4,test,FN 漏掉,23025,921.0,1-15,回合中段,11
test4,test,FP 多抓,23093,923.72,1-15,回合中段,13
test4,test,FN 漏掉,23107,924.28,1-15,回合中段,14
test4,test,FN 漏掉,23149,925.96,1-15,最後一拍,27
test4,test,FP 多抓,26674,1066.96,1-18,回合中段,13
test4,test,FN 漏掉,26689,1067.56,1-18,回合中段,15
test4,test,FN 漏掉,26777,1071.08,1-18,最後一拍,28
test4,test,FN 漏掉,28610,1144.4,1-20,發球,320
test4,test,FN 漏掉,28611,1144.44,1-20,最後一拍,319
test4,test,FP 多抓,29140,1165.6,1-21,回合中段,10
test4,test,FN 漏掉,29155,1166.2,1-21,回合中段,15
test4,test,FP 多抓,29379,1175.16,1-21,回合中段,2
test4,test,FN 漏掉,30542,1221.68,1-22,回合中段,17
test4,test,FP 多抓,32284,1291.36,1-23,回合中段,14
test4,test,FN 漏掉,32298,1291.92,1-23,回合中段,14
test4,test,FN 漏掉,32327,1293.08,1-23,回合中段,13
test4,test,FN 漏掉,32338,1293.52,1-23,回合中段,9
test4,test,FN 漏掉,35001,1400.04,1-27,回合中段,16
test4,test,FP 多抓,35975,1439.0,1-28,回合中段,10
test4,test,FN 漏掉,38355,1534.2,1-30,回合中段,8
test4,test,FN 漏掉,38574,1542.96,1-30,回合中段,24
test4,test,FN 漏掉,38586,1543.44,1-30,最後一拍,36
test4,test,FN 漏掉,39424,1576.96,1-31,最後一拍,14
test4,test,FN 漏掉,39932,1597.28,1-32,發球,6
test4,test,FP 多抓,39996,1599.84,1-32,回合中段,10
test4,test,FN 漏掉,40006,1600.24,1-32,回合中段,10
test4,test,FP 多抓,40070,1602.8,1-32,回合中段,9
test4,test,FN 漏掉,40079,1603.16,1-32,最後一拍,9
test4,test,FP 多抓,40922,1636.88,1-33,回合中段,9
test4,test,FN 漏掉,41120,1644.8,1-33,回合中段,22
test4,test,FN 漏掉,42251,1690.04,1-34,回合中段,9
test4,test,FN 漏掉,46279,1851.16,1-37,發球,14
test4,test,FN 漏掉,47849,1913.96,1-39,回合中段,7
test4,test,FN 漏掉,48971,1958.84,1-40,回合中段,15
test4,test,FN 漏掉,53273,2130.92,2-1,最後一拍,17
test4,test,FN 漏掉,55778,2231.12,2-4,最後一拍,27
test4,test,FN 漏掉,56237,2249.48,2-5,發球,15
test4,test,FP 多抓,56252,2250.08,2-5,回合中段,12
test4,test,FN 漏掉,56987,2279.48,2-6,回合中段,17
test4,test,FP 多抓,57153,2286.12,2-6,回合中段,12
test4,test,FN 漏掉,58657,2346.28,2-8,回合中段,37
test4,test,FN 漏掉,62761,2510.44,2-12,最後一拍,12
test4,test,FP 多抓,64025,2561.0,2-14,回合中段,10
test4,test,FN 漏掉,64488,2579.52,2-14,最後一拍,22
test4,test,FN 漏掉,65896,2635.84,2-15,發球,10
test4,test,FP 多抓,65947,2637.88,2-15,回合中段,18
test4,test,FN 漏掉,66748,2669.92,2-16,回合中段,12
test4,test,FP 多抓,67546,2701.84,2-17,回合中段,11
test4,test,FN 漏掉,67564,2702.56,2-17,回合中段,14
test4,test,FN 漏掉,67866,2714.64,2-17,回合中段,42
test4,test,FN 漏掉,68538,2741.52,2-18,發球,630
test4,test,FN 漏掉,68553,2742.12,2-18,最後一拍,621
test4,test,FN 漏掉,73568,2942.72,2-22,回合中段,14
test4,test,FN 漏掉,75427,3017.08,2-24,回合中段,758
test4,test,FN 漏掉,75438,3017.52,2-24,最後一拍,747
test4,test,FN 漏掉,76748,3069.92,2-26,發球,17
test4,test,FN 漏掉,78734,3149.36,2-28,回合中段,8
test4,test,FN 漏掉,81442,3257.68,2-30,發球,19
test4,test,FN 漏掉,83271,3330.84,2-31,回合中段,13
test4,test,FN 漏掉,83296,3331.84,2-31,回合中段,12
test4,test,FN 漏掉,83321,3332.84,2-31,回合中段,11
test4,test,FN 漏掉,83341,3333.64,2-31,回合中段,22
test4,test,FP 多抓,85343,3413.72,2-34,回合中段,10
test4,test,FN 漏掉,88301,3532.04,2-37,回合中段,18
test4,test,FN 漏掉,90556,3622.24,2-38,發球,19
test5,test,FN 漏掉,19576,783.04,1-1,最後一拍,10
test5,test,FN 漏掉,19934,797.36,1-2,回合中段,9
test5,test,FN 漏掉,20492,819.68,1-3,回合中段,14
test5,test,FP 多抓,20672,826.88,1-3,回合中段,11
test5,test,FN 漏掉,21358,854.32,1-4,發球,18
test5,test,FN 漏掉,21688,867.52,1-4,回合中段,6
test5,test,FP 多抓,21694,867.76,1-4,回合中段,6
test5,test,FN 漏掉,22448,897.92,1-5,最後一拍,23
test5,test,FN 漏掉,23443,937.72,1-7,回合中段,9
test5,test,FP 多抓,23532,941.28,1-7,回合中段,12
test5,test,FN 漏掉,24441,977.64,1-9,回合中段,8
test5,test,FP 多抓,24449,977.96,1-9,回合中段,8
test5,test,FN 漏掉,25932,1037.28,1-10,發球,289
test5,test,FN 漏掉,26202,1048.08,1-11,發球,19
test5,test,FN 漏掉,26267,1050.68,1-11,回合中段,5
test5,test,FN 漏掉,26522,1060.88,1-11,回合中段,8
test5,test,FN 漏掉,27509,1100.36,1-12,回合中段,8
test5,test,FN 漏掉,27575,1103.0,1-12,回合中段,33
test5,test,FP 多抓,29083,1163.32,1-13,回合中段,9
test5,test,FN 漏掉,29512,1180.48,1-14,發球,46
test5,test,FN 漏掉,29535,1181.4,1-14,回合中段,23
test5,test,FN 漏掉,29609,1184.36,1-14,回合中段,29
test5,test,FN 漏掉,29633,1185.32,1-14,最後一拍,53
test5,test,FN 漏掉,30062,1202.48,1-15,發球,8
test5,test,FN 漏掉,30186,1207.44,1-15,回合中段,7
test5,test,FN 漏掉,30828,1233.12,1-16,發球,11
test5,test,FP 多抓,30839,1233.56,1-16,回合中段,9
test5,test,FN 漏掉,32894,1315.76,1-18,發球,15
test5,test,FP 多抓,33692,1347.68,1-19,回合中段,16
test5,test,FN 漏掉,33708,1348.32,1-19,回合中段,16
test5,test,FP 多抓,38385,1535.4,1-22,回合中段,11
test5,test,FN 漏掉,38396,1535.84,1-22,回合中段,11
test5,test,FN 漏掉,38597,1543.88,1-22,最後一拍,28
test5,test,FN 漏掉,39044,1561.76,1-23,發球,46
test5,test,FN 漏掉,39062,1562.48,1-23,回合中段,28
test5,test,FN 漏掉,39168,1566.72,1-23,最後一拍,31
test5,test,FN 漏掉,39650,1586.0,1-24,最後一拍,400
test5,test,FP 多抓,40256,1610.24,1-25,回合中段,14
test5,test,FP 多抓,41595,1663.8,1-26,回合中段,13
test5,test,FN 漏掉,42335,1693.4,1-27,回合中段,22
test5,test,FN 漏掉,42370,1694.8,1-27,回合中段,15
test5,test,FN 漏掉,42560,1702.4,1-27,最後一拍,32
test5,test,FN 漏掉,43373,1734.92,1-28,回合中段,15
test5,test,FN 漏掉,43943,1757.72,1-29,回合中段,22
test5,test,FN 漏掉,45333,1813.32,1-30,發球,29
test5,test,FN 漏掉,45386,1815.44,1-30,最後一拍,24
test5,test,FN 漏掉,47402,1896.08,1-33,回合中段,9
test5,test,FP 多抓,49058,1962.32,1-34,回合中段,8
test5,test,FN 漏掉,55256,2210.24,2-4,回合中段,22
test5,test,FN 漏掉,55311,2212.44,2-4,回合中段,9
test5,test,FN 漏掉,56364,2254.56,2-6,回合中段,13
test5,test,FN 漏掉,58343,2333.72,2-9,回合中段,11
test5,test,FP 多抓,58354,2334.16,2-9,回合中段,11
test5,test,FP 多抓,59704,2388.16,2-11,回合中段,12
test5,test,FN 漏掉,60299,2411.96,2-11,回合中段,11
test5,test,FN 漏掉,61117,2444.68,2-12,最後一拍,35
test5,test,FN 漏掉,61786,2471.44,2-13,回合中段,12
test5,test,FN 漏掉,61862,2474.48,2-13,最後一拍,17
test5,test,FN 漏掉,62832,2513.28,2-14,發球,21
test5,test,FN 漏掉,62878,2515.12,2-14,回合中段,25
test5,test,FP 多抓,67037,2681.48,2-18,回合中段,9
test5,test,FN 漏掉,69330,2773.2,2-20,回合中段,9
test5,test,FP 多抓,69339,2773.56,2-20,回合中段,9
test5,test,FP 多抓,69352,2774.08,2-20,回合中段,12
test5,test,FN 漏掉,69364,2774.56,2-20,回合中段,12
test5,test,FP 多抓,69386,2775.44,2-20,回合中段,8
test5,test,FN 漏掉,69394,2775.76,2-20,回合中段,8
test5,test,FN 漏掉,70479,2819.16,2-22,回合中段,16
test5,test,FN 漏掉,70812,2832.48,2-23,發球,18
test5,test,FN 漏掉,70864,2834.56,2-23,最後一拍,34
test5,test,FN 漏掉,71794,2871.76,2-25,回合中段,8
test5,test,FP 多抓,71802,2872.08,2-25,回合中段,8
test5,test,FP 多抓,71909,2876.36,2-25,回合中段,10
test5,test,FN 漏掉,72255,2890.2,2-26,發球,14
test5,test,FP 多抓,72269,2890.76,2-26,回合中段,6
test5,test,FN 漏掉,72275,2891.0,2-26,回合中段,6
test5,test,FP 多抓,72307,2892.28,2-26,回合中段,12
test5,test,FN 漏掉,72319,2892.76,2-26,回合中段,12
test5,test,FP 多抓,72558,2902.32,2-26,回合中段,11
test5,test,FP 多抓,72571,2902.84,2-26,回合中段,9
test5,test,FN 漏掉,72580,2903.2,2-26,最後一拍,9
test5,test,FN 漏掉,73581,2943.24,2-28,回合中段,6
test5,test,FP 多抓,73587,2943.48,2-28,回合中段,6
test5,test,FP 多抓,73799,2951.96,2-28,回合中段,11
test5,test,FN 漏掉,74869,2994.76,2-29,回合中段,8
test5,test,FN 漏掉,76735,3069.4,2-31,發球,48
test5,test,FN 漏掉,76754,3070.16,2-31,回合中段,29
test5,test,FN 漏掉,77278,3091.12,2-32,發球,17
test5,test,FN 漏掉,77323,3092.92,2-32,回合中段,17
test5,test,FN 漏掉,77413,3096.52,2-32,回合中段,47
test5,test,FN 漏掉,77445,3097.8,2-32,最後一拍,79
test5,test,FN 漏掉,77856,3114.24,2-33,回合中段,1
test5,test,FN 漏掉,77938,3117.52,2-33,回合中段,30
test6,test,FN 漏掉,15422,616.88,1-2,發球,18
test6,test,FP 多抓,15440,617.6,1-2,回合中段,18
test6,test,FN 漏掉,15860,634.4,1-2,最後一拍,6
test6,test,FN 漏掉,15956,638.24,1-3,回合中段,8
test6,test,FP 多抓,15998,639.92,1-3,回合中段,12
test6,test,FN 漏掉,16010,640.4,1-3,回合中段,12
test6,test,FN 漏掉,16170,646.8,1-3,回合中段,11
test6,test,FP 多抓,16181,647.24,1-3,回合中段,11
test6,test,FP 多抓,16795,671.8,1-4,回合中段,9
test6,test,FN 漏掉,16881,675.24,1-4,回合中段,9
test6,test,FP 多抓,16890,675.6,1-4,回合中段,9
test6,test,FN 漏掉,17667,706.68,1-5,發球,2
test6,test,FN 漏掉,18472,738.88,1-6,發球,5
test6,test,FN 漏掉,21933,877.32,1-11,回合中段,8
test6,test,FP 多抓,22313,892.52,1-11,回合中段,6
test6,test,FN 漏掉,22319,892.76,1-11,回合中段,6
test6,test,FP 多抓,24058,962.32,1-13,回合中段,13
test6,test,FP 多抓,25911,1036.44,1-14,回合中段,10
test6,test,FN 漏掉,25921,1036.84,1-14,回合中段,10
test6,test,FN 漏掉,26070,1042.8,1-14,回合中段,8
test6,test,FP 多抓,26078,1043.12,1-14,回合中段,8
test6,test,FN 漏掉,27524,1100.96,1-15,回合中段,7
test6,test,FP 多抓,27531,1101.24,1-15,回合中段,7
test6,test,FN 漏掉,27787,1111.48,1-15,回合中段,4
test6,test,FN 漏掉,28809,1152.36,1-16,最後一拍,25
test6,test,FN 漏掉,29493,1179.72,1-17,回合中段,19
test6,test,FN 漏掉,29503,1180.12,1-17,回合中段,29
test6,test,FN 漏掉,29517,1180.68,1-17,最後一拍,43
test6,test,FN 漏掉,29964,1198.56,1-18,發球,6
test6,test,FN 漏掉,29964,1198.56,1-18,發球,6
test6,test,FP 多抓,29970,1198.8,1-18,回合中段,6
test6,test,FP 多抓,31180,1247.2,1-19,回合中段,7
test6,test,FN 漏掉,31585,1263.4,1-19,回合中段,10
test6,test,FN 漏掉,31653,1266.12,1-19,回合中段,8
test6,test,FP 多抓,31661,1266.44,1-19,回合中段,8
test6,test,FN 漏掉,33772,1350.88,1-21,回合中段,14
test6,test,FP 多抓,36748,1469.92,1-22,回合中段,10
test6,test,FN 漏掉,37671,1506.84,1-23,發球,13
test6,test,FN 漏掉,37671,1506.84,1-23,發球,13
test6,test,FP 多抓,37684,1507.36,1-23,回合中段,13
test6,test,FN 漏掉,37717,1508.68,1-23,最後一拍,14
test6,test,FN 漏掉,38372,1534.88,1-24,回合中段,14
test6,test,FN 漏掉,38464,1538.56,1-24,回合中段,25
test6,test,FN 漏掉,38483,1539.32,1-24,最後一拍,44
test6,test,FN 漏掉,39109,1564.36,1-25,發球,39
test6,test,FN 漏掉,39129,1565.16,1-25,回合中段,19
test6,test,FN 漏掉,40001,1600.04,1-26,回合中段,6
test6,test,FP 多抓,40007,1600.28,1-26,回合中段,6
test6,test,FN 漏掉,40097,1603.88,1-26,回合中段,15
test6,test,FN 漏掉,41623,1664.92,1-28,回合中段,28
test6,test,FP 多抓,45904,1836.16,1-31,回合中段,11
test6,test,FN 漏掉,47861,1914.44,1-33,回合中段,13
test6,test,FP 多抓,47874,1914.96,1-33,回合中段,11
test6,test,FN 漏掉,48732,1949.28,1-34,發球,8
test6,test,FN 漏掉,48732,1949.28,1-34,發球,8
test6,test,FP 多抓,48740,1949.6,1-34,回合中段,8
test6,test,FN 漏掉,48898,1955.92,1-34,回合中段,27
test6,test,FN 漏掉,48940,1957.6,1-34,回合中段,7
test6,test,FP 多抓,48990,1959.6,1-34,回合中段,15
test6,test,FN 漏掉,49005,1960.2,1-34,回合中段,15
test6,test,FP 多抓,49535,1981.4,1-34,回合中段,8
test6,test,FN 漏掉,49543,1981.72,1-34,回合中段,8
test6,test,FN 漏掉,51082,2043.28,1-35,發球,6
test6,test,FP 多抓,51088,2043.52,1-35,回合中段,6
test6,test,FN 漏掉,51178,2047.12,1-35,最後一拍,13
test6,test,FN 漏掉,51710,2068.4,1-36,發球,14
test6,test,FP 多抓,51966,2078.64,1-36,回合中段,12
test6,test,FN 漏掉,52920,2116.8,1-37,最後一拍,8
test6,test,FN 漏掉,54551,2182.04,1-39,發球,10
test6,test,FP 多抓,54561,2182.44,1-39,回合中段,10
test6,test,FN 漏掉,54606,2184.24,1-39,回合中段,5
test6,test,FN 漏掉,54729,2189.16,1-39,回合中段,16
test6,test,FP 多抓,55151,2206.04,1-39,回合中段,14
test6,test,FN 漏掉,57117,2284.68,1-40,回合中段,8
test6,test,FP 多抓,57125,2285.0,1-40,回合中段,8
test6,test,FP 多抓,57201,2288.04,1-40,回合中段,8
test6,test,FN 漏掉,57209,2288.36,1-40,回合中段,8
test6,test,FN 漏掉,57608,2304.32,1-40,回合中段,14
test6,test,FN 漏掉,61803,2472.12,2-1,最後一拍,46
test6,test,FN 漏掉,62921,2516.84,2-3,發球,18
test6,test,FN 漏掉,64816,2592.64,2-5,回合中段,8
test6,test,FP 多抓,64824,2592.96,2-5,回合中段,8
test6,test,FN 漏掉,64843,2593.72,2-5,回合中段,14
test6,test,FN 漏掉,65524,2620.96,2-6,發球,2
test6,test,FN 漏掉,69689,2787.56,2-7,發球,17
test6,test,FN 漏掉,70779,2831.16,2-8,最後一拍,53
test6,test,FN 漏掉,71357,2854.28,2-9,發球,18
test6,test,FP 多抓,71394,2855.76,2-9,回合中段,11
test6,test,FN 漏掉,71509,2860.36,2-9,回合中段,15
test6,test,FN 漏掉,72561,2902.44,2-10,最後一拍,20
test6,test,FN 漏掉,73300,2932.0,2-11,發球,9
test6,test,FP 多抓,74054,2962.16,2-12,回合中段,13
test6,test,FN 漏掉,74067,2962.68,2-12,回合中段,13
test6,test,FN 漏掉,74103,2964.12,2-12,回合中段,9
test6,test,FP 多抓,74112,2964.48,2-12,回合中段,9
test6,test,FP 多抓,74369,2974.76,2-12,回合中段,11
test6,test,FP 多抓,74577,2983.08,2-12,回合中段,21
test6,test,FN 漏掉,75891,3035.64,2-13,回合中段,9
test6,test,FN 漏掉,76714,3068.56,2-14,發球,12
test6,test,FP 多抓,76726,3069.04,2-14,回合中段,12
test6,test,FP 多抓,76735,3069.4,2-14,回合中段,6
test6,test,FN 漏掉,76741,3069.64,2-14,回合中段,6
test6,test,FP 多抓,76757,3070.28,2-14,回合中段,15
test6,test,FN 漏掉,76796,3071.84,2-14,回合中段,17
test6,test,FP 多抓,78725,3149.0,2-15,回合中段,10
test6,test,FN 漏掉,79648,3185.92,2-16,發球,11
test6,test,FP 多抓,79773,3190.92,2-16,回合中段,19
test6,test,FN 漏掉,79986,3199.44,2-16,回合中段,41
test6,test,FN 漏掉,81891,3275.64,2-17,發球,19
test6,test,FN 漏掉,82040,3281.6,2-17,回合中段,7
test6,test,FN 漏掉,83976,3359.04,2-20,發球,7
test6,test,FP 多抓,83983,3359.32,2-20,回合中段,7
test6,test,FN 漏掉,84626,3385.04,2-21,回合中段,7
test6,test,FN 漏掉,84666,3386.64,2-21,最後一拍,33
test6,test,FN 漏掉,85222,3408.88,2-22,回合中段,7
test6,test,FP 多抓,86890,3475.6,2-23,回合中段,10
test6,test,FP 多抓,86898,3475.92,2-23,回合中段,6
test6,test,FN 漏掉,86904,3476.16,2-23,回合中段,6
test6,test,FN 漏掉,87320,3492.8,2-23,最後一拍,39
test6,test,FN 漏掉,89089,3563.56,2-25,回合中段,9
test6,test,FN 漏掉,90704,3628.16,2-27,發球,18
test6,test,FP 多抓,90738,3629.52,2-27,回合中段,13
test6,test,FN 漏掉,91066,3642.64,2-27,最後一拍,27
test6,test,FN 漏掉,91581,3663.24,2-28,發球,14
test6,test,FN 漏掉,91652,3666.08,2-28,最後一拍,37
test6,test,FP 多抓,93033,3721.32,2-30,回合中段,11
test6,test,FN 漏掉,93575,3743.0,2-31,發球,9
test6,test,FP 多抓,94513,3780.52,2-32,回合中段,21
test6,test,FP 多抓,94568,3782.72,2-32,回合中段,76
test7,test,FN 漏掉,11237,449.48,1-2,最後一拍,22
test7,test,FN 漏掉,11741,469.64,1-3,發球,16
test7,test,FN 漏掉,12799,511.96,1-5,回合中段,15
test7,test,FP 多抓,14500,580.0,1-7,回合中段,11
test7,test,FN 漏掉,14520,580.8,1-7,回合中段,9
test7,test,FP 多抓,14529,581.16,1-7,回合中段,9
test7,test,FN 漏掉,14783,591.32,1-7,回合中段,27
test7,test,FN 漏掉,18145,725.8,1-11,發球,20
test7,test,FN 漏掉,21209,848.36,1-14,回合中段,8
test7,test,FP 多抓,21217,848.68,1-14,回合中段,8
test7,test,FN 漏掉,21847,873.88,1-15,回合中段,8
test7,test,FP 多抓,21855,874.2,1-15,回合中段,8
test7,test,FN 漏掉,21894,875.76,1-15,最後一拍,39
test7,test,FN 漏掉,22627,905.08,1-16,回合中段,9
test7,test,FP 多抓,22636,905.44,1-16,回合中段,9
test7,test,FP 多抓,22653,906.12,1-16,回合中段,26
test7,test,FP 多抓,22664,906.56,1-16,回合中段,19
test7,test,FN 漏掉,23821,952.84,1-17,回合中段,8
test7,test,FP 多抓,23829,953.16,1-17,回合中段,8
test7,test,FN 漏掉,23929,957.16,1-17,回合中段,19
test7,test,FP 多抓,24022,960.88,1-17,回合中段,10
test7,test,FP 多抓,24040,961.6,1-17,回合中段,11
test7,test,FN 漏掉,24720,988.8,1-18,回合中段,13
test7,test,FP 多抓,24733,989.32,1-18,回合中段,13
test7,test,FP 多抓,24890,995.6,1-18,回合中段,13
test7,test,FP 多抓,29686,1187.44,1-20,回合中段,9
test7,test,FN 漏掉,29696,1187.84,1-20,回合中段,10
test7,test,FN 漏掉,29762,1190.48,1-20,回合中段,19
test7,test,FN 漏掉,31398,1255.92,1-22,最後一拍,4
test7,test,FN 漏掉,32740,1309.6,1-24,發球,23
test7,test,FN 漏掉,33678,1347.12,1-25,最後一拍,5
test7,test,FP 多抓,34877,1395.08,1-26,回合中段,9
test7,test,FN 漏掉,34886,1395.44,1-26,回合中段,9
test7,test,FN 漏掉,34908,1396.32,1-26,回合中段,31
test7,test,FP 多抓,36948,1477.92,1-28,回合中段,18
test7,test,FN 漏掉,37069,1482.76,1-28,回合中段,17
test7,test,FN 漏掉,38076,1523.04,1-29,回合中段,11
test7,test,FP 多抓,38110,1524.4,1-29,回合中段,9
test7,test,FP 多抓,38146,1525.84,1-29,回合中段,22
test7,test,FP 多抓,38161,1526.44,1-29,回合中段,16
test7,test,FN 漏掉,39625,1585.0,1-31,回合中段,8
test7,test,FP 多抓,39633,1585.32,1-31,回合中段,8
test7,test,FP 多抓,39643,1585.72,1-31,回合中段,18
test7,test,FN 漏掉,41340,1653.6,1-33,回合中段,14
test7,test,FP 多抓,41354,1654.16,1-33,回合中段,14
test7,test,FN 漏掉,44580,1783.2,1-35,發球,19
test7,test,FN 漏掉,45163,1806.52,1-36,發球,15
test7,test,FN 漏掉,46279,1851.16,1-37,發球,17
test7,test,FP 多抓,46296,1851.84,1-37,回合中段,17
test7,test,FN 漏掉,47628,1905.12,1-38,回合中段,10
test7,test,FP 多抓,47638,1905.52,1-38,回合中段,8
test7,test,FN 漏掉,47764,1910.56,1-38,回合中段,23
test7,test,FP 多抓,47893,1915.72,1-38,回合中段,17
test7,test,FN 漏掉,47958,1918.32,1-38,最後一拍,21
test7,test,FN 漏掉,54983,2199.32,2-5,發球,12
test7,test,FP 多抓,54995,2199.8,2-5,回合中段,12
test7,test,FN 漏掉,58093,2323.72,2-8,回合中段,12
test7,test,FN 漏掉,58691,2347.64,2-9,回合中段,7
test7,test,FP 多抓,58698,2347.92,2-9,回合中段,7
test7,test,FP 多抓,58760,2350.4,2-9,回合中段,13
test7,test,FN 漏掉,58812,2352.48,2-9,回合中段,10
test7,test,FN 漏掉,60443,2417.72,2-11,發球,16
test7,test,FN 漏掉,61858,2474.32,2-13,回合中段,10
test7,test,FP 多抓,62563,2502.52,2-14,回合中段,13
test7,test,FP 多抓,62664,2506.56,2-14,回合中段,15
test7,test,FP 多抓,64795,2591.8,2-17,回合中段,12
test7,test,FN 漏掉,64807,2592.28,2-17,回合中段,12
test7,test,FP 多抓,64910,2596.4,2-17,回合中段,13
test7,test,FP 多抓,64933,2597.32,2-17,回合中段,16
test7,test,FN 漏掉,65065,2602.6,2-17,回合中段,9
test7,test,FN 漏掉,69432,2777.28,2-20,發球,12
test7,test,FN 漏掉,71859,2874.36,2-21,發球,7
test7,test,FP 多抓,71866,2874.64,2-21,回合中段,7
test7,test,FN 漏掉,72204,2888.16,2-21,最後一拍,8
test7,test,FN 漏掉,74608,2984.32,2-24,發球,6
test7,test,FP 多抓,74614,2984.56,2-24,回合中段,6
test7,test,FP 多抓,74677,2987.08,2-24,回合中段,8
test7,test,FN 漏掉,74685,2987.4,2-24,回合中段,8
test7,test,FN 漏掉,75552,3022.08,2-25,回合中段,7
test7,test,FP 多抓,75774,3030.96,2-25,回合中段,15
test7,test,FN 漏掉,75789,3031.56,2-25,回合中段,15
test7,test,FN 漏掉,77173,3086.92,2-26,回合中段,12
test7,test,FN 漏掉,77202,3088.08,2-26,回合中段,10
test7,test,FP 多抓,77246,3089.84,2-26,回合中段,15
test7,test,FP 多抓,78629,3145.16,2-27,回合中段,9
test7,test,FN 漏掉,78765,3150.6,2-27,回合中段,8
test7,test,FP 多抓,80046,3201.84,2-28,回合中段,8
test7,test,FN 漏掉,80077,3203.08,2-28,回合中段,12
test7,test,FP 多抓,80089,3203.56,2-28,回合中段,12
test7,test,FP 多抓,80097,3203.88,2-28,回合中段,18
test7,test,FP 多抓,80106,3204.24,2-28,回合中段,9
test7,test,FN 漏掉,80115,3204.6,2-28,回合中段,9
test7,test,FN 漏掉,80813,3232.52,2-29,回合中段,11
test7,test,FP 多抓,80824,3232.96,2-29,回合中段,9
test7,test,FN 漏掉,80952,3238.08,2-29,回合中段,16
test7,test,FN 漏掉,81090,3243.6,2-29,回合中段,18
test7,test,FN 漏掉,81133,3245.32,2-29,回合中段,11
test7,test,FP 多抓,81144,3245.76,2-29,回合中段,11
test7,test,FN 漏掉,83746,3349.84,2-31,回合中段,6
test7,test,FP 多抓,83752,3350.08,2-31,回合中段,6
test7,test,FN 漏掉,84475,3379.0,2-32,發球,6
test7,test,FP 多抓,84481,3379.24,2-32,回合中段,6
test7,test,FN 漏掉,84776,3391.04,2-32,最後一拍,13
test7,test,FN 漏掉,85876,3435.04,2-33,回合中段,15
test7,test,FP 多抓,85891,3435.64,2-33,回合中段,15
test7,test,FN 漏掉,85925,3437.0,2-33,回合中段,12
test7,test,FP 多抓,86699,3467.96,2-34,回合中段,9
test7,test,FN 漏掉,86708,3468.32,2-34,回合中段,9
test7,test,FP 多抓,86998,3479.92,2-34,回合中段,14
test7,test,FN 漏掉,87020,3480.8,2-34,回合中段,15
test7,test,FN 漏掉,89086,3563.44,2-35,回合中段,9
test7,test,FP 多抓,89095,3563.8,2-35,回合中段,7
test7,test,FN 漏掉,89222,3568.88,2-35,回合中段,14
test7,test,FP 多抓,90005,3600.2,2-36,回合中段,19
test7,test,FN 漏掉,91182,3647.28,2-37,發球,15
test7,test,FP 多抓,91995,3679.8,2-38,回合中段,12
test7,test,FN 漏掉,92080,3683.2,2-38,回合中段,10
test8,test,FN 漏掉,14342,573.68,1-2,發球,15
test8,test,FP 多抓,15054,602.16,1-3,回合中段,9
test8,test,FN 漏掉,16459,658.36,1-5,發球,17
test8,test,FN 漏掉,16909,676.36,1-6,回合中段,9
test8,test,FP 多抓,16918,676.72,1-6,回合中段,9
test8,test,FP 多抓,17463,698.52,1-7,回合中段,12
test8,test,FN 漏掉,19900,796.0,1-11,回合中段,6
test8,test,FP 多抓,19906,796.24,1-11,回合中段,6
test8,test,FN 漏掉,21373,854.92,1-12,發球,19
test8,test,FN 漏掉,22501,900.04,1-14,回合中段,8
test8,test,FP 多抓,22509,900.36,1-14,回合中段,8
test8,test,FN 漏掉,26129,1045.16,1-17,回合中段,9
test8,test,FN 漏掉,28653,1146.12,1-20,回合中段,25
test8,test,FN 漏掉,28708,1148.32,1-20,最後一拍,80
test8,test,FN 漏掉,30370,1214.8,1-22,回合中段,30
test8,test,FN 漏掉,30410,1216.4,1-22,最後一拍,70
test8,test,FN 漏掉,33385,1335.4,1-25,最後一拍,30
test8,test,FN 漏掉,33896,1355.84,1-26,回合中段,22
test8,test,FN 漏掉,34121,1364.84,1-26,最後一拍,25
test8,test,FN 漏掉,37604,1504.16,1-31,最後一拍,25
test8,test,FN 漏掉,43315,1732.6,2-4,回合中段,49
test8,test,FN 漏掉,43325,1733.0,2-4,最後一拍,59
test8,test,FP 多抓,45773,1830.92,2-8,回合中段,9
test8,test,FN 漏掉,45782,1831.28,2-8,最後一拍,9
test8,test,FN 漏掉,46672,1866.88,2-9,發球,48
test8,test,FN 漏掉,46703,1868.12,2-9,回合中段,17
test8,test,FN 漏掉,52636,2105.44,2-16,最後一拍,430
test8,test,FP 多抓,54693,2187.72,2-17,回合中段,14
test8,test,FN 漏掉,54707,2188.28,2-17,回合中段,10
test8,test,FN 漏掉,54801,2192.04,2-17,最後一拍,15
test8,test,FN 漏掉,55230,2209.2,2-18,發球,444
test8,test,FN 漏掉,55236,2209.44,2-18,回合中段,450
test8,test,FN 漏掉,55265,2210.6,2-18,最後一拍,432
test8,test,FN 漏掉,55684,2227.36,2-19,發球,13
test8,test,FN 漏掉,55735,2229.4,2-19,最後一拍,17
test8,test,FP 多抓,56754,2270.16,2-21,回合中段,21
test8,test,FN 漏掉,56775,2271.0,2-21,回合中段,19
test8,test,FN 漏掉,56962,2278.48,2-21,最後一拍,37
test8,test,FN 漏掉,57971,2318.84,2-23,發球,15
test8,test,FN 漏掉,58013,2320.52,2-23,最後一拍,27
test8,test,FN 漏掉,59998,2399.92,2-26,最後一拍,494
test8,test,FN 漏掉,62894,2515.76,2-30,最後一拍,37
test8,test,FN 漏掉,64044,2561.76,2-32,發球,8
test8,test,FP 多抓,64052,2562.08,2-32,回合中段,8
test8,test,FN 漏掉,64132,2565.28,2-32,回合中段,50
test8,test,FN 漏掉,64161,2566.44,2-32,最後一拍,79
test8,test,FN 漏掉,66402,2656.08,2-33,發球,14
test9,test,FN 漏掉,10334,413.36,1-1,回合中段,6
test9,test,FP 多抓,10340,413.6,1-1,回合中段,6
test9,test,FP 多抓,10504,420.16,1-1,回合中段,11
test9,test,FN 漏掉,10515,420.6,1-1,回合中段,9
test9,test,FN 漏掉,11305,452.2,1-2,發球,14
test9,test,FP 多抓,11551,462.04,1-2,回合中段,15
test9,test,FN 漏掉,11570,462.8,1-2,回合中段,16
test9,test,FP 多抓,11729,469.16,1-2,回合中段,8
test9,test,FP 多抓,11920,476.8,1-2,回合中段,2
test9,test,FP 多抓,13470,538.8,1-3,回合中段,12
test9,test,FN 漏掉,13482,539.28,1-3,回合中段,12
test9,test,FP 多抓,14231,569.24,1-4,回合中段,8
test9,test,FN 漏掉,14239,569.56,1-4,最後一拍,8
test9,test,FN 漏掉,15135,605.4,1-5,最後一拍,23
test9,test,FN 漏掉,16206,648.24,1-7,回合中段,6
test9,test,FP 多抓,16212,648.48,1-7,回合中段,6
test9,test,FN 漏掉,17547,701.88,1-9,發球,17
test9,test,FN 漏掉,17621,704.84,1-9,回合中段,13
test9,test,FP 多抓,17685,707.4,1-9,回合中段,10
test9,test,FN 漏掉,19631,785.24,1-11,最後一拍,42
test9,test,FN 漏掉,20452,818.08,1-12,發球,16
test9,test,FN 漏掉,20502,820.08,1-12,回合中段,17
test9,test,FP 多抓,24015,960.6,1-16,回合中段,11
test9,test,FN 漏掉,24147,965.88,1-16,最後一拍,10
test9,test,FN 漏掉,27443,1097.72,1-19,最後一拍,11
test9,test,FN 漏掉,28621,1144.84,1-20,回合中段,11
test9,test,FN 漏掉,28749,1149.96,1-20,最後一拍,26
test9,test,FN 漏掉,29236,1169.44,1-21,發球,14
test9,test,FN 漏掉,29236,1169.44,1-21,發球,14
test9,test,FN 漏掉,29261,1170.44,1-21,回合中段,11
test9,test,FP 多抓,29878,1195.12,1-22,回合中段,17
test9,test,FP 多抓,29890,1195.6,1-22,回合中段,8
test9,test,FP 多抓,29932,1197.28,1-22,回合中段,9
test9,test,FN 漏掉,29941,1197.64,1-22,最後一拍,9
test9,test,FP 多抓,30651,1226.04,1-23,回合中段,16
test9,test,FP 多抓,30798,1231.92,1-23,回合中段,5
test9,test,FN 漏掉,30817,1232.68,1-23,最後一拍,19
test9,test,FN 漏掉,32004,1280.16,1-24,最後一拍,25
test9,test,FP 多抓,32848,1313.92,1-25,回合中段,11
test9,test,FN 漏掉,32880,1315.2,1-25,回合中段,13
test9,test,FN 漏掉,33705,1348.2,1-26,回合中段,20
test9,test,FN 漏掉,35185,1407.4,1-28,發球,12
test9,test,FP 多抓,36290,1451.6,1-29,回合中段,13
test9,test,FN 漏掉,36304,1452.16,1-29,回合中段,14
test9,test,FN 漏掉,37838,1513.52,1-31,發球,14
test9,test,FN 漏掉,41083,1643.32,2-1,發球,17
test9,test,FN 漏掉,44692,1787.68,2-4,回合中段,18
test9,test,FN 漏掉,46182,1847.28,2-5,發球,48
test9,test,FN 漏掉,46214,1848.56,2-5,回合中段,16
test9,test,FN 漏掉,47481,1899.24,2-7,發球,16
test9,test,FP 多抓,47603,1904.12,2-7,回合中段,3
test9,test,FN 漏掉,47623,1904.92,2-7,最後一拍,16
test9,test,FP 多抓,48478,1939.12,2-8,回合中段,9
test9,test,FN 漏掉,49339,1973.56,2-9,發球,15
test9,test,FN 漏掉,49408,1976.32,2-9,回合中段,16
test9,test,FN 漏掉,49728,1989.12,2-9,回合中段,6
test9,test,FP 多抓,49734,1989.36,2-9,回合中段,6
test9,test,FN 漏掉,51258,2050.32,2-10,回合中段,2
test9,test,FN 漏掉,51258,2050.32,2-10,回合中段,2
test9,test,FP 多抓,51328,2053.12,2-10,回合中段,26
test9,test,FP 多抓,52191,2087.64,2-11,回合中段,5
test9,test,FN 漏掉,52327,2093.08,2-11,回合中段,18
test9,test,FN 漏掉,53082,2123.28,2-12,發球,10
test9,test,FN 漏掉,53133,2125.32,2-12,回合中段,13
test9,test,FN 漏掉,53391,2135.64,2-12,最後一拍,35
test9,test,FN 漏掉,54147,2165.88,2-13,最後一拍,10
test9,test,FN 漏掉,55057,2202.28,2-14,回合中段,6
test9,test,FP 多抓,55063,2202.52,2-14,回合中段,6
test9,test,FN 漏掉,56425,2257.0,2-15,發球,9
test9,test,FP 多抓,56472,2258.88,2-15,回合中段,13
test9,test,FN 漏掉,56509,2260.36,2-15,回合中段,14
test9,test,FP 多抓,56523,2260.92,2-15,回合中段,12
test9,test,FN 漏掉,56790,2271.6,2-15,最後一拍,26
test9,test,FN 漏掉,58316,2332.64,2-16,發球,16
test9,test,FN 漏掉,58349,2333.96,2-16,回合中段,7
test9,test,FN 漏掉,58370,2334.8,2-16,最後一拍,14
test9,test,FN 漏掉,59124,2364.96,2-17,回合中段,22
test9,test,FN 漏掉,59169,2366.76,2-17,回合中段,21
test9,test,FN 漏掉,60999,2439.96,2-18,發球,476
test9,test,FN 漏掉,61014,2440.56,2-18,回合中段,461
test9,test,FN 漏掉,61033,2441.32,2-18,最後一拍,442
test9,test,FN 漏掉,61465,2458.6,2-19,發球,10
test9,test,FN 漏掉,61465,2458.6,2-19,發球,10
test9,test,FN 漏掉,61513,2460.52,2-19,回合中段,15
test9,test,FN 漏掉,61552,2462.08,2-19,回合中段,11
test9,test,FN 漏掉,63166,2526.64,2-20,發球,17
test9,test,FN 漏掉,63359,2534.36,2-20,回合中段,16
test9,test,FN 漏掉,65526,2621.04,2-21,發球,4
test9,test,FN 漏掉,65559,2622.36,2-21,回合中段,19
test9,test,FN 漏掉,65806,2632.24,2-21,最後一拍,22
test9,test,FN 漏掉,66672,2666.88,2-22,發球,16
test9,test,FN 漏掉,67071,2682.84,2-22,回合中段,20
test9,test,FP 多抓,67273,2690.92,2-22,回合中段,13
test9,test,FP 多抓,67436,2697.44,2-22,回合中段,14
test9,test,FN 漏掉,67510,2700.4,2-22,最後一拍,26
test9,test,FN 漏掉,70912,2836.48,2-26,發球,457
test9,test,FN 漏掉,72232,2889.28,2-28,回合中段,34
test9,test,FN 漏掉,72268,2890.72,2-28,回合中段,70
test9,test,FN 漏掉,72290,2891.6,2-28,最後一拍,92
test9,test,FN 漏掉,73460,2938.4,2-29,發球,16
test9,test,FN 漏掉,73615,2944.6,2-29,回合中段,11
test9,test,FN 漏掉,73765,2950.6,2-29,最後一拍,25
test9,test,FN 漏掉,76004,3040.16,2-31,發球,14
test9,test,FN 漏掉,76416,3056.64,2-32,發球,379
test9,test,FN 漏掉,76434,3057.36,2-32,最後一拍,397
test9,test,FN 漏掉,76925,3077.0,2-33,發球,10
