match,split,fps,tol,answers_total,answers_scored,detections_total,detections_scored,matched,fp,fn,precision,recall,f1,error_median,error_mean,error_mae,error_min,error_max
ASG_vs_AA_2020,dev,25.0,5,824,809,953,762,736,26,73,96.59,90.98,93.7,-1.0,-1.01,1.33,-5,5
ASY_vs_PC_2021,dev,30.0,5,747,717,795,742,601,141,116,81.0,83.82,82.39,-2,-1.74,2.31,-5,5
CTC_vs_CL_2019,dev,25.0,5,860,860,888,811,797,14,63,98.27,92.67,95.39,-1,-1.12,1.43,-5,5
MK_vs_CT_2019,dev,25.0,5,1644,1633,1657,1545,1447,98,186,93.66,88.61,91.06,-2,-2.08,2.34,-5,5
PC_vs_PVS_2020,dev,30.0,5,644,609,680,607,534,73,75,87.97,87.68,87.83,-1.0,-0.92,1.43,-5,5
RI_vs_PVS_2021,dev,30.0,5,583,545,572,514,490,24,55,95.33,89.91,92.54,-1.0,-1.11,1.29,-4,5
test2,test,25.0,5,1311,1307,1330,1241,1179,62,128,95.0,90.21,92.54,-1,-1.41,1.64,-5,5
test3,test,25.0,5,1166,1150,1166,1093,1033,60,117,94.51,89.83,92.11,-1,-1.36,1.61,-5,5
test4,test,25.0,5,928,879,888,842,822,20,57,97.62,93.52,95.53,-1.0,-1.33,1.51,-5,5
test5,test,25.0,5,692,671,700,628,603,25,68,96.02,89.87,92.84,-1,-1.21,1.45,-5,5
test6,test,25.0,5,972,968,985,929,884,45,84,95.16,91.32,93.2,-2.0,-1.52,1.75,-5,5
test7,test,25.0,5,818,805,861,792,740,52,65,93.43,91.93,92.67,1.0,0.56,1.16,-5,5
test8,test,25.0,5,529,506,528,477,468,9,38,98.11,92.49,95.22,-2.0,-1.48,1.71,-5,5
test9,test,25.0,5,704,704,696,652,625,27,79,95.86,88.78,92.18,-1,-1.24,1.52,-5,5
