scope,answer,高遠球,發球,小球,平快球,殺球,切球,撲球,勾球,未知球種
BST 沒看過,高遠球,478,1,1,49,1,1,0,0,0
BST 沒看過,發球,2,83,2,1,0,0,0,0,5
BST 沒看過,小球,5,0,344,6,4,7,0,19,2
BST 沒看過,平快球,26,0,3,96,6,3,1,0,1
BST 沒看過,殺球,0,0,0,1,159,14,0,0,0
BST 沒看過,切球,6,0,2,3,10,168,0,0,0
BST 沒看過,撲球,1,0,0,3,1,0,14,0,0
BST 沒看過,勾球,0,0,10,2,0,3,0,57,0
BST 看過,高遠球,1997,0,8,215,5,3,0,0,1
BST 看過,發球,5,497,7,2,1,1,0,0,17
BST 看過,小球,11,1,2543,24,15,26,3,38,2
BST 看過,平快球,249,0,53,1092,31,27,13,0,1
BST 看過,殺球,11,0,7,8,1000,91,1,2,0
BST 看過,切球,9,0,31,12,26,755,0,4,1
BST 看過,撲球,1,0,1,22,0,3,80,0,0
BST 看過,勾球,0,0,76,12,4,9,0,279,0
合計,高遠球,2475,1,9,264,6,4,0,0,1
合計,發球,7,580,9,3,1,1,0,0,22
合計,小球,16,1,2887,30,19,33,3,57,4
合計,平快球,275,0,56,1188,37,30,14,0,2
合計,殺球,11,0,7,9,1159,105,1,2,0
合計,切球,15,0,33,15,36,923,0,4,1
合計,撲球,2,0,1,25,1,3,94,0,0
合計,勾球,0,0,86,14,4,12,0,336,0
