match,bst_seen,answer_frame,detection_frame,offset_frames,rally,answer,predicted,oracle,reason
ASG_vs_AA_2020,看過,24423,24422,-1,1-2,平快球,高遠球,高遠球,錯在 BST
ASG_vs_AA_2020,看過,24568,24568,0,1-2,平快球,高遠球,高遠球,錯在 BST
ASG_vs_AA_2020,看過,24621,24619,-2,1-2,平快球,高遠球,高遠球,錯在 BST
ASG_vs_AA_2020,看過,25115,25111,-4,1-3,發球,未知球種,未知球種,判成未知
ASG_vs_AA_2020,看過,28352,28351,-1,1-7,小球,勾球,勾球,錯在 BST
ASG_vs_AA_2020,看過,29986,29984,-2,1-9,平快球,撲球,撲球,錯在 BST
ASG_vs_AA_2020,看過,29996,29995,-1,1-9,高遠球,平快球,平快球,錯在 BST
ASG_vs_AA_2020,看過,33104,33102,-2,1-12,平快球,高遠球,高遠球,錯在 BST
ASG_vs_AA_2020,看過,34123,34123,0,1-13,平快球,高遠球,高遠球,錯在 BST
ASG_vs_AA_2020,看過,37692,37696,4,1-16,殺球,切球,切球,錯在 BST
ASG_vs_AA_2020,看過,40094,40093,-1,1-20,發球,未知球種,未知球種,判成未知
ASG_vs_AA_2020,看過,40137,40137,0,1-20,殺球,切球,切球,錯在 BST
ASG_vs_AA_2020,看過,40292,40290,-2,1-20,小球,勾球,勾球,錯在 BST
ASG_vs_AA_2020,看過,42859,42857,-2,1-22,平快球,殺球,殺球,錯在 BST
ASG_vs_AA_2020,看過,43275,43274,-1,1-22,高遠球,平快球,平快球,錯在 BST
ASG_vs_AA_2020,看過,44496,44496,0,1-23,小球,平快球,小球,錯在上游
ASG_vs_AA_2020,看過,46090,46089,-1,1-24,殺球,切球,切球,錯在 BST
ASG_vs_AA_2020,看過,46686,46685,-1,1-25,殺球,切球,殺球,錯在上游
ASG_vs_AA_2020,看過,46760,46759,-1,1-25,平快球,高遠球,高遠球,錯在 BST
ASG_vs_AA_2020,看過,46836,46835,-1,1-25,小球,勾球,小球,錯在上游
ASG_vs_AA_2020,看過,46908,46907,-1,1-25,平快球,切球,切球,錯在 BST
ASG_vs_AA_2020,看過,46958,46957,-1,1-25,平快球,殺球,平快球,錯在上游
ASG_vs_AA_2020,看過,48634,48633,-1,1-27,平快球,高遠球,高遠球,錯在 BST
ASG_vs_AA_2020,看過,48863,48862,-1,1-27,高遠球,平快球,高遠球,錯在上游
ASG_vs_AA_2020,看過,51197,51201,4,1-29,平快球,高遠球,高遠球,錯在 BST
ASG_vs_AA_2020,看過,51246,51245,-1,1-29,平快球,小球,平快球,錯在上游
ASG_vs_AA_2020,看過,52892,52891,-1,1-30,平快球,殺球,殺球,錯在 BST
ASG_vs_AA_2020,看過,59453,59452,-1,1-36,殺球,切球,切球,錯在 BST
ASG_vs_AA_2020,看過,59873,59871,-2,1-36,切球,殺球,殺球,錯在 BST
ASG_vs_AA_2020,看過,62319,62317,-2,1-38,平快球,高遠球,高遠球,錯在 BST
ASG_vs_AA_2020,看過,62378,62377,-1,1-38,小球,切球,小球,錯在上游
ASG_vs_AA_2020,看過,72428,72427,-1,2-8,小球,勾球,勾球,錯在 BST
ASG_vs_AA_2020,看過,74618,74616,-2,2-11,平快球,高遠球,高遠球,錯在 BST
ASG_vs_AA_2020,看過,74748,74746,-2,2-11,高遠球,平快球,高遠球,錯在上游
ASG_vs_AA_2020,看過,74921,74921,0,2-11,殺球,切球,切球,錯在 BST
ASG_vs_AA_2020,看過,74963,74962,-1,2-11,平快球,高遠球,高遠球,錯在 BST
ASG_vs_AA_2020,看過,75932,75930,-2,2-12,小球,切球,切球,錯在 BST
ASG_vs_AA_2020,看過,77093,77091,-2,2-13,小球,勾球,小球,錯在上游
ASG_vs_AA_2020,看過,77987,77985,-2,2-14,殺球,平快球,平快球,錯在 BST
ASG_vs_AA_2020,看過,81214,81212,-2,2-16,殺球,切球,切球,錯在 BST
ASG_vs_AA_2020,看過,85394,85393,-1,2-20,平快球,撲球,平快球,錯在上游
ASG_vs_AA_2020,看過,85551,85549,-2,2-20,小球,切球,切球,錯在 BST
ASG_vs_AA_2020,看過,85635,85634,-1,2-20,小球,切球,小球,錯在上游
ASG_vs_AA_2020,看過,86568,86567,-1,2-21,平快球,高遠球,高遠球,錯在 BST
ASG_vs_AA_2020,看過,87775,87779,4,2-22,切球,小球,小球,錯在 BST
ASG_vs_AA_2020,看過,87874,87873,-1,2-22,殺球,切球,切球,錯在 BST
ASG_vs_AA_2020,看過,87890,87889,-1,2-22,平快球,高遠球,高遠球,錯在 BST
ASG_vs_AA_2020,看過,91609,91608,-1,2-26,高遠球,切球,小球,錯在 BST
ASG_vs_AA_2020,看過,92440,92439,-1,2-27,平快球,切球,平快球,錯在上游
ASG_vs_AA_2020,看過,92538,92536,-2,2-27,平快球,高遠球,高遠球,錯在 BST
ASG_vs_AA_2020,看過,96081,96080,-1,2-31,殺球,切球,切球,錯在 BST
ASG_vs_AA_2020,看過,99433,99432,-1,2-34,勾球,平快球,平快球,錯在 BST
ASG_vs_AA_2020,看過,100835,100837,2,2-35,殺球,切球,切球,錯在 BST
ASG_vs_AA_2020,看過,106490,106488,-2,3-1,平快球,殺球,平快球,錯在上游
ASG_vs_AA_2020,看過,108133,108133,0,3-3,平快球,高遠球,平快球,錯在上游
ASG_vs_AA_2020,看過,108158,108153,-5,3-3,小球,切球,小球,錯在上游
ASG_vs_AA_2020,看過,108209,108208,-1,3-3,小球,高遠球,高遠球,錯在 BST
ASG_vs_AA_2020,看過,112273,112273,0,3-7,切球,高遠球,切球,錯在上游
ASG_vs_AA_2020,看過,112816,112814,-2,3-8,平快球,殺球,平快球,錯在上游
ASG_vs_AA_2020,看過,112840,112842,2,3-8,撲球,平快球,平快球,錯在 BST
ASG_vs_AA_2020,看過,112974,112972,-2,3-8,高遠球,平快球,高遠球,錯在上游
ASG_vs_AA_2020,看過,117670,117667,-3,3-15,發球,未知球種,未知球種,判成未知
ASG_vs_AA_2020,看過,120821,120821,0,3-16,殺球,切球,切球,錯在 BST
ASG_vs_AA_2020,看過,129305,129303,-2,3-27,平快球,殺球,殺球,錯在 BST
ASG_vs_AA_2020,看過,129336,129335,-1,3-27,平快球,高遠球,高遠球,錯在 BST
ASG_vs_AA_2020,看過,129896,129894,-2,3-28,小球,勾球,勾球,錯在 BST
ASY_vs_PC_2021,看過,10512,10507,-5,1-1,高遠球,平快球,平快球,錯在 BST
ASY_vs_PC_2021,看過,10629,10624,-5,1-1,勾球,小球,小球,錯在 BST
ASY_vs_PC_2021,看過,11797,11793,-4,1-3,平快球,高遠球,高遠球,錯在 BST
ASY_vs_PC_2021,看過,12169,12169,0,1-3,平快球,切球,切球,錯在 BST
ASY_vs_PC_2021,看過,12783,12780,-3,1-4,高遠球,殺球,高遠球,錯在上游
ASY_vs_PC_2021,看過,12838,12838,0,1-4,切球,高遠球,高遠球,錯在 BST
ASY_vs_PC_2021,看過,13623,13624,1,1-5,勾球,小球,小球,錯在 BST
ASY_vs_PC_2021,看過,14543,14539,-4,1-6,高遠球,平快球,平快球,錯在 BST
ASY_vs_PC_2021,看過,15494,15490,-4,1-7,勾球,小球,小球,錯在 BST
ASY_vs_PC_2021,看過,17858,17859,1,1-10,切球,高遠球,高遠球,錯在 BST
ASY_vs_PC_2021,看過,22380,22375,-5,1-15,小球,勾球,勾球,錯在 BST
ASY_vs_PC_2021,看過,23057,23053,-4,1-16,切球,小球,小球,錯在 BST
ASY_vs_PC_2021,看過,23082,23078,-4,1-16,高遠球,平快球,平快球,錯在 BST
ASY_vs_PC_2021,看過,30906,30906,0,1-22,高遠球,平快球,平快球,錯在 BST
ASY_vs_PC_2021,看過,32526,32523,-3,1-23,殺球,切球,切球,錯在 BST
ASY_vs_PC_2021,看過,32547,32544,-3,1-23,平快球,高遠球,高遠球,錯在 BST
ASY_vs_PC_2021,看過,32771,32770,-1,1-23,殺球,切球,切球,錯在 BST
ASY_vs_PC_2021,看過,32828,32828,0,1-23,平快球,殺球,平快球,錯在上游
ASY_vs_PC_2021,看過,32846,32843,-3,1-23,切球,小球,小球,錯在 BST
ASY_vs_PC_2021,看過,34145,34142,-3,1-24,殺球,切球,切球,錯在 BST
ASY_vs_PC_2021,看過,34857,34860,3,1-25,平快球,小球,平快球,錯在上游
ASY_vs_PC_2021,看過,34868,34868,0,1-25,小球,未知球種,小球,判成未知
ASY_vs_PC_2021,看過,34926,34923,-3,1-25,殺球,切球,切球,錯在 BST
ASY_vs_PC_2021,看過,34945,34942,-3,1-25,高遠球,平快球,平快球,錯在 BST
ASY_vs_PC_2021,看過,34977,34982,5,1-25,平快球,高遠球,平快球,錯在上游
ASY_vs_PC_2021,看過,35686,35686,0,1-26,高遠球,平快球,平快球,錯在 BST
ASY_vs_PC_2021,看過,39171,39169,-2,1-30,勾球,切球,切球,錯在 BST
ASY_vs_PC_2021,看過,41033,41029,-4,1-32,高遠球,平快球,平快球,錯在 BST
ASY_vs_PC_2021,看過,43652,43655,3,1-35,撲球,平快球,撲球,錯在上游
ASY_vs_PC_2021,看過,49754,49752,-2,2-2,平快球,高遠球,高遠球,錯在 BST
ASY_vs_PC_2021,看過,49801,49804,3,2-2,殺球,高遠球,高遠球,錯在 BST
ASY_vs_PC_2021,看過,49861,49860,-1,2-2,高遠球,平快球,平快球,錯在 BST
ASY_vs_PC_2021,看過,49912,49909,-3,2-2,高遠球,平快球,平快球,錯在 BST
ASY_vs_PC_2021,看過,50031,50029,-2,2-2,平快球,高遠球,高遠球,錯在 BST
ASY_vs_PC_2021,看過,50161,50158,-3,2-2,高遠球,平快球,平快球,錯在 BST
ASY_vs_PC_2021,看過,53089,53085,-4,2-6,平快球,高遠球,平快球,錯在上游
ASY_vs_PC_2021,看過,53132,53129,-3,2-6,切球,高遠球,切球,錯在上游
ASY_vs_PC_2021,看過,53187,53186,-1,2-6,高遠球,平快球,高遠球,錯在上游
ASY_vs_PC_2021,看過,53382,53380,-2,2-6,高遠球,平快球,平快球,錯在 BST
ASY_vs_PC_2021,看過,54742,54738,-4,2-8,高遠球,平快球,平快球,錯在 BST
ASY_vs_PC_2021,看過,55002,54999,-3,2-8,勾球,小球,勾球,錯在上游
ASY_vs_PC_2021,看過,55059,55056,-3,2-8,高遠球,平快球,高遠球,錯在上游
ASY_vs_PC_2021,看過,57159,57155,-4,2-10,切球,小球,小球,錯在 BST
ASY_vs_PC_2021,看過,57894,57897,3,2-11,平快球,高遠球,平快球,錯在上游
ASY_vs_PC_2021,看過,57952,57948,-4,2-11,平快球,切球,平快球,錯在上游
ASY_vs_PC_2021,看過,58067,58067,0,2-11,平快球,高遠球,高遠球,錯在 BST
ASY_vs_PC_2021,看過,58770,58771,1,2-12,平快球,高遠球,高遠球,錯在 BST
ASY_vs_PC_2021,看過,58842,58837,-5,2-12,高遠球,平快球,平快球,錯在 BST
ASY_vs_PC_2021,看過,58871,58868,-3,2-12,平快球,高遠球,平快球,錯在上游
ASY_vs_PC_2021,看過,61300,61296,-4,2-15,切球,高遠球,切球,錯在上游
ASY_vs_PC_2021,看過,61629,61628,-1,2-15,殺球,切球,切球,錯在 BST
ASY_vs_PC_2021,看過,61830,61827,-3,2-15,切球,殺球,切球,錯在上游
ASY_vs_PC_2021,看過,65241,65240,-1,2-17,平快球,高遠球,高遠球,錯在 BST
ASY_vs_PC_2021,看過,65267,65272,5,2-17,殺球,高遠球,高遠球,錯在 BST
ASY_vs_PC_2021,看過,66146,66145,-1,2-18,高遠球,平快球,平快球,錯在 BST
ASY_vs_PC_2021,看過,67590,67586,-4,2-20,殺球,切球,殺球,錯在上游
ASY_vs_PC_2021,看過,68954,68951,-3,2-21,高遠球,平快球,平快球,錯在 BST
ASY_vs_PC_2021,看過,69186,69185,-1,2-21,殺球,切球,切球,錯在 BST
ASY_vs_PC_2021,看過,70182,70177,-5,2-22,勾球,切球,勾球,錯在上游
ASY_vs_PC_2021,看過,71501,71499,-2,2-23,高遠球,平快球,平快球,錯在 BST
ASY_vs_PC_2021,看過,71546,71544,-2,2-23,平快球,小球,小球,錯在 BST
ASY_vs_PC_2021,看過,73692,73691,-1,2-25,小球,切球,切球,錯在 BST
ASY_vs_PC_2021,看過,73849,73847,-2,2-25,撲球,切球,撲球,錯在上游
ASY_vs_PC_2021,看過,74931,74927,-4,2-26,勾球,小球,小球,錯在 BST
ASY_vs_PC_2021,看過,76508,76509,1,2-27,殺球,切球,切球,錯在 BST
ASY_vs_PC_2021,看過,78332,78331,-1,2-29,平快球,高遠球,高遠球,錯在 BST
ASY_vs_PC_2021,看過,78470,78467,-3,2-29,切球,小球,小球,錯在 BST
ASY_vs_PC_2021,看過,80839,80834,-5,2-31,殺球,切球,切球,錯在 BST
ASY_vs_PC_2021,看過,83170,83168,-2,2-33,平快球,高遠球,高遠球,錯在 BST
ASY_vs_PC_2021,看過,83498,83497,-1,2-33,殺球,切球,切球,錯在 BST
ASY_vs_PC_2021,看過,83984,83983,-1,2-33,勾球,小球,勾球,錯在上游
ASY_vs_PC_2021,看過,85360,85360,0,2-34,勾球,小球,小球,錯在 BST
ASY_vs_PC_2021,看過,87913,87909,-4,2-37,高遠球,平快球,平快球,錯在 BST
ASY_vs_PC_2021,看過,88848,88848,0,2-38,殺球,高遠球,高遠球,錯在 BST
ASY_vs_PC_2021,看過,89945,89941,-4,2-39,撲球,平快球,撲球,錯在上游
ASY_vs_PC_2021,看過,89974,89978,4,2-39,平快球,切球,切球,錯在 BST
ASY_vs_PC_2021,看過,89996,89991,-5,2-39,平快球,小球,小球,錯在 BST
CTC_vs_CL_2019,看過,11729,11728,-1,1-1,勾球,小球,勾球,錯在上游
CTC_vs_CL_2019,看過,11984,11983,-1,1-1,平快球,高遠球,高遠球,錯在 BST
CTC_vs_CL_2019,看過,12795,12794,-1,1-2,高遠球,平快球,平快球,錯在 BST
CTC_vs_CL_2019,看過,13574,13573,-1,1-3,殺球,切球,切球,錯在 BST
CTC_vs_CL_2019,看過,15042,15041,-1,1-5,殺球,切球,切球,錯在 BST
CTC_vs_CL_2019,看過,15245,15244,-1,1-5,勾球,小球,勾球,錯在上游
CTC_vs_CL_2019,看過,16034,16033,-1,1-6,勾球,小球,小球,錯在 BST
CTC_vs_CL_2019,看過,16634,16633,-1,1-7,平快球,高遠球,高遠球,錯在 BST
CTC_vs_CL_2019,看過,16689,16688,-1,1-7,平快球,高遠球,高遠球,錯在 BST
CTC_vs_CL_2019,看過,17286,17285,-1,1-8,平快球,高遠球,高遠球,錯在 BST
CTC_vs_CL_2019,看過,17496,17494,-2,1-8,平快球,高遠球,高遠球,錯在 BST
CTC_vs_CL_2019,看過,20667,20665,-2,1-12,平快球,高遠球,高遠球,錯在 BST
CTC_vs_CL_2019,看過,20700,20699,-1,1-12,殺球,切球,切球,錯在 BST
CTC_vs_CL_2019,看過,20714,20713,-1,1-12,勾球,小球,小球,錯在 BST
CTC_vs_CL_2019,看過,20739,20738,-1,1-12,平快球,高遠球,高遠球,錯在 BST
CTC_vs_CL_2019,看過,21902,21901,-1,1-13,平快球,高遠球,高遠球,錯在 BST
CTC_vs_CL_2019,看過,21983,21981,-2,1-13,平快球,殺球,平快球,錯在上游
CTC_vs_CL_2019,看過,22013,22012,-1,1-13,小球,切球,小球,錯在上游
CTC_vs_CL_2019,看過,25006,25004,-2,1-16,高遠球,平快球,平快球,錯在 BST
CTC_vs_CL_2019,看過,25255,25253,-2,1-16,撲球,平快球,平快球,錯在 BST
CTC_vs_CL_2019,看過,25929,25927,-2,1-17,殺球,平快球,平快球,錯在 BST
CTC_vs_CL_2019,看過,27053,27052,-1,1-18,平快球,殺球,平快球,錯在上游
CTC_vs_CL_2019,看過,27075,27074,-1,1-18,平快球,殺球,平快球,錯在上游
CTC_vs_CL_2019,看過,27630,27628,-2,1-18,平快球,高遠球,高遠球,錯在 BST
CTC_vs_CL_2019,看過,31405,31400,-5,1-20,發球,未知球種,未知球種,判成未知
CTC_vs_CL_2019,看過,31441,31440,-1,1-20,勾球,小球,小球,錯在 BST
CTC_vs_CL_2019,看過,31484,31483,-1,1-20,平快球,高遠球,高遠球,錯在 BST
CTC_vs_CL_2019,看過,31526,31528,2,1-20,小球,平快球,平快球,錯在 BST
CTC_vs_CL_2019,看過,31619,31618,-1,1-20,小球,殺球,小球,錯在上游
CTC_vs_CL_2019,看過,32304,32303,-1,1-21,小球,平快球,平快球,錯在 BST
CTC_vs_CL_2019,看過,33567,33565,-2,1-23,勾球,切球,小球,錯在 BST
CTC_vs_CL_2019,看過,35115,35113,-2,1-26,平快球,切球,平快球,錯在上游
CTC_vs_CL_2019,看過,36012,36010,-2,1-27,小球,切球,切球,錯在 BST
CTC_vs_CL_2019,看過,36290,36288,-2,1-27,平快球,高遠球,高遠球,錯在 BST
CTC_vs_CL_2019,看過,37291,37289,-2,1-28,平快球,高遠球,高遠球,錯在 BST
CTC_vs_CL_2019,看過,38178,38176,-2,1-29,平快球,高遠球,高遠球,錯在 BST
CTC_vs_CL_2019,看過,38208,38207,-1,1-29,切球,殺球,殺球,錯在 BST
CTC_vs_CL_2019,看過,39013,39011,-2,1-30,平快球,高遠球,高遠球,錯在 BST
CTC_vs_CL_2019,看過,40628,40626,-2,1-32,殺球,切球,切球,錯在 BST
CTC_vs_CL_2019,看過,41269,41267,-2,1-33,平快球,高遠球,高遠球,錯在 BST
CTC_vs_CL_2019,看過,41819,41817,-2,1-33,平快球,高遠球,高遠球,錯在 BST
CTC_vs_CL_2019,看過,42518,42517,-1,1-34,發球,未知球種,未知球種,判成未知
CTC_vs_CL_2019,看過,42578,42576,-2,1-34,撲球,平快球,撲球,錯在上游
CTC_vs_CL_2019,看過,43992,43991,-1,1-35,平快球,切球,平快球,錯在上游
CTC_vs_CL_2019,看過,44570,44575,5,1-36,殺球,切球,切球,錯在 BST
CTC_vs_CL_2019,看過,48563,48562,-1,2-1,平快球,高遠球,高遠球,錯在 BST
CTC_vs_CL_2019,看過,49846,49845,-1,2-2,平快球,切球,切球,錯在 BST
CTC_vs_CL_2019,看過,50214,50213,-1,2-2,殺球,切球,切球,錯在 BST
CTC_vs_CL_2019,看過,50373,50372,-1,2-2,小球,殺球,小球,錯在上游
CTC_vs_CL_2019,看過,50465,50463,-2,2-2,高遠球,殺球,高遠球,錯在上游
CTC_vs_CL_2019,看過,50504,50503,-1,2-2,小球,殺球,小球,錯在上游
CTC_vs_CL_2019,看過,51703,51702,-1,2-4,勾球,小球,小球,錯在 BST
CTC_vs_CL_2019,看過,51829,51827,-2,2-4,平快球,高遠球,高遠球,錯在 BST
CTC_vs_CL_2019,看過,52248,52246,-2,2-4,平快球,高遠球,高遠球,錯在 BST
CTC_vs_CL_2019,看過,52341,52339,-2,2-4,勾球,平快球,勾球,錯在上游
CTC_vs_CL_2019,看過,53121,53120,-1,2-5,平快球,切球,切球,錯在 BST
CTC_vs_CL_2019,看過,54086,54085,-1,2-7,勾球,小球,小球,錯在 BST
CTC_vs_CL_2019,看過,54531,54534,3,2-8,小球,平快球,平快球,錯在 BST
CTC_vs_CL_2019,看過,55129,55128,-1,2-9,平快球,高遠球,高遠球,錯在 BST
CTC_vs_CL_2019,看過,57484,57483,-1,2-10,撲球,平快球,平快球,錯在 BST
CTC_vs_CL_2019,看過,58240,58239,-1,2-11,勾球,小球,小球,錯在 BST
CTC_vs_CL_2019,看過,58684,58683,-1,2-12,高遠球,平快球,平快球,錯在 BST
CTC_vs_CL_2019,看過,61909,61908,-1,2-15,勾球,小球,小球,錯在 BST
CTC_vs_CL_2019,看過,61993,61992,-1,2-15,殺球,切球,切球,錯在 BST
CTC_vs_CL_2019,看過,62034,62032,-2,2-15,平快球,高遠球,高遠球,錯在 BST
CTC_vs_CL_2019,看過,65114,65114,0,2-19,平快球,切球,切球,錯在 BST
CTC_vs_CL_2019,看過,65605,65605,0,2-20,勾球,小球,小球,錯在 BST
CTC_vs_CL_2019,看過,69481,69480,-1,2-23,勾球,小球,小球,錯在 BST
CTC_vs_CL_2019,看過,70525,70523,-2,2-24,勾球,小球,小球,錯在 BST
CTC_vs_CL_2019,看過,72079,72077,-2,2-26,平快球,高遠球,高遠球,錯在 BST
CTC_vs_CL_2019,看過,72153,72152,-1,2-26,平快球,高遠球,高遠球,錯在 BST
CTC_vs_CL_2019,看過,74766,74765,-1,2-29,高遠球,平快球,平快球,錯在 BST
CTC_vs_CL_2019,看過,75699,75698,-1,2-30,勾球,小球,小球,錯在 BST
CTC_vs_CL_2019,看過,76398,76397,-1,2-31,平快球,高遠球,平快球,錯在上游
CTC_vs_CL_2019,看過,76738,76736,-2,2-31,撲球,平快球,平快球,錯在 BST
CTC_vs_CL_2019,看過,80745,80743,-2,2-35,切球,殺球,殺球,錯在 BST
CTC_vs_CL_2019,看過,80876,80874,-2,2-35,撲球,平快球,平快球,錯在 BST
CTC_vs_CL_2019,看過,80884,80883,-1,2-35,小球,平快球,平快球,錯在 BST
CTC_vs_CL_2019,看過,83385,83383,-2,2-37,撲球,平快球,平快球,錯在 BST
CTC_vs_CL_2019,看過,83681,83680,-1,2-37,高遠球,平快球,平快球,錯在 BST
CTC_vs_CL_2019,看過,83710,83708,-2,2-37,殺球,高遠球,殺球,錯在上游
CTC_vs_CL_2019,看過,85877,85876,-1,2-38,平快球,高遠球,高遠球,錯在 BST
CTC_vs_CL_2019,看過,88500,88499,-1,2-40,勾球,小球,小球,錯在 BST
CTC_vs_CL_2019,看過,88725,88724,-1,2-40,平快球,小球,小球,錯在 BST
MK_vs_CT_2019,看過,11952,11950,-2,1-2,撲球,平快球,撲球,錯在上游
MK_vs_CT_2019,看過,12362,12358,-4,1-3,殺球,切球,切球,錯在 BST
MK_vs_CT_2019,看過,12429,12427,-2,1-3,殺球,切球,切球,錯在 BST
MK_vs_CT_2019,看過,12560,12556,-4,1-3,殺球,切球,切球,錯在 BST
MK_vs_CT_2019,看過,12602,12597,-5,1-3,高遠球,平快球,平快球,錯在 BST
MK_vs_CT_2019,看過,12670,12665,-5,1-3,平快球,高遠球,高遠球,錯在 BST
MK_vs_CT_2019,看過,13523,13522,-1,1-4,小球,平快球,小球,錯在上游
MK_vs_CT_2019,看過,15015,15013,-2,1-6,殺球,切球,切球,錯在 BST
MK_vs_CT_2019,看過,15433,15430,-3,1-7,切球,勾球,勾球,錯在 BST
MK_vs_CT_2019,看過,16394,16391,-3,1-9,高遠球,平快球,平快球,錯在 BST
MK_vs_CT_2019,看過,16588,16584,-4,1-9,高遠球,平快球,平快球,錯在 BST
MK_vs_CT_2019,看過,17518,17516,-2,1-10,平快球,高遠球,平快球,錯在上游
MK_vs_CT_2019,看過,18468,18468,0,1-11,殺球,切球,切球,錯在 BST
MK_vs_CT_2019,看過,19589,19587,-2,1-12,高遠球,平快球,高遠球,錯在上游
MK_vs_CT_2019,看過,19692,19690,-2,1-12,高遠球,平快球,平快球,錯在 BST
MK_vs_CT_2019,看過,20042,20039,-3,1-12,平快球,高遠球,高遠球,錯在 BST
MK_vs_CT_2019,看過,20212,20212,0,1-12,平快球,高遠球,高遠球,錯在 BST
MK_vs_CT_2019,看過,20373,20372,-1,1-12,平快球,高遠球,高遠球,錯在 BST
MK_vs_CT_2019,看過,21108,21106,-2,1-13,平快球,高遠球,高遠球,錯在 BST
MK_vs_CT_2019,看過,21316,21314,-2,1-13,平快球,高遠球,高遠球,錯在 BST
MK_vs_CT_2019,看過,21454,21453,-1,1-13,高遠球,平快球,平快球,錯在 BST
MK_vs_CT_2019,看過,21724,21724,0,1-13,勾球,小球,小球,錯在 BST
MK_vs_CT_2019,看過,21951,21950,-1,1-13,平快球,高遠球,高遠球,錯在 BST
MK_vs_CT_2019,看過,23071,23071,0,1-14,勾球,小球,小球,錯在 BST
MK_vs_CT_2019,看過,23178,23177,-1,1-14,勾球,小球,小球,錯在 BST
MK_vs_CT_2019,看過,25382,25381,-1,1-16,殺球,切球,切球,錯在 BST
MK_vs_CT_2019,看過,25467,25466,-1,1-16,小球,殺球,小球,錯在上游
MK_vs_CT_2019,看過,25599,25602,3,1-16,小球,撲球,小球,錯在上游
MK_vs_CT_2019,看過,28355,28353,-2,1-18,殺球,切球,切球,錯在 BST
MK_vs_CT_2019,看過,31396,31391,-5,1-20,發球,高遠球,高遠球,錯在 BST
MK_vs_CT_2019,看過,31759,31757,-2,1-21,平快球,高遠球,高遠球,錯在 BST
MK_vs_CT_2019,看過,31789,31786,-3,1-21,殺球,切球,切球,錯在 BST
MK_vs_CT_2019,看過,32416,32415,-1,1-22,平快球,小球,平快球,錯在上游
MK_vs_CT_2019,看過,33804,33799,-5,1-24,高遠球,平快球,平快球,錯在 BST
MK_vs_CT_2019,看過,33970,33968,-2,1-24,高遠球,平快球,高遠球,錯在上游
MK_vs_CT_2019,看過,34924,34924,0,1-25,切球,殺球,切球,錯在上游
MK_vs_CT_2019,看過,35204,35202,-2,1-25,切球,殺球,殺球,錯在 BST
MK_vs_CT_2019,看過,35882,35879,-3,1-26,平快球,高遠球,高遠球,錯在 BST
MK_vs_CT_2019,看過,36677,36676,-1,1-27,平快球,高遠球,高遠球,錯在 BST
MK_vs_CT_2019,看過,37429,37427,-2,1-27,高遠球,平快球,平快球,錯在 BST
MK_vs_CT_2019,看過,37585,37581,-4,1-27,平快球,高遠球,高遠球,錯在 BST
MK_vs_CT_2019,看過,38406,38404,-2,1-28,勾球,小球,小球,錯在 BST
MK_vs_CT_2019,看過,39915,39912,-3,1-29,平快球,高遠球,高遠球,錯在 BST
MK_vs_CT_2019,看過,39986,39983,-3,1-29,殺球,切球,切球,錯在 BST
MK_vs_CT_2019,看過,40023,40020,-3,1-29,平快球,高遠球,平快球,錯在上游
MK_vs_CT_2019,看過,40054,40057,3,1-29,平快球,切球,切球,錯在 BST
MK_vs_CT_2019,看過,40638,40636,-2,1-30,平快球,高遠球,平快球,錯在上游
MK_vs_CT_2019,看過,42423,42421,-2,1-32,勾球,殺球,小球,錯在 BST
MK_vs_CT_2019,看過,42797,42793,-4,1-33,發球,未知球種,未知球種,判成未知
MK_vs_CT_2019,看過,44458,44454,-4,1-36,平快球,高遠球,高遠球,錯在 BST
MK_vs_CT_2019,看過,44507,44505,-2,1-36,平快球,高遠球,高遠球,錯在 BST
MK_vs_CT_2019,看過,44662,44660,-2,1-36,平快球,高遠球,高遠球,錯在 BST
MK_vs_CT_2019,看過,50883,50881,-2,2-6,平快球,撲球,平快球,錯在上游
MK_vs_CT_2019,看過,51381,51378,-3,2-7,殺球,切球,切球,錯在 BST
MK_vs_CT_2019,看過,52875,52873,-2,2-9,平快球,高遠球,高遠球,錯在 BST
MK_vs_CT_2019,看過,53172,53170,-2,2-9,平快球,高遠球,高遠球,錯在 BST
MK_vs_CT_2019,看過,53599,53596,-3,2-9,小球,切球,切球,錯在 BST
MK_vs_CT_2019,看過,53618,53615,-3,2-9,高遠球,平快球,平快球,錯在 BST
MK_vs_CT_2019,看過,55361,55358,-3,2-10,小球,撲球,小球,錯在上游
MK_vs_CT_2019,看過,55384,55387,3,2-10,撲球,平快球,撲球,錯在上游
MK_vs_CT_2019,看過,56159,56154,-5,2-11,殺球,切球,切球,錯在 BST
MK_vs_CT_2019,看過,56201,56201,0,2-11,高遠球,平快球,平快球,錯在 BST
MK_vs_CT_2019,看過,56249,56248,-1,2-11,切球,勾球,勾球,錯在 BST
MK_vs_CT_2019,看過,56299,56297,-2,2-11,高遠球,平快球,高遠球,錯在上游
MK_vs_CT_2019,看過,56333,56336,3,2-11,切球,平快球,切球,錯在上游
MK_vs_CT_2019,看過,57107,57105,-2,2-12,切球,小球,小球,錯在 BST
MK_vs_CT_2019,看過,58960,58961,1,2-14,切球,小球,切球,錯在上游
MK_vs_CT_2019,看過,59410,59410,0,2-15,切球,小球,切球,錯在上游
MK_vs_CT_2019,看過,60652,60654,2,2-17,發球,小球,未知球種,錯在 BST
MK_vs_CT_2019,看過,60803,60802,-1,2-17,殺球,高遠球,殺球,錯在上游
MK_vs_CT_2019,看過,62790,62788,-2,2-18,高遠球,平快球,平快球,錯在 BST
MK_vs_CT_2019,看過,62828,62827,-1,2-18,勾球,殺球,小球,錯在 BST
MK_vs_CT_2019,看過,63027,63024,-3,2-18,高遠球,平快球,平快球,錯在 BST
MK_vs_CT_2019,看過,63895,63893,-2,2-19,高遠球,平快球,平快球,錯在 BST
MK_vs_CT_2019,看過,64745,64743,-2,2-20,切球,小球,切球,錯在上游
MK_vs_CT_2019,看過,66083,66080,-3,2-22,勾球,小球,勾球,錯在上游
MK_vs_CT_2019,看過,66199,66196,-3,2-22,平快球,高遠球,高遠球,錯在 BST
MK_vs_CT_2019,看過,66837,66834,-3,2-23,小球,勾球,勾球,錯在 BST
MK_vs_CT_2019,看過,67682,67680,-2,2-24,平快球,切球,切球,錯在 BST
MK_vs_CT_2019,看過,67747,67743,-4,2-24,平快球,切球,切球,錯在 BST
MK_vs_CT_2019,看過,67803,67800,-3,2-24,高遠球,平快球,平快球,錯在 BST
MK_vs_CT_2019,看過,68000,67999,-1,2-24,切球,小球,切球,錯在上游
MK_vs_CT_2019,看過,68045,68041,-4,2-24,平快球,高遠球,高遠球,錯在 BST
MK_vs_CT_2019,看過,68189,68186,-3,2-24,平快球,高遠球,高遠球,錯在 BST
MK_vs_CT_2019,看過,68223,68223,0,2-24,切球,平快球,切球,錯在上游
MK_vs_CT_2019,看過,68391,68391,0,2-24,平快球,高遠球,高遠球,錯在 BST
MK_vs_CT_2019,看過,68536,68534,-2,2-24,高遠球,平快球,平快球,錯在 BST
MK_vs_CT_2019,看過,70377,70377,0,2-25,勾球,小球,小球,錯在 BST
MK_vs_CT_2019,看過,70435,70439,4,2-25,切球,小球,切球,錯在上游
MK_vs_CT_2019,看過,70478,70475,-3,2-25,平快球,高遠球,平快球,錯在上游
MK_vs_CT_2019,看過,70511,70511,0,2-25,平快球,小球,小球,錯在 BST
MK_vs_CT_2019,看過,70773,70770,-3,2-25,高遠球,平快球,高遠球,錯在上游
MK_vs_CT_2019,看過,70901,70900,-1,2-25,平快球,小球,平快球,錯在上游
MK_vs_CT_2019,看過,71575,71574,-1,2-26,切球,小球,切球,錯在上游
MK_vs_CT_2019,看過,73036,73034,-2,2-28,平快球,高遠球,高遠球,錯在 BST
MK_vs_CT_2019,看過,73165,73162,-3,2-28,平快球,高遠球,平快球,錯在上游
MK_vs_CT_2019,看過,76938,76933,-5,2-31,高遠球,平快球,高遠球,錯在上游
MK_vs_CT_2019,看過,77057,77057,0,2-31,切球,小球,切球,錯在上游
MK_vs_CT_2019,看過,80140,80137,-3,2-34,平快球,高遠球,平快球,錯在上游
MK_vs_CT_2019,看過,80187,80183,-4,2-34,平快球,高遠球,高遠球,錯在 BST
MK_vs_CT_2019,看過,80458,80456,-2,2-34,高遠球,平快球,高遠球,錯在上游
MK_vs_CT_2019,看過,82474,82470,-4,2-35,高遠球,平快球,平快球,錯在 BST
MK_vs_CT_2019,看過,84230,84230,0,2-36,高遠球,平快球,平快球,錯在 BST
MK_vs_CT_2019,看過,84256,84253,-3,2-36,殺球,切球,切球,錯在 BST
MK_vs_CT_2019,看過,84317,84313,-4,2-36,高遠球,平快球,高遠球,錯在上游
MK_vs_CT_2019,看過,86083,86078,-5,2-37,平快球,撲球,平快球,錯在上游
MK_vs_CT_2019,看過,86093,86089,-4,2-37,平快球,高遠球,殺球,錯在 BST
MK_vs_CT_2019,看過,86115,86119,4,2-37,殺球,小球,殺球,錯在上游
MK_vs_CT_2019,看過,87435,87431,-4,2-38,小球,平快球,平快球,錯在 BST
MK_vs_CT_2019,看過,91270,91270,0,3-1,撲球,平快球,平快球,錯在 BST
MK_vs_CT_2019,看過,91778,91776,-2,3-2,平快球,高遠球,高遠球,錯在 BST
MK_vs_CT_2019,看過,91813,91810,-3,3-2,切球,高遠球,切球,錯在上游
MK_vs_CT_2019,看過,92769,92767,-2,3-3,勾球,小球,小球,錯在 BST
MK_vs_CT_2019,看過,94979,94978,-1,3-5,平快球,切球,切球,錯在 BST
MK_vs_CT_2019,看過,96070,96067,-3,3-6,平快球,小球,小球,錯在 BST
MK_vs_CT_2019,看過,98093,98091,-2,3-8,殺球,小球,殺球,錯在上游
MK_vs_CT_2019,看過,98184,98180,-4,3-8,高遠球,平快球,平快球,錯在 BST
MK_vs_CT_2019,看過,98340,98336,-4,3-8,平快球,高遠球,平快球,錯在上游
MK_vs_CT_2019,看過,99927,99922,-5,3-9,發球,未知球種,小球,判成未知
MK_vs_CT_2019,看過,100017,100014,-3,3-9,殺球,切球,切球,錯在 BST
MK_vs_CT_2019,看過,100050,100049,-1,3-9,高遠球,平快球,平快球,錯在 BST
MK_vs_CT_2019,看過,100209,100208,-1,3-9,勾球,小球,小球,錯在 BST
MK_vs_CT_2019,看過,101650,101648,-2,3-10,高遠球,平快球,高遠球,錯在上游
MK_vs_CT_2019,看過,101947,101947,0,3-10,小球,高遠球,高遠球,錯在 BST
MK_vs_CT_2019,看過,103248,103245,-3,3-11,高遠球,平快球,平快球,錯在 BST
MK_vs_CT_2019,看過,104050,104048,-2,3-12,勾球,小球,小球,錯在 BST
MK_vs_CT_2019,看過,104518,104516,-2,3-13,發球,未知球種,高遠球,判成未知
MK_vs_CT_2019,看過,106936,106933,-3,3-16,殺球,切球,切球,錯在 BST
MK_vs_CT_2019,看過,107587,107583,-4,3-17,發球,未知球種,殺球,判成未知
MK_vs_CT_2019,看過,107654,107659,5,3-17,平快球,小球,平快球,錯在上游
MK_vs_CT_2019,看過,107852,107849,-3,3-17,高遠球,小球,高遠球,錯在上游
MK_vs_CT_2019,看過,109263,109260,-3,3-19,勾球,小球,小球,錯在 BST
MK_vs_CT_2019,看過,109366,109363,-3,3-19,平快球,殺球,殺球,錯在 BST
MK_vs_CT_2019,看過,109378,109375,-3,3-19,小球,平快球,平快球,錯在 BST
MK_vs_CT_2019,看過,109644,109642,-2,3-19,小球,高遠球,高遠球,錯在 BST
MK_vs_CT_2019,看過,110483,110481,-2,3-20,發球,未知球種,高遠球,判成未知
MK_vs_CT_2019,看過,110606,110605,-1,3-20,平快球,殺球,殺球,錯在 BST
MK_vs_CT_2019,看過,113108,113104,-4,3-21,高遠球,平快球,平快球,錯在 BST
MK_vs_CT_2019,看過,113136,113135,-1,3-21,切球,平快球,切球,錯在上游
MK_vs_CT_2019,看過,113239,113238,-1,3-21,殺球,小球,殺球,錯在上游
MK_vs_CT_2019,看過,115183,115178,-5,3-23,平快球,高遠球,高遠球,錯在 BST
MK_vs_CT_2019,看過,117127,117126,-1,3-25,高遠球,平快球,平快球,錯在 BST
MK_vs_CT_2019,看過,119170,119168,-2,3-26,切球,小球,切球,錯在上游
MK_vs_CT_2019,看過,121646,121643,-3,3-27,殺球,小球,切球,錯在 BST
MK_vs_CT_2019,看過,121742,121739,-3,3-27,平快球,高遠球,平快球,錯在上游
MK_vs_CT_2019,看過,123085,123082,-3,3-29,高遠球,平快球,平快球,錯在 BST
MK_vs_CT_2019,看過,125145,125143,-2,3-30,高遠球,平快球,平快球,錯在 BST
MK_vs_CT_2019,看過,126665,126660,-5,3-31,小球,勾球,小球,錯在上游
MK_vs_CT_2019,看過,126806,126801,-5,3-31,撲球,平快球,平快球,錯在 BST
MK_vs_CT_2019,看過,126816,126813,-3,3-31,高遠球,平快球,平快球,錯在 BST
MK_vs_CT_2019,看過,128066,128064,-2,3-32,殺球,切球,切球,錯在 BST
MK_vs_CT_2019,看過,128866,128870,4,3-33,小球,未知球種,小球,判成未知
MK_vs_CT_2019,看過,129672,129676,4,3-34,撲球,平快球,勾球,錯在 BST
MK_vs_CT_2019,看過,131385,131380,-5,3-35,平快球,高遠球,高遠球,錯在 BST
MK_vs_CT_2019,看過,131737,131734,-3,3-35,平快球,撲球,平快球,錯在上游
MK_vs_CT_2019,看過,134262,134259,-3,3-38,平快球,殺球,殺球,錯在 BST
MK_vs_CT_2019,看過,134338,134340,2,3-38,殺球,切球,殺球,錯在上游
MK_vs_CT_2019,看過,135416,135415,-1,3-39,平快球,殺球,切球,錯在 BST
MK_vs_CT_2019,看過,135450,135448,-2,3-39,平快球,小球,平快球,錯在上游
MK_vs_CT_2019,看過,135511,135514,3,3-39,平快球,小球,平快球,錯在上游
PC_vs_PVS_2020,沒看過,14612,14611,-1,1-1,高遠球,平快球,平快球,錯在 BST
PC_vs_PVS_2020,沒看過,14666,14663,-3,1-1,殺球,切球,切球,錯在 BST
PC_vs_PVS_2020,沒看過,14705,14704,-1,1-1,平快球,高遠球,高遠球,錯在 BST
PC_vs_PVS_2020,沒看過,15668,15669,1,1-3,切球,殺球,殺球,錯在 BST
PC_vs_PVS_2020,沒看過,15685,15684,-1,1-3,小球,勾球,勾球,錯在 BST
PC_vs_PVS_2020,沒看過,16265,16263,-2,1-4,高遠球,平快球,平快球,錯在 BST
PC_vs_PVS_2020,沒看過,16303,16302,-1,1-4,切球,小球,切球,錯在上游
PC_vs_PVS_2020,沒看過,16328,16327,-1,1-4,高遠球,平快球,平快球,錯在 BST
PC_vs_PVS_2020,沒看過,17863,17866,3,1-5,小球,勾球,小球,錯在上游
PC_vs_PVS_2020,沒看過,18538,18537,-1,1-6,殺球,平快球,平快球,錯在 BST
PC_vs_PVS_2020,沒看過,20067,20065,-2,1-7,切球,高遠球,高遠球,錯在 BST
PC_vs_PVS_2020,沒看過,22867,22866,-1,1-11,高遠球,平快球,高遠球,錯在上游
PC_vs_PVS_2020,沒看過,23921,23920,-1,1-12,高遠球,小球,小球,錯在 BST
PC_vs_PVS_2020,沒看過,30282,30282,0,1-20,殺球,切球,切球,錯在 BST
PC_vs_PVS_2020,沒看過,30300,30297,-3,1-20,小球,勾球,勾球,錯在 BST
PC_vs_PVS_2020,沒看過,33388,33386,-2,1-22,殺球,切球,殺球,錯在上游
PC_vs_PVS_2020,沒看過,33475,33473,-2,1-22,高遠球,平快球,平快球,錯在 BST
PC_vs_PVS_2020,沒看過,35437,35435,-2,1-24,撲球,平快球,平快球,錯在 BST
PC_vs_PVS_2020,沒看過,38455,38453,-2,1-27,高遠球,平快球,平快球,錯在 BST
PC_vs_PVS_2020,沒看過,38599,38597,-2,1-27,高遠球,平快球,平快球,錯在 BST
PC_vs_PVS_2020,沒看過,40831,40835,4,1-29,發球,未知球種,發球,判成未知
PC_vs_PVS_2020,沒看過,40928,40929,1,1-29,勾球,小球,勾球,錯在上游
PC_vs_PVS_2020,沒看過,41100,41103,3,1-29,高遠球,發球,高遠球,錯在上游
PC_vs_PVS_2020,沒看過,41997,41995,-2,1-30,平快球,高遠球,高遠球,錯在 BST
PC_vs_PVS_2020,沒看過,43518,43517,-1,1-32,殺球,切球,切球,錯在 BST
PC_vs_PVS_2020,沒看過,46006,46003,-3,1-35,平快球,高遠球,高遠球,錯在 BST
PC_vs_PVS_2020,沒看過,46813,46811,-2,1-36,小球,勾球,勾球,錯在 BST
PC_vs_PVS_2020,沒看過,47065,47064,-1,1-36,平快球,高遠球,高遠球,錯在 BST
PC_vs_PVS_2020,沒看過,48456,48454,-2,1-37,高遠球,平快球,平快球,錯在 BST
PC_vs_PVS_2020,沒看過,50064,50062,-2,1-38,勾球,小球,小球,錯在 BST
PC_vs_PVS_2020,沒看過,51737,51735,-2,1-39,高遠球,平快球,高遠球,錯在上游
PC_vs_PVS_2020,沒看過,52103,52102,-1,1-39,高遠球,平快球,高遠球,錯在上游
PC_vs_PVS_2020,沒看過,56564,56564,0,2-1,平快球,高遠球,高遠球,錯在 BST
PC_vs_PVS_2020,沒看過,56633,56632,-1,2-1,勾球,小球,小球,錯在 BST
PC_vs_PVS_2020,沒看過,57578,57575,-3,2-2,平快球,高遠球,高遠球,錯在 BST
PC_vs_PVS_2020,沒看過,60272,60270,-2,2-5,切球,高遠球,切球,錯在上游
PC_vs_PVS_2020,沒看過,61445,61444,-1,2-7,發球,高遠球,發球,錯在上游
PC_vs_PVS_2020,沒看過,62545,62543,-2,2-8,平快球,高遠球,高遠球,錯在 BST
PC_vs_PVS_2020,沒看過,65876,65873,-3,2-13,平快球,高遠球,高遠球,錯在 BST
PC_vs_PVS_2020,沒看過,66144,66143,-1,2-13,切球,殺球,殺球,錯在 BST
PC_vs_PVS_2020,沒看過,66943,66943,0,2-14,勾球,切球,小球,錯在 BST
PC_vs_PVS_2020,沒看過,68022,68021,-1,2-15,平快球,高遠球,平快球,錯在上游
PC_vs_PVS_2020,沒看過,70204,70203,-1,2-16,平快球,高遠球,高遠球,錯在 BST
PC_vs_PVS_2020,沒看過,71537,71535,-2,2-17,高遠球,平快球,高遠球,錯在上游
PC_vs_PVS_2020,沒看過,71687,71686,-1,2-17,小球,勾球,勾球,錯在 BST
PC_vs_PVS_2020,沒看過,72997,72994,-3,2-18,平快球,高遠球,高遠球,錯在 BST
PC_vs_PVS_2020,沒看過,73019,73017,-2,2-18,切球,殺球,殺球,錯在 BST
PC_vs_PVS_2020,沒看過,73039,73038,-1,2-18,勾球,小球,小球,錯在 BST
PC_vs_PVS_2020,沒看過,74709,74707,-2,2-20,平快球,高遠球,高遠球,錯在 BST
PC_vs_PVS_2020,沒看過,74742,74741,-1,2-20,平快球,殺球,平快球,錯在上游
PC_vs_PVS_2020,沒看過,74862,74860,-2,2-20,殺球,切球,切球,錯在 BST
PC_vs_PVS_2020,沒看過,76349,76347,-2,2-21,勾球,小球,小球,錯在 BST
PC_vs_PVS_2020,沒看過,76512,76510,-2,2-21,殺球,切球,切球,錯在 BST
PC_vs_PVS_2020,沒看過,77747,77745,-2,2-22,切球,殺球,殺球,錯在 BST
PC_vs_PVS_2020,沒看過,77768,77767,-1,2-22,小球,勾球,勾球,錯在 BST
PC_vs_PVS_2020,沒看過,77957,77956,-1,2-22,切球,殺球,殺球,錯在 BST
PC_vs_PVS_2020,沒看過,78714,78713,-1,2-23,平快球,高遠球,高遠球,錯在 BST
PC_vs_PVS_2020,沒看過,78827,78825,-2,2-23,平快球,殺球,平快球,錯在上游
PC_vs_PVS_2020,沒看過,79517,79515,-2,2-24,平快球,高遠球,高遠球,錯在 BST
PC_vs_PVS_2020,沒看過,79555,79552,-3,2-24,平快球,殺球,平快球,錯在上游
PC_vs_PVS_2020,沒看過,80306,80305,-1,2-25,勾球,小球,小球,錯在 BST
PC_vs_PVS_2020,沒看過,82902,82906,4,2-28,殺球,切球,切球,錯在 BST
PC_vs_PVS_2020,沒看過,84145,84143,-2,2-29,小球,勾球,勾球,錯在 BST
PC_vs_PVS_2020,沒看過,85366,85367,1,2-30,勾球,小球,小球,錯在 BST
PC_vs_PVS_2020,沒看過,85478,85477,-1,2-30,小球,勾球,勾球,錯在 BST
PC_vs_PVS_2020,沒看過,85507,85505,-2,2-30,平快球,高遠球,高遠球,錯在 BST
PC_vs_PVS_2020,沒看過,85565,85564,-1,2-30,小球,切球,切球,錯在 BST
PC_vs_PVS_2020,沒看過,87617,87616,-1,2-33,平快球,切球,平快球,錯在上游
PC_vs_PVS_2020,沒看過,88492,88491,-1,2-34,平快球,高遠球,高遠球,錯在 BST
PC_vs_PVS_2020,沒看過,88516,88521,5,2-34,小球,切球,切球,錯在 BST
PC_vs_PVS_2020,沒看過,90919,90917,-2,2-36,平快球,殺球,平快球,錯在上游
PC_vs_PVS_2020,沒看過,90935,90933,-2,2-36,小球,勾球,勾球,錯在 BST
RI_vs_PVS_2021,看過,13367,13365,-2,1-2,切球,殺球,殺球,錯在 BST
RI_vs_PVS_2021,看過,13441,13440,-1,1-2,高遠球,平快球,平快球,錯在 BST
RI_vs_PVS_2021,看過,14262,14261,-1,1-3,勾球,小球,小球,錯在 BST
RI_vs_PVS_2021,看過,16039,16038,-1,1-5,高遠球,平快球,平快球,錯在 BST
RI_vs_PVS_2021,看過,17833,17833,0,1-7,殺球,切球,殺球,錯在上游
RI_vs_PVS_2021,看過,17879,17877,-2,1-7,撲球,平快球,撲球,錯在上游
RI_vs_PVS_2021,看過,19289,19287,-2,1-8,高遠球,平快球,平快球,錯在 BST
RI_vs_PVS_2021,看過,20505,20504,-1,1-9,平快球,殺球,殺球,錯在 BST
RI_vs_PVS_2021,看過,21595,21595,0,1-10,小球,勾球,勾球,錯在 BST
RI_vs_PVS_2021,看過,23856,23855,-1,1-12,高遠球,平快球,平快球,錯在 BST
RI_vs_PVS_2021,看過,23966,23965,-1,1-12,平快球,殺球,殺球,錯在 BST
RI_vs_PVS_2021,看過,25805,25804,-1,1-14,小球,平快球,平快球,錯在 BST
RI_vs_PVS_2021,看過,25865,25864,-1,1-14,平快球,殺球,殺球,錯在 BST
RI_vs_PVS_2021,看過,25876,25875,-1,1-14,小球,勾球,勾球,錯在 BST
RI_vs_PVS_2021,看過,25959,25957,-2,1-14,平快球,高遠球,高遠球,錯在 BST
RI_vs_PVS_2021,看過,28390,28388,-2,1-16,殺球,切球,切球,錯在 BST
RI_vs_PVS_2021,看過,30203,30201,-2,1-18,平快球,高遠球,高遠球,錯在 BST
RI_vs_PVS_2021,看過,32729,32727,-2,1-19,平快球,高遠球,高遠球,錯在 BST
RI_vs_PVS_2021,看過,36200,36200,0,1-23,小球,高遠球,小球,錯在上游
RI_vs_PVS_2021,看過,36269,36269,0,1-23,殺球,高遠球,殺球,錯在上游
RI_vs_PVS_2021,看過,37533,37531,-2,1-24,高遠球,小球,小球,錯在 BST
RI_vs_PVS_2021,看過,39255,39253,-2,1-26,小球,切球,小球,錯在上游
RI_vs_PVS_2021,看過,42444,42443,-1,1-28,切球,小球,小球,錯在 BST
RI_vs_PVS_2021,看過,42524,42523,-1,1-28,小球,勾球,勾球,錯在 BST
RI_vs_PVS_2021,看過,43247,43247,0,1-29,平快球,小球,平快球,錯在上游
RI_vs_PVS_2021,看過,44118,44117,-1,1-30,小球,勾球,小球,錯在上游
RI_vs_PVS_2021,看過,45096,45094,-2,1-31,小球,高遠球,高遠球,錯在 BST
RI_vs_PVS_2021,看過,45766,45764,-2,1-32,勾球,小球,勾球,錯在上游
RI_vs_PVS_2021,看過,45855,45855,0,1-32,小球,切球,切球,錯在 BST
RI_vs_PVS_2021,看過,46020,46020,0,1-32,平快球,高遠球,高遠球,錯在 BST
RI_vs_PVS_2021,看過,46039,46038,-1,1-32,小球,切球,切球,錯在 BST
RI_vs_PVS_2021,看過,46929,46928,-1,1-33,高遠球,平快球,平快球,錯在 BST
RI_vs_PVS_2021,看過,47634,47632,-2,1-34,平快球,高遠球,高遠球,錯在 BST
RI_vs_PVS_2021,看過,52955,52953,-2,2-2,高遠球,平快球,高遠球,錯在上游
RI_vs_PVS_2021,看過,53146,53144,-2,2-2,平快球,小球,小球,錯在 BST
RI_vs_PVS_2021,看過,54313,54311,-2,2-4,撲球,平快球,平快球,錯在 BST
RI_vs_PVS_2021,看過,55212,55211,-1,2-5,高遠球,平快球,平快球,錯在 BST
RI_vs_PVS_2021,看過,55462,55461,-1,2-5,殺球,切球,殺球,錯在上游
RI_vs_PVS_2021,看過,56329,56329,0,2-6,小球,勾球,勾球,錯在 BST
RI_vs_PVS_2021,看過,56505,56504,-1,2-6,勾球,平快球,平快球,錯在 BST
RI_vs_PVS_2021,看過,57262,57260,-2,2-7,高遠球,平快球,平快球,錯在 BST
RI_vs_PVS_2021,看過,57561,57559,-2,2-7,殺球,切球,切球,錯在 BST
RI_vs_PVS_2021,看過,59759,59757,-2,2-10,切球,殺球,殺球,錯在 BST
RI_vs_PVS_2021,看過,60015,60015,0,2-10,小球,勾球,勾球,錯在 BST
RI_vs_PVS_2021,看過,61686,61685,-1,2-12,高遠球,平快球,平快球,錯在 BST
RI_vs_PVS_2021,看過,62695,62695,0,2-13,高遠球,平快球,平快球,錯在 BST
RI_vs_PVS_2021,看過,62738,62737,-1,2-13,平快球,高遠球,高遠球,錯在 BST
RI_vs_PVS_2021,看過,67794,67792,-2,2-16,高遠球,小球,小球,錯在 BST
RI_vs_PVS_2021,看過,68233,68232,-1,2-17,小球,勾球,勾球,錯在 BST
RI_vs_PVS_2021,看過,69639,69638,-1,2-18,高遠球,平快球,平快球,錯在 BST
RI_vs_PVS_2021,看過,69707,69705,-2,2-18,勾球,小球,小球,錯在 BST
RI_vs_PVS_2021,看過,71089,71090,1,2-19,殺球,切球,切球,錯在 BST
RI_vs_PVS_2021,看過,71793,71792,-1,2-20,平快球,高遠球,平快球,錯在上游
RI_vs_PVS_2021,看過,76734,76732,-2,2-26,高遠球,平快球,平快球,錯在 BST
RI_vs_PVS_2021,看過,78027,78025,-2,2-28,平快球,小球,小球,錯在 BST
RI_vs_PVS_2021,看過,78048,78046,-2,2-28,平快球,撲球,撲球,錯在 BST
test2,看過,18372,18371,-1,1-2,平快球,切球,平快球,錯在上游
test2,看過,18421,18417,-4,1-2,高遠球,平快球,平快球,錯在 BST
test2,看過,19939,19936,-3,1-4,高遠球,平快球,平快球,錯在 BST
test2,看過,20202,20200,-2,1-4,平快球,高遠球,平快球,錯在上游
test2,看過,21470,21468,-2,1-5,高遠球,平快球,平快球,錯在 BST
test2,看過,21669,21667,-2,1-5,殺球,切球,切球,錯在 BST
test2,看過,21780,21779,-1,1-5,高遠球,平快球,平快球,錯在 BST
test2,看過,21841,21840,-1,1-5,殺球,切球,切球,錯在 BST
test2,看過,23077,23076,-1,1-7,高遠球,平快球,平快球,錯在 BST
test2,看過,23155,23154,-1,1-7,小球,切球,小球,錯在上游
test2,看過,23587,23585,-2,1-8,高遠球,平快球,平快球,錯在 BST
test2,看過,24140,24138,-2,1-9,高遠球,平快球,平快球,錯在 BST
test2,看過,24863,24861,-2,1-10,高遠球,平快球,平快球,錯在 BST
test2,看過,24988,24987,-1,1-10,殺球,切球,切球,錯在 BST
test2,看過,26179,26178,-1,1-11,高遠球,平快球,平快球,錯在 BST
test2,看過,26749,26747,-2,1-12,高遠球,平快球,平快球,錯在 BST
test2,看過,28094,28093,-1,1-14,高遠球,平快球,平快球,錯在 BST
test2,看過,28702,28701,-1,1-15,勾球,小球,小球,錯在 BST
test2,看過,29021,29026,5,1-15,殺球,勾球,殺球,錯在上游
test2,看過,29191,29189,-2,1-15,高遠球,平快球,平快球,錯在 BST
test2,看過,29417,29415,-2,1-15,高遠球,平快球,平快球,錯在 BST
test2,看過,29442,29440,-2,1-15,殺球,小球,殺球,錯在上游
test2,看過,29505,29504,-1,1-15,殺球,切球,切球,錯在 BST
test2,看過,29563,29561,-2,1-15,平快球,高遠球,高遠球,錯在 BST
test2,看過,30571,30569,-2,1-16,高遠球,平快球,平快球,錯在 BST
test2,看過,32486,32485,-1,1-18,高遠球,平快球,平快球,錯在 BST
test2,看過,32572,32573,1,1-18,高遠球,平快球,平快球,錯在 BST
test2,看過,32895,32894,-1,1-18,高遠球,平快球,平快球,錯在 BST
test2,看過,32941,32939,-2,1-18,高遠球,平快球,平快球,錯在 BST
test2,看過,34031,34028,-3,1-19,平快球,高遠球,高遠球,錯在 BST
test2,看過,34057,34059,2,1-19,殺球,切球,切球,錯在 BST
test2,看過,35101,35100,-1,1-20,高遠球,平快球,平快球,錯在 BST
test2,看過,37107,37104,-3,1-21,高遠球,平快球,平快球,錯在 BST
test2,看過,37749,37750,1,1-22,切球,小球,小球,錯在 BST
test2,看過,38119,38118,-1,1-22,殺球,勾球,殺球,錯在上游
test2,看過,38156,38154,-2,1-22,平快球,高遠球,平快球,錯在上游
test2,看過,38201,38200,-1,1-22,勾球,小球,勾球,錯在上游
test2,看過,39779,39779,0,1-23,勾球,小球,小球,錯在 BST
test2,看過,39863,39861,-2,1-23,勾球,切球,勾球,錯在上游
test2,看過,41342,41339,-3,1-25,平快球,殺球,平快球,錯在上游
test2,看過,41549,41548,-1,1-25,殺球,切球,切球,錯在 BST
test2,看過,41728,41727,-1,1-25,平快球,高遠球,高遠球,錯在 BST
test2,看過,42379,42378,-1,1-26,勾球,小球,小球,錯在 BST
test2,看過,42512,42511,-1,1-26,高遠球,平快球,平快球,錯在 BST
test2,看過,43338,43336,-2,1-27,高遠球,平快球,高遠球,錯在上游
test2,看過,44884,44884,0,1-29,平快球,撲球,平快球,錯在上游
test2,看過,45600,45599,-1,1-30,小球,平快球,平快球,錯在 BST
test2,看過,47632,47631,-1,1-32,平快球,高遠球,高遠球,錯在 BST
test2,看過,47656,47655,-1,1-32,殺球,切球,切球,錯在 BST
test2,看過,47695,47693,-2,1-32,高遠球,平快球,平快球,錯在 BST
test2,看過,48476,48474,-2,1-33,勾球,小球,小球,錯在 BST
test2,看過,50809,50806,-3,1-34,小球,平快球,小球,錯在上游
test2,看過,51938,51937,-1,1-35,勾球,小球,小球,錯在 BST
test2,看過,53516,53514,-2,1-36,殺球,高遠球,殺球,錯在上游
test2,看過,53531,53529,-2,1-36,小球,勾球,勾球,錯在 BST
test2,看過,53672,53671,-1,1-36,勾球,平快球,平快球,錯在 BST
test2,看過,55441,55440,-1,1-38,平快球,殺球,平快球,錯在上游
test2,看過,56679,56676,-3,1-39,平快球,高遠球,高遠球,錯在 BST
test2,看過,57030,57027,-3,1-39,勾球,小球,小球,錯在 BST
test2,看過,65115,65110,-5,2-1,小球,高遠球,小球,錯在上游
test2,看過,66696,66694,-2,2-3,勾球,切球,小球,錯在 BST
test2,看過,66984,66983,-1,2-3,高遠球,平快球,平快球,錯在 BST
test2,看過,67057,67055,-2,2-3,殺球,高遠球,平快球,錯在 BST
test2,看過,67729,67727,-2,2-4,高遠球,平快球,平快球,錯在 BST
test2,看過,68819,68818,-1,2-5,高遠球,平快球,平快球,錯在 BST
test2,看過,72936,72935,-1,2-10,平快球,高遠球,高遠球,錯在 BST
test2,看過,73011,73010,-1,2-10,高遠球,平快球,平快球,錯在 BST
test2,看過,73063,73062,-1,2-10,平快球,殺球,殺球,錯在 BST
test2,看過,73131,73130,-1,2-10,高遠球,平快球,平快球,錯在 BST
test2,看過,73454,73452,-2,2-10,高遠球,平快球,高遠球,錯在上游
test2,看過,75522,75521,-1,2-13,高遠球,平快球,平快球,錯在 BST
test2,看過,75906,75904,-2,2-14,小球,平快球,小球,錯在上游
test2,看過,76753,76751,-2,2-15,高遠球,平快球,平快球,錯在 BST
test2,看過,76775,76773,-2,2-15,殺球,切球,切球,錯在 BST
test2,看過,79708,79706,-2,2-18,平快球,高遠球,高遠球,錯在 BST
test2,看過,80933,80932,-1,2-20,高遠球,平快球,平快球,錯在 BST
test2,看過,81647,81646,-1,2-21,小球,殺球,小球,錯在上游
test2,看過,81799,81797,-2,2-21,平快球,高遠球,高遠球,錯在 BST
test2,看過,82024,82023,-1,2-21,高遠球,平快球,平快球,錯在 BST
test2,看過,86168,86166,-2,2-26,高遠球,平快球,平快球,錯在 BST
test2,看過,87391,87389,-2,2-28,切球,殺球,切球,錯在上游
test2,看過,87850,87849,-1,2-29,切球,殺球,殺球,錯在 BST
test2,看過,87977,87975,-2,2-29,高遠球,平快球,平快球,錯在 BST
test2,看過,89156,89154,-2,2-31,切球,殺球,切球,錯在上游
test2,看過,89200,89198,-2,2-31,平快球,高遠球,高遠球,錯在 BST
test2,看過,89250,89248,-2,2-31,平快球,高遠球,高遠球,錯在 BST
test2,看過,89747,89746,-1,2-32,平快球,高遠球,高遠球,錯在 BST
test2,看過,89856,89855,-1,2-32,勾球,切球,勾球,錯在上游
test2,看過,89976,89974,-2,2-32,平快球,高遠球,高遠球,錯在 BST
test2,看過,91489,91488,-1,2-35,勾球,小球,勾球,錯在上游
test2,看過,91643,91643,0,2-35,小球,切球,切球,錯在 BST
test2,看過,91734,91733,-1,2-35,小球,殺球,小球,錯在上游
test2,看過,91816,91815,-1,2-35,撲球,高遠球,撲球,錯在上游
test2,看過,96822,96817,-5,3-1,高遠球,平快球,平快球,錯在 BST
test2,看過,96885,96883,-2,3-1,高遠球,平快球,平快球,錯在 BST
test2,看過,96951,96949,-2,3-1,高遠球,平快球,平快球,錯在 BST
test2,看過,97414,97412,-2,3-1,高遠球,平快球,高遠球,錯在上游
test2,看過,98258,98257,-1,3-2,平快球,高遠球,平快球,錯在上游
test2,看過,98285,98284,-1,3-2,切球,高遠球,殺球,錯在 BST
test2,看過,98299,98297,-2,3-2,勾球,小球,小球,錯在 BST
test2,看過,99113,99112,-1,3-3,切球,殺球,殺球,錯在 BST
test2,看過,99320,99317,-3,3-3,切球,殺球,殺球,錯在 BST
test2,看過,102057,102055,-2,3-7,平快球,高遠球,小球,錯在 BST
test2,看過,102731,102730,-1,3-8,平快球,小球,平快球,錯在上游
test2,看過,104734,104730,-4,3-11,平快球,高遠球,高遠球,錯在 BST
test2,看過,104808,104806,-2,3-11,勾球,殺球,勾球,錯在上游
test2,看過,106656,106655,-1,3-13,平快球,小球,小球,錯在 BST
test2,看過,106764,106762,-2,3-13,平快球,高遠球,高遠球,錯在 BST
test2,看過,106990,106989,-1,3-13,平快球,殺球,殺球,錯在 BST
test2,看過,107005,107003,-2,3-13,切球,小球,小球,錯在 BST
test2,看過,107030,107028,-2,3-13,高遠球,平快球,高遠球,錯在上游
test2,看過,109187,109183,-4,3-14,平快球,高遠球,平快球,錯在上游
test2,看過,112197,112194,-3,3-18,平快球,高遠球,高遠球,錯在 BST
test2,看過,112229,112228,-1,3-18,殺球,平快球,平快球,錯在 BST
test2,看過,112423,112422,-1,3-18,平快球,高遠球,高遠球,錯在 BST
test2,看過,112499,112497,-2,3-18,小球,殺球,小球,錯在上游
test2,看過,112566,112564,-2,3-18,平快球,高遠球,高遠球,錯在 BST
test2,看過,114074,114072,-2,3-20,平快球,高遠球,高遠球,錯在 BST
test2,看過,114123,114121,-2,3-20,勾球,切球,勾球,錯在上游
test2,看過,114172,114169,-3,3-20,平快球,高遠球,高遠球,錯在 BST
test2,看過,114215,114214,-1,3-20,勾球,小球,小球,錯在 BST
test2,看過,114771,114770,-1,3-21,平快球,高遠球,平快球,錯在上游
test2,看過,117915,117914,-1,3-22,高遠球,平快球,平快球,錯在 BST
test2,看過,119309,119307,-2,3-23,切球,殺球,殺球,錯在 BST
test2,看過,119495,119492,-3,3-23,平快球,高遠球,高遠球,錯在 BST
test2,看過,119714,119711,-3,3-23,殺球,切球,切球,錯在 BST
test2,看過,119954,119952,-2,3-23,殺球,切球,切球,錯在 BST
test2,看過,119972,119971,-1,3-23,切球,小球,小球,錯在 BST
test2,看過,122334,122333,-1,3-25,高遠球,平快球,平快球,錯在 BST
test2,看過,122378,122377,-1,3-25,勾球,切球,勾球,錯在上游
test2,看過,125400,125398,-2,3-29,平快球,高遠球,高遠球,錯在 BST
test2,看過,127258,127257,-1,3-31,小球,勾球,勾球,錯在 BST
test2,看過,128930,128935,5,3-33,高遠球,切球,高遠球,錯在上游
test2,看過,128989,128988,-1,3-33,平快球,撲球,撲球,錯在 BST
test2,看過,129712,129710,-2,3-34,高遠球,平快球,高遠球,錯在上游
test2,看過,131513,131511,-2,3-36,平快球,高遠球,高遠球,錯在 BST
test2,看過,131540,131542,2,3-36,殺球,小球,殺球,錯在上游
test3,看過,17500,17500,0,1-2,高遠球,平快球,平快球,錯在 BST
test3,看過,17654,17652,-2,1-2,高遠球,平快球,高遠球,錯在上游
test3,看過,18197,18195,-2,1-3,高遠球,平快球,平快球,錯在 BST
test3,看過,18342,18341,-1,1-3,高遠球,平快球,平快球,錯在 BST
test3,看過,19551,19550,-1,1-5,高遠球,未知球種,高遠球,判成未知
test3,看過,20440,20439,-1,1-6,高遠球,平快球,平快球,錯在 BST
test3,看過,22300,22300,0,1-8,高遠球,平快球,平快球,錯在 BST
test3,看過,22327,22325,-2,1-8,平快球,殺球,殺球,錯在 BST
test3,看過,22593,22591,-2,1-8,勾球,平快球,平快球,錯在 BST
test3,看過,23259,23257,-2,1-9,高遠球,平快球,平快球,錯在 BST
test3,看過,24578,24577,-1,1-10,平快球,殺球,殺球,錯在 BST
test3,看過,24610,24608,-2,1-10,高遠球,平快球,高遠球,錯在上游
test3,看過,25788,25786,-2,1-11,發球,小球,發球,錯在上游
test3,看過,26739,26737,-2,1-12,高遠球,平快球,平快球,錯在 BST
test3,看過,26842,26841,-1,1-12,小球,勾球,勾球,錯在 BST
test3,看過,27421,27420,-1,1-13,高遠球,平快球,平快球,錯在 BST
test3,看過,27447,27446,-1,1-13,切球,平快球,平快球,錯在 BST
test3,看過,27510,27508,-2,1-13,平快球,高遠球,平快球,錯在上游
test3,看過,27549,27547,-2,1-13,切球,平快球,小球,錯在 BST
test3,看過,27619,27617,-2,1-13,切球,殺球,切球,錯在上游
test3,看過,27855,27853,-2,1-13,高遠球,平快球,平快球,錯在 BST
test3,看過,30027,30026,-1,1-15,高遠球,小球,小球,錯在 BST
test3,看過,31746,31745,-1,1-18,小球,平快球,小球,錯在上游
test3,看過,31791,31789,-2,1-18,高遠球,平快球,平快球,錯在 BST
test3,看過,32551,32548,-3,1-19,平快球,切球,切球,錯在 BST
test3,看過,32561,32564,3,1-19,平快球,小球,小球,錯在 BST
test3,看過,33709,33707,-2,1-20,高遠球,平快球,平快球,錯在 BST
test3,看過,35700,35696,-4,1-21,勾球,小球,小球,錯在 BST
test3,看過,35811,35809,-2,1-21,高遠球,平快球,平快球,錯在 BST
test3,看過,35868,35866,-2,1-21,高遠球,平快球,平快球,錯在 BST
test3,看過,35950,35949,-1,1-21,高遠球,平快球,平快球,錯在 BST
test3,看過,37289,37291,2,1-22,發球,未知球種,未知球種,判成未知
test3,看過,37799,37795,-4,1-23,勾球,小球,小球,錯在 BST
test3,看過,37892,37890,-2,1-23,勾球,平快球,平快球,錯在 BST
test3,看過,37915,37913,-2,1-23,平快球,小球,小球,錯在 BST
test3,看過,37931,37929,-2,1-23,平快球,撲球,撲球,錯在 BST
test3,看過,37941,37940,-1,1-23,平快球,小球,平快球,錯在上游
test3,看過,38598,38596,-2,1-24,高遠球,平快球,平快球,錯在 BST
test3,看過,39185,39183,-2,1-25,殺球,高遠球,高遠球,錯在 BST
test3,看過,39266,39264,-2,1-25,高遠球,平快球,平快球,錯在 BST
test3,看過,39327,39326,-1,1-25,高遠球,平快球,平快球,錯在 BST
test3,看過,39351,39349,-2,1-25,切球,平快球,切球,錯在上游
test3,看過,39863,39862,-1,1-26,發球,小球,發球,錯在上游
test3,看過,41915,41916,1,1-29,發球,平快球,未知球種,錯在 BST
test3,看過,42017,42014,-3,1-29,小球,殺球,小球,錯在上游
test3,看過,42539,42534,-5,1-30,高遠球,平快球,平快球,錯在 BST
test3,看過,43545,43545,0,1-31,發球,小球,未知球種,錯在 BST
test3,看過,43781,43780,-1,1-31,高遠球,平快球,平快球,錯在 BST
test3,看過,43840,43841,1,1-31,高遠球,平快球,平快球,錯在 BST
test3,看過,44826,44831,5,1-32,發球,平快球,未知球種,錯在 BST
test3,看過,45258,45256,-2,1-33,高遠球,平快球,平快球,錯在 BST
test3,看過,46146,46144,-2,1-34,高遠球,平快球,平快球,錯在 BST
test3,看過,50962,50963,1,2-3,發球,高遠球,未知球種,錯在 BST
test3,看過,51025,51024,-1,2-3,撲球,切球,撲球,錯在上游
test3,看過,51141,51140,-1,2-3,高遠球,平快球,高遠球,錯在上游
test3,看過,51561,51559,-2,2-4,高遠球,平快球,平快球,錯在 BST
test3,看過,51629,51628,-1,2-4,高遠球,平快球,平快球,錯在 BST
test3,看過,53031,53029,-2,2-6,平快球,殺球,殺球,錯在 BST
test3,看過,53044,53045,1,2-6,平快球,小球,小球,錯在 BST
test3,看過,54647,54645,-2,2-9,高遠球,平快球,平快球,錯在 BST
test3,看過,56058,56056,-2,2-10,高遠球,平快球,平快球,錯在 BST
test3,看過,56189,56187,-2,2-10,高遠球,平快球,高遠球,錯在上游
test3,看過,56248,56246,-2,2-10,勾球,切球,勾球,錯在上游
test3,看過,57204,57202,-2,2-11,高遠球,平快球,平快球,錯在 BST
test3,看過,57235,57237,2,2-11,切球,平快球,切球,錯在上游
test3,看過,57255,57254,-1,2-11,高遠球,平快球,平快球,錯在 BST
test3,看過,57374,57373,-1,2-11,勾球,小球,小球,錯在 BST
test3,看過,57429,57429,0,2-11,切球,平快球,切球,錯在上游
test3,看過,57580,57579,-1,2-11,高遠球,平快球,平快球,錯在 BST
test3,看過,58508,58511,3,2-12,發球,未知球種,未知球種,判成未知
test3,看過,58523,58521,-2,2-12,高遠球,平快球,平快球,錯在 BST
test3,看過,59047,59045,-2,2-13,高遠球,平快球,高遠球,錯在上游
test3,看過,59106,59105,-1,2-13,高遠球,平快球,平快球,錯在 BST
test3,看過,59125,59130,5,2-13,殺球,切球,殺球,錯在上游
test3,看過,59612,59612,0,2-14,殺球,切球,切球,錯在 BST
test3,看過,60205,60201,-4,2-15,高遠球,平快球,平快球,錯在 BST
test3,看過,60713,60712,-1,2-16,殺球,切球,殺球,錯在上游
test3,看過,60752,60750,-2,2-16,高遠球,平快球,平快球,錯在 BST
test3,看過,64094,64093,-1,2-18,小球,勾球,小球,錯在上游
test3,看過,64116,64115,-1,2-18,高遠球,平快球,平快球,錯在 BST
test3,看過,64139,64138,-1,2-18,切球,殺球,殺球,錯在 BST
test3,看過,64736,64735,-1,2-19,高遠球,平快球,平快球,錯在 BST
test3,看過,64791,64790,-1,2-19,高遠球,平快球,平快球,錯在 BST
test3,看過,65794,65792,-2,2-21,高遠球,平快球,平快球,錯在 BST
test3,看過,65837,65836,-1,2-21,勾球,小球,小球,錯在 BST
test3,看過,66174,66172,-2,2-22,發球,未知球種,未知球種,判成未知
test3,看過,66391,66389,-2,2-22,高遠球,平快球,平快球,錯在 BST
test3,看過,67031,67030,-1,2-23,高遠球,平快球,平快球,錯在 BST
test3,看過,67351,67348,-3,2-23,切球,殺球,殺球,錯在 BST
test3,看過,67887,67886,-1,2-24,殺球,高遠球,高遠球,錯在 BST
test3,看過,67898,67896,-2,2-24,勾球,小球,小球,錯在 BST
test3,看過,68040,68040,0,2-24,勾球,小球,小球,錯在 BST
test3,看過,68482,68480,-2,2-25,高遠球,平快球,平快球,錯在 BST
test3,看過,68930,68928,-2,2-25,平快球,高遠球,高遠球,錯在 BST
test3,看過,69534,69532,-2,2-26,高遠球,平快球,平快球,錯在 BST
test3,看過,71365,71364,-1,2-30,發球,高遠球,發球,錯在上游
test3,看過,71536,71536,0,2-30,切球,平快球,切球,錯在上游
test3,看過,71688,71687,-1,2-30,勾球,小球,小球,錯在 BST
test3,看過,72195,72195,0,2-31,平快球,高遠球,高遠球,錯在 BST
test3,看過,72623,72622,-1,2-31,平快球,高遠球,高遠球,錯在 BST
test3,看過,73633,73632,-1,2-32,平快球,高遠球,高遠球,錯在 BST
test3,看過,77325,77323,-2,3-1,平快球,高遠球,高遠球,錯在 BST
test3,看過,77512,77516,4,3-1,平快球,小球,小球,錯在 BST
test3,看過,78127,78125,-2,3-2,平快球,高遠球,高遠球,錯在 BST
test3,看過,78171,78170,-1,3-2,小球,殺球,小球,錯在上游
test3,看過,78407,78406,-1,3-2,勾球,小球,小球,錯在 BST
test3,看過,79079,79078,-1,3-3,平快球,殺球,平快球,錯在上游
test3,看過,79100,79098,-2,3-3,小球,切球,小球,錯在上游
test3,看過,79327,79326,-1,3-3,勾球,平快球,平快球,錯在 BST
test3,看過,80303,80302,-1,3-4,平快球,高遠球,高遠球,錯在 BST
test3,看過,81112,81110,-2,3-5,平快球,高遠球,高遠球,錯在 BST
test3,看過,81147,81144,-3,3-5,殺球,平快球,平快球,錯在 BST
test3,看過,81970,81969,-1,3-6,平快球,小球,小球,錯在 BST
test3,看過,81991,81990,-1,3-6,平快球,高遠球,高遠球,錯在 BST
test3,看過,82068,82067,-1,3-6,勾球,平快球,平快球,錯在 BST
test3,看過,82091,82089,-2,3-6,小球,平快球,平快球,錯在 BST
test3,看過,82136,82135,-1,3-6,切球,高遠球,切球,錯在上游
test3,看過,82365,82364,-1,3-6,平快球,高遠球,高遠球,錯在 BST
test3,看過,84524,84522,-2,3-7,平快球,高遠球,高遠球,錯在 BST
test3,看過,84766,84765,-1,3-7,平快球,切球,切球,錯在 BST
test3,看過,85561,85560,-1,3-8,平快球,高遠球,高遠球,錯在 BST
test3,看過,85613,85611,-2,3-8,小球,切球,小球,錯在上游
test3,看過,85681,85680,-1,3-8,平快球,高遠球,高遠球,錯在 BST
test3,看過,85721,85719,-2,3-8,平快球,高遠球,高遠球,錯在 BST
test3,看過,87659,87658,-1,3-10,平快球,小球,小球,錯在 BST
test3,看過,87862,87860,-2,3-10,平快球,切球,切球,錯在 BST
test3,看過,87902,87900,-2,3-10,平快球,高遠球,高遠球,錯在 BST
test3,看過,88195,88194,-1,3-10,小球,勾球,小球,錯在上游
test3,看過,89022,89017,-5,3-11,發球,未知球種,未知球種,判成未知
test3,看過,92386,92385,-1,3-14,平快球,高遠球,高遠球,錯在 BST
test3,看過,93363,93362,-1,3-15,勾球,小球,小球,錯在 BST
test3,看過,93516,93516,0,3-15,勾球,小球,小球,錯在 BST
test3,看過,95001,95001,0,3-17,發球,高遠球,發球,錯在上游
test3,看過,95131,95129,-2,3-17,平快球,殺球,殺球,錯在 BST
test3,看過,96205,96203,-2,3-18,勾球,小球,小球,錯在 BST
test3,看過,96260,96258,-2,3-18,平快球,高遠球,高遠球,錯在 BST
test3,看過,99228,99226,-2,3-20,平快球,切球,切球,錯在 BST
test3,看過,99314,99313,-1,3-20,切球,平快球,平快球,錯在 BST
test3,看過,99324,99323,-1,3-20,平快球,小球,小球,錯在 BST
test3,看過,99396,99394,-2,3-20,高遠球,平快球,高遠球,錯在上游
test3,看過,99452,99453,1,3-20,平快球,高遠球,高遠球,錯在 BST
test3,看過,101854,101852,-2,3-23,平快球,高遠球,平快球,錯在上游
test3,看過,101882,101879,-3,3-23,切球,殺球,殺球,錯在 BST
test3,看過,101896,101894,-2,3-23,平快球,小球,小球,錯在 BST
test3,看過,103469,103467,-2,3-24,平快球,高遠球,高遠球,錯在 BST
test3,看過,103503,103503,0,3-24,平快球,高遠球,高遠球,錯在 BST
test3,看過,103539,103536,-3,3-24,高遠球,平快球,平快球,錯在 BST
test3,看過,104533,104532,-1,3-25,發球,小球,未知球種,錯在 BST
test3,看過,104576,104573,-3,3-25,平快球,高遠球,高遠球,錯在 BST
test3,看過,106576,106575,-1,3-27,切球,小球,小球,錯在 BST
test3,看過,106656,106654,-2,3-27,平快球,高遠球,高遠球,錯在 BST
test3,看過,107020,107018,-2,3-27,勾球,小球,小球,錯在 BST
test3,看過,108136,108135,-1,3-28,平快球,高遠球,高遠球,錯在 BST
test3,看過,108287,108287,0,3-28,切球,未知球種,切球,判成未知
test3,看過,109076,109075,-1,3-29,平快球,高遠球,平快球,錯在上游
test3,看過,112626,112625,-1,3-33,平快球,小球,小球,錯在 BST
test3,看過,113378,113377,-1,3-34,勾球,小球,小球,錯在 BST
test3,看過,113398,113397,-1,3-34,平快球,高遠球,高遠球,錯在 BST
test3,看過,114992,114991,-1,3-36,平快球,高遠球,高遠球,錯在 BST
test3,看過,115231,115230,-1,3-36,撲球,切球,撲球,錯在上游
test3,看過,116003,116002,-1,3-37,平快球,高遠球,平快球,錯在上游
test3,看過,116412,116413,1,3-37,勾球,小球,小球,錯在 BST
test4,看過,13253,13252,-1,1-3,小球,勾球,勾球,錯在 BST
test4,看過,13451,13449,-2,1-3,平快球,高遠球,高遠球,錯在 BST
test4,看過,16009,16008,-1,1-6,小球,勾球,小球,錯在上游
test4,看過,16471,16469,-2,1-6,平快球,高遠球,高遠球,錯在 BST
test4,看過,17679,17678,-1,1-8,殺球,切球,切球,錯在 BST
test4,看過,17766,17764,-2,1-8,撲球,平快球,平快球,錯在 BST
test4,看過,17797,17795,-2,1-8,高遠球,平快球,平快球,錯在 BST
test4,看過,18651,18649,-2,1-9,平快球,高遠球,高遠球,錯在 BST
test4,看過,19157,19155,-2,1-10,平快球,高遠球,高遠球,錯在 BST
test4,看過,19251,19248,-3,1-10,切球,高遠球,切球,錯在上游
test4,看過,20632,20631,-1,1-12,小球,平快球,平快球,錯在 BST
test4,看過,21100,21099,-1,1-13,小球,勾球,勾球,錯在 BST
test4,看過,21241,21239,-2,1-13,高遠球,平快球,平快球,錯在 BST
test4,看過,22117,22115,-2,1-14,高遠球,平快球,平快球,錯在 BST
test4,看過,23037,23036,-1,1-15,小球,切球,小球,錯在上游
test4,看過,23957,23954,-3,1-16,平快球,切球,切球,錯在 BST
test4,看過,28014,28013,-1,1-19,高遠球,平快球,平快球,錯在 BST
test4,看過,28976,28975,-1,1-21,殺球,平快球,平快球,錯在 BST
test4,看過,29381,29380,-1,1-21,平快球,高遠球,平快球,錯在上游
test4,看過,30218,30218,0,1-22,小球,切球,切球,錯在 BST
test4,看過,30428,30427,-1,1-22,平快球,高遠球,高遠球,錯在 BST
test4,看過,32224,32222,-2,1-23,勾球,小球,小球,錯在 BST
test4,看過,32349,32347,-2,1-23,小球,平快球,小球,錯在上游
test4,看過,33861,33856,-5,1-26,發球,未知球種,小球,判成未知
test4,看過,33988,33987,-1,1-26,平快球,殺球,殺球,錯在 BST
test4,看過,34931,34930,-1,1-27,平快球,小球,小球,錯在 BST
test4,看過,35850,35848,-2,1-28,殺球,切球,切球,錯在 BST
test4,看過,36949,36947,-2,1-29,平快球,高遠球,平快球,錯在上游
test4,看過,38386,38386,0,1-30,切球,小球,小球,錯在 BST
test4,看過,38403,38401,-2,1-30,高遠球,平快球,平快球,錯在 BST
test4,看過,38421,38419,-2,1-30,殺球,切球,切球,錯在 BST
test4,看過,38442,38441,-1,1-30,高遠球,平快球,平快球,錯在 BST
test4,看過,38453,38452,-1,1-30,平快球,高遠球,高遠球,錯在 BST
test4,看過,39411,39410,-1,1-31,小球,勾球,小球,錯在上游
test4,看過,40828,40826,-2,1-33,平快球,高遠球,高遠球,錯在 BST
test4,看過,42261,42260,-1,1-34,小球,殺球,小球,錯在上游
test4,看過,43084,43082,-2,1-35,平快球,高遠球,高遠球,錯在 BST
test4,看過,43130,43128,-2,1-35,小球,勾球,勾球,錯在 BST
test4,看過,43221,43220,-1,1-35,平快球,高遠球,高遠球,錯在 BST
test4,看過,43401,43397,-4,1-35,平快球,高遠球,高遠球,錯在 BST
test4,看過,47112,47111,-1,1-38,勾球,小球,小球,錯在 BST
test4,看過,47857,47856,-1,1-39,小球,撲球,小球,錯在上游
test4,看過,53258,53256,-2,2-1,平快球,小球,平快球,錯在上游
test4,看過,53855,53854,-1,2-2,小球,勾球,平快球,錯在 BST
test4,看過,54503,54502,-1,2-3,平快球,高遠球,高遠球,錯在 BST
test4,看過,54878,54876,-2,2-3,撲球,平快球,撲球,錯在上游
test4,看過,55716,55715,-1,2-4,高遠球,平快球,高遠球,錯在上游
test4,看過,56359,56358,-1,2-5,平快球,高遠球,高遠球,錯在 BST
test4,看過,57029,57028,-1,2-6,平快球,高遠球,高遠球,錯在 BST
test4,看過,57141,57139,-2,2-6,平快球,高遠球,高遠球,錯在 BST
test4,看過,57692,57690,-2,2-7,平快球,高遠球,高遠球,錯在 BST
test4,看過,57788,57787,-1,2-7,平快球,高遠球,高遠球,錯在 BST
test4,看過,58622,58620,-2,2-8,平快球,高遠球,高遠球,錯在 BST
test4,看過,58699,58698,-1,2-8,殺球,切球,切球,錯在 BST
test4,看過,58816,58815,-1,2-8,平快球,高遠球,高遠球,錯在 BST
test4,看過,59522,59521,-1,2-9,平快球,高遠球,高遠球,錯在 BST
test4,看過,61660,61658,-2,2-11,平快球,高遠球,高遠球,錯在 BST
test4,看過,62671,62671,0,2-12,切球,殺球,殺球,錯在 BST
test4,看過,62686,62684,-2,2-12,切球,小球,小球,錯在 BST
test4,看過,62705,62704,-1,2-12,切球,勾球,勾球,錯在 BST
test4,看過,63827,63826,-1,2-14,殺球,切球,殺球,錯在上游
test4,看過,63984,63982,-2,2-14,平快球,高遠球,高遠球,錯在 BST
test4,看過,64015,64013,-2,2-14,小球,切球,切球,錯在 BST
test4,看過,64142,64141,-1,2-14,殺球,切球,切球,錯在 BST
test4,看過,64236,64234,-2,2-14,高遠球,平快球,平快球,錯在 BST
test4,看過,64305,64304,-1,2-14,高遠球,殺球,殺球,錯在 BST
test4,看過,66738,66736,-2,2-16,平快球,殺球,殺球,錯在 BST
test4,看過,66764,66763,-1,2-16,小球,平快球,小球,錯在上游
test4,看過,67502,67501,-1,2-17,平快球,高遠球,高遠球,錯在 BST
test4,看過,67781,67780,-1,2-17,殺球,切球,切球,錯在 BST
test4,看過,69331,69330,-1,2-19,平快球,高遠球,高遠球,錯在 BST
test4,看過,70271,70270,-1,2-20,小球,平快球,平快球,錯在 BST
test4,看過,72661,72658,-3,2-21,平快球,切球,切球,錯在 BST
test4,看過,73120,73119,-1,2-22,高遠球,平快球,平快球,錯在 BST
test4,看過,73216,73215,-1,2-22,平快球,高遠球,高遠球,錯在 BST
test4,看過,73584,73582,-2,2-22,小球,切球,勾球,錯在 BST
test4,看過,76206,76205,-1,2-25,平快球,高遠球,平快球,錯在上游
test4,看過,76784,76780,-4,2-26,勾球,小球,小球,錯在 BST
test4,看過,76828,76826,-2,2-26,平快球,高遠球,高遠球,錯在 BST
test4,看過,78587,78585,-2,2-28,高遠球,平快球,平快球,錯在 BST
test4,看過,78704,78702,-2,2-28,平快球,高遠球,平快球,錯在上游
test4,看過,78744,78742,-2,2-28,小球,切球,小球,錯在上游
test4,看過,78768,78766,-2,2-28,平快球,高遠球,高遠球,錯在 BST
test4,看過,79619,79615,-4,2-29,勾球,小球,小球,錯在 BST
test4,看過,81496,81495,-1,2-30,平快球,小球,小球,錯在 BST
test4,看過,81569,81567,-2,2-30,高遠球,平快球,高遠球,錯在上游
test4,看過,81800,81798,-2,2-30,平快球,高遠球,平快球,錯在上游
test4,看過,83311,83310,-1,2-31,平快球,小球,平快球,錯在上游
test4,看過,84798,84797,-1,2-33,高遠球,小球,小球,錯在 BST
test4,看過,85403,85402,-1,2-34,殺球,切球,切球,錯在 BST
test4,看過,85444,85443,-1,2-34,小球,勾球,小球,錯在上游
test4,看過,85508,85507,-1,2-34,高遠球,小球,小球,錯在 BST
test4,看過,86337,86335,-2,2-35,平快球,高遠球,高遠球,錯在 BST
test4,看過,87242,87240,-2,2-36,高遠球,平快球,平快球,錯在 BST
test4,看過,87953,87951,-2,2-37,平快球,高遠球,高遠球,錯在 BST
test4,看過,88074,88072,-2,2-37,平快球,高遠球,高遠球,錯在 BST
test4,看過,88471,88470,-1,2-37,勾球,小球,小球,錯在 BST
test4,看過,90614,90613,-1,2-38,小球,平快球,小球,錯在上游
test5,沒看過,19352,19350,-2,1-1,高遠球,平快球,平快球,錯在 BST
test5,沒看過,20434,20432,-2,1-3,高遠球,平快球,平快球,錯在 BST
test5,沒看過,20511,20509,-2,1-3,高遠球,平快球,高遠球,錯在上游
test5,沒看過,20595,20593,-2,1-3,高遠球,平快球,平快球,錯在 BST
test5,沒看過,20638,20637,-1,1-3,小球,切球,切球,錯在 BST
test5,沒看過,20661,20659,-2,1-3,高遠球,平快球,高遠球,錯在上游
test5,沒看過,20694,20693,-1,1-3,平快球,切球,切球,錯在 BST
test5,沒看過,21377,21376,-1,1-4,高遠球,平快球,平快球,錯在 BST
test5,沒看過,21464,21462,-2,1-4,高遠球,平快球,平快球,錯在 BST
test5,沒看過,21605,21604,-1,1-4,小球,平快球,平快球,錯在 BST
test5,沒看過,23429,23428,-1,1-7,高遠球,平快球,平快球,錯在 BST
test5,沒看過,23453,23452,-1,1-7,小球,平快球,切球,錯在 BST
test5,沒看過,23977,23976,-1,1-8,小球,平快球,平快球,錯在 BST
test5,沒看過,26274,26272,-2,1-11,小球,殺球,小球,錯在上游
test5,沒看過,26531,26530,-1,1-11,小球,切球,勾球,錯在 BST
test5,沒看過,26555,26553,-2,1-11,高遠球,平快球,高遠球,錯在上游
test5,沒看過,27342,27341,-1,1-12,高遠球,平快球,平快球,錯在 BST
test5,沒看過,27518,27517,-1,1-12,小球,殺球,小球,錯在上游
test5,沒看過,30132,30131,-1,1-15,高遠球,平快球,平快球,錯在 BST
test5,沒看過,30150,30150,0,1-15,小球,切球,切球,錯在 BST
test5,沒看過,30194,30193,-1,1-15,小球,殺球,小球,錯在上游
test5,沒看過,31041,31040,-1,1-16,平快球,殺球,殺球,錯在 BST
test5,沒看過,32930,32928,-2,1-18,高遠球,平快球,平快球,錯在 BST
test5,沒看過,33291,33290,-1,1-19,發球,小球,小球,錯在 BST
test5,沒看過,33330,33329,-1,1-19,高遠球,平快球,平快球,錯在 BST
test5,沒看過,37134,37133,-1,1-21,高遠球,平快球,平快球,錯在 BST
test5,沒看過,38364,38362,-2,1-22,高遠球,平快球,平快球,錯在 BST
test5,沒看過,38497,38499,2,1-22,殺球,切球,切球,錯在 BST
test5,沒看過,40284,40282,-2,1-25,小球,勾球,勾球,錯在 BST
test5,沒看過,40333,40332,-1,1-25,高遠球,平快球,平快球,錯在 BST
test5,沒看過,43304,43302,-2,1-28,殺球,切球,切球,錯在 BST
test5,沒看過,43389,43388,-1,1-28,勾球,切球,勾球,錯在上游
test5,沒看過,45357,45362,5,1-30,高遠球,平快球,高遠球,錯在上游
test5,沒看過,46529,46528,-1,1-32,高遠球,平快球,高遠球,錯在上游
test5,沒看過,46629,46626,-3,1-32,切球,殺球,殺球,錯在 BST
test5,沒看過,47212,47210,-2,1-33,撲球,平快球,平快球,錯在 BST
test5,沒看過,47250,47248,-2,1-33,高遠球,平快球,高遠球,錯在上游
test5,沒看過,47412,47411,-1,1-33,小球,殺球,小球,錯在上游
test5,沒看過,49075,49073,-2,1-34,切球,殺球,切球,錯在上游
test5,沒看過,49629,49628,-1,1-35,切球,平快球,切球,錯在上游
test5,沒看過,49775,49773,-2,1-35,高遠球,平快球,平快球,錯在 BST
test5,沒看過,50276,50274,-2,1-36,發球,未知球種,發球,判成未知
test5,沒看過,50459,50459,0,1-36,切球,高遠球,高遠球,錯在 BST
test5,沒看過,50512,50511,-1,1-36,切球,平快球,平快球,錯在 BST
test5,沒看過,50627,50632,5,1-36,高遠球,平快球,平快球,錯在 BST
test5,沒看過,50676,50674,-2,1-36,切球,殺球,殺球,錯在 BST
test5,沒看過,54823,54821,-2,2-3,發球,小球,發球,錯在上游
test5,沒看過,55323,55320,-3,2-4,小球,未知球種,小球,判成未知
test5,沒看過,55800,55799,-1,2-5,高遠球,平快球,平快球,錯在 BST
test5,沒看過,55845,55844,-1,2-5,高遠球,平快球,平快球,錯在 BST
test5,沒看過,55869,55867,-2,2-5,高遠球,切球,切球,錯在 BST
test5,沒看過,56300,56298,-2,2-6,高遠球,平快球,高遠球,錯在上游
test5,沒看過,56444,56442,-2,2-6,高遠球,平快球,平快球,錯在 BST
test5,沒看過,56478,56477,-1,2-6,勾球,平快球,平快球,錯在 BST
test5,沒看過,56517,56516,-1,2-6,切球,小球,小球,錯在 BST
test5,沒看過,57541,57540,-1,2-8,平快球,殺球,殺球,錯在 BST
test5,沒看過,58182,58181,-1,2-9,高遠球,平快球,平快球,錯在 BST
test5,沒看過,58319,58318,-1,2-9,小球,勾球,勾球,錯在 BST
test5,沒看過,60311,60310,-1,2-11,小球,切球,勾球,錯在 BST
test5,沒看過,60403,60402,-1,2-11,切球,高遠球,殺球,錯在 BST
test5,沒看過,61799,61798,-1,2-13,勾球,小球,勾球,錯在上游
test5,沒看過,62854,62853,-1,2-14,平快球,高遠球,平快球,錯在上游
test5,沒看過,64202,64201,-1,2-15,切球,高遠球,切球,錯在上游
test5,沒看過,64863,64861,-2,2-16,平快球,高遠球,高遠球,錯在 BST
test5,沒看過,69313,69311,-2,2-20,發球,平快球,發球,錯在上游
test5,沒看過,69439,69438,-1,2-20,小球,平快球,平快球,錯在 BST
test5,沒看過,71338,71337,-1,2-24,小球,未知球種,小球,判成未知
test5,沒看過,71773,71772,-1,2-25,小球,高遠球,小球,錯在上游
test5,沒看過,71872,71871,-1,2-25,小球,勾球,勾球,錯在 BST
test5,沒看過,72294,72293,-1,2-26,高遠球,平快球,平快球,錯在 BST
test5,沒看過,73444,73443,-1,2-28,高遠球,平快球,平快球,錯在 BST
test5,沒看過,73600,73598,-2,2-28,高遠球,平快球,平快球,錯在 BST
test5,沒看過,73663,73661,-2,2-28,殺球,切球,切球,錯在 BST
test5,沒看過,73810,73809,-1,2-28,小球,高遠球,高遠球,錯在 BST
test5,沒看過,74861,74861,0,2-29,撲球,高遠球,平快球,錯在 BST
test5,沒看過,74928,74927,-1,2-29,切球,高遠球,高遠球,錯在 BST
test5,沒看過,77307,77306,-1,2-32,平快球,切球,高遠球,錯在 BST
test5,沒看過,77877,77875,-2,2-33,平快球,高遠球,高遠球,錯在 BST
test5,沒看過,78318,78317,-1,2-34,平快球,高遠球,高遠球,錯在 BST
test5,沒看過,78402,78401,-1,2-34,小球,勾球,小球,錯在上游
test5,沒看過,79451,79449,-2,2-35,高遠球,平快球,平快球,錯在 BST
test6,看過,14665,14663,-2,1-1,殺球,切球,切球,錯在 BST
test6,看過,14845,14844,-1,1-1,平快球,高遠球,高遠球,錯在 BST
test6,看過,15908,15906,-2,1-3,小球,切球,切球,錯在 BST
test6,看過,15966,15964,-2,1-3,小球,殺球,小球,錯在上游
test6,看過,16024,16022,-2,1-3,小球,勾球,勾球,錯在 BST
test6,看過,16138,16136,-2,1-3,高遠球,平快球,平快球,錯在 BST
test6,看過,16158,16157,-1,1-3,殺球,切球,切球,錯在 BST
test6,看過,16244,16242,-2,1-3,平快球,撲球,撲球,錯在 BST
test6,看過,16268,16267,-1,1-3,平快球,高遠球,高遠球,錯在 BST
test6,看過,16930,16928,-2,1-4,高遠球,平快球,平快球,錯在 BST
test6,看過,17762,17760,-2,1-5,小球,勾球,小球,錯在上游
test6,看過,18533,18530,-3,1-6,平快球,切球,平快球,錯在上游
test6,看過,18550,18549,-1,1-6,小球,切球,切球,錯在 BST
test6,看過,19465,19463,-2,1-7,高遠球,平快球,平快球,錯在 BST
test6,看過,19525,19524,-1,1-7,切球,殺球,殺球,錯在 BST
test6,看過,19639,19637,-2,1-7,高遠球,平快球,平快球,錯在 BST
test6,看過,20344,20344,0,1-8,平快球,撲球,撲球,錯在 BST
test6,看過,20775,20774,-1,1-9,切球,殺球,殺球,錯在 BST
test6,看過,20787,20785,-2,1-9,切球,勾球,勾球,錯在 BST
test6,看過,21303,21301,-2,1-10,高遠球,平快球,平快球,錯在 BST
test6,看過,21377,21374,-3,1-10,平快球,切球,切球,錯在 BST
test6,看過,21943,21941,-2,1-11,小球,殺球,小球,錯在上游
test6,看過,21960,21959,-1,1-11,小球,切球,小球,錯在上游
test6,看過,22330,22328,-2,1-11,勾球,小球,勾球,錯在上游
test6,看過,22412,22411,-1,1-11,高遠球,平快球,平快球,錯在 BST
test6,看過,23149,23147,-2,1-12,發球,殺球,發球,錯在上游
test6,看過,23963,23961,-2,1-13,高遠球,平快球,平快球,錯在 BST
test6,看過,24426,24422,-4,1-13,殺球,切球,切球,錯在 BST
test6,看過,25716,25716,0,1-14,小球,平快球,平快球,錯在 BST
test6,看過,25965,25964,-1,1-14,平快球,高遠球,高遠球,錯在 BST
test6,看過,26669,26667,-2,1-14,高遠球,平快球,平快球,錯在 BST
test6,看過,27765,27763,-2,1-15,平快球,小球,平快球,錯在上游
test6,看過,27779,27783,4,1-15,平快球,撲球,撲球,錯在 BST
test6,看過,28698,28696,-2,1-16,撲球,平快球,平快球,錯在 BST
test6,看過,31596,31595,-1,1-19,小球,殺球,小球,錯在上游
test6,看過,32926,32924,-2,1-20,平快球,高遠球,高遠球,錯在 BST
test6,看過,33619,33617,-2,1-21,高遠球,平快球,平快球,錯在 BST
test6,看過,33871,33869,-2,1-21,高遠球,平快球,平快球,錯在 BST
test6,看過,34199,34198,-1,1-21,切球,平快球,平快球,錯在 BST
test6,看過,34253,34251,-2,1-21,小球,勾球,勾球,錯在 BST
test6,看過,36600,36598,-2,1-22,平快球,高遠球,高遠球,錯在 BST
test6,看過,36685,36683,-2,1-22,切球,小球,小球,錯在 BST
test6,看過,36759,36757,-2,1-22,平快球,高遠球,高遠球,錯在 BST
test6,看過,38389,38386,-3,1-24,平快球,高遠球,平快球,錯在上游
test6,看過,40174,40173,-1,1-26,平快球,小球,小球,錯在 BST
test6,看過,41597,41595,-2,1-28,平快球,高遠球,平快球,錯在上游
test6,看過,47814,47812,-2,1-33,平快球,高遠球,高遠球,錯在 BST
test6,看過,48873,48871,-2,1-34,高遠球,平快球,平快球,錯在 BST
test6,看過,48950,48947,-3,1-34,小球,殺球,小球,錯在上游
test6,看過,48973,48971,-2,1-34,高遠球,平快球,平快球,錯在 BST
test6,看過,49028,49027,-1,1-34,小球,勾球,小球,錯在上游
test6,看過,49208,49207,-1,1-34,平快球,高遠球,高遠球,錯在 BST
test6,看過,49431,49429,-2,1-34,平快球,小球,小球,錯在 BST
test6,看過,49476,49475,-1,1-34,切球,殺球,殺球,錯在 BST
test6,看過,49644,49641,-3,1-34,殺球,切球,切球,錯在 BST
test6,看過,51144,51142,-2,1-35,平快球,高遠球,高遠球,錯在 BST
test6,看過,54635,54633,-2,1-39,平快球,高遠球,高遠球,錯在 BST
test6,看過,55083,55082,-1,1-39,平快球,高遠球,高遠球,錯在 BST
test6,看過,55333,55331,-2,1-39,殺球,切球,殺球,錯在上游
test6,看過,57175,57172,-3,1-40,平快球,高遠球,高遠球,錯在 BST
test6,看過,57400,57398,-2,1-40,平快球,高遠球,平快球,錯在上游
test6,看過,57570,57569,-1,1-40,平快球,高遠球,高遠球,錯在 BST
test6,看過,61758,61757,-1,2-1,高遠球,切球,高遠球,錯在上游
test6,看過,64860,64857,-3,2-5,殺球,高遠球,殺球,錯在上游
test6,看過,69844,69843,-1,2-7,撲球,平快球,撲球,錯在上游
test6,看過,71376,71375,-1,2-9,平快球,高遠球,平快球,錯在上游
test6,看過,72135,72133,-2,2-10,平快球,高遠球,高遠球,錯在 BST
test6,看過,72339,72337,-2,2-10,平快球,小球,平快球,錯在上游
test6,看過,72442,72439,-3,2-10,殺球,切球,切球,錯在 BST
test6,看過,73373,73372,-1,2-11,高遠球,殺球,殺球,錯在 BST
test6,看過,73383,73381,-2,2-11,勾球,平快球,勾球,錯在上游
test6,看過,73920,73919,-1,2-12,殺球,切球,切球,錯在 BST
test6,看過,74556,74555,-1,2-12,平快球,高遠球,高遠球,錯在 BST
test6,看過,74600,74598,-2,2-12,平快球,小球,切球,錯在 BST
test6,看過,75902,75900,-2,2-13,勾球,平快球,小球,錯在 BST
test6,看過,78575,78573,-2,2-15,平快球,高遠球,高遠球,錯在 BST
test6,看過,79754,79751,-3,2-16,高遠球,平快球,高遠球,錯在上游
test6,看過,79794,79793,-1,2-16,切球,殺球,切球,錯在上游
test6,看過,82023,82020,-3,2-17,平快球,殺球,平快球,錯在上游
test6,看過,82822,82821,-1,2-18,平快球,切球,切球,錯在 BST
test6,看過,83465,83463,-2,2-19,殺球,切球,殺球,錯在上游
test6,看過,85255,85254,-1,2-22,平快球,高遠球,高遠球,錯在 BST
test6,看過,86880,86878,-2,2-23,高遠球,平快球,平快球,錯在 BST
test6,看過,86982,86981,-1,2-23,平快球,高遠球,平快球,錯在上游
test6,看過,86998,86997,-1,2-23,小球,切球,切球,錯在 BST
test6,看過,87091,87090,-1,2-23,殺球,切球,切球,錯在 BST
test6,看過,88290,88292,2,2-24,平快球,高遠球,高遠球,錯在 BST
test6,看過,89100,89098,-2,2-25,小球,殺球,小球,錯在上游
test6,看過,89125,89123,-2,2-25,平快球,高遠球,高遠球,錯在 BST
test6,看過,90751,90748,-3,2-27,切球,殺球,切球,錯在上游
test6,看過,91040,91039,-1,2-27,小球,平快球,小球,錯在上游
test6,看過,92406,92406,0,2-29,平快球,小球,小球,錯在 BST
test6,看過,93062,93061,-1,2-30,小球,勾球,小球,錯在上游
test6,看過,93835,93833,-2,2-31,切球,殺球,切球,錯在上游
test7,看過,10547,10548,1,1-1,平快球,高遠球,高遠球,錯在 BST
test7,看過,11142,11142,0,1-2,平快球,高遠球,高遠球,錯在 BST
test7,看過,11214,11215,1,1-2,殺球,切球,切球,錯在 BST
test7,看過,12764,12764,0,1-5,平快球,高遠球,高遠球,錯在 BST
test7,看過,13520,13519,-1,1-6,平快球,高遠球,高遠球,錯在 BST
test7,看過,14107,14108,1,1-7,切球,平快球,平快球,錯在 BST
test7,看過,14489,14486,-3,1-7,高遠球,平快球,平快球,錯在 BST
test7,看過,14579,14580,1,1-7,殺球,切球,切球,錯在 BST
test7,看過,14649,14649,0,1-7,平快球,高遠球,高遠球,錯在 BST
test7,看過,18165,18165,0,1-11,勾球,小球,勾球,錯在上游
test7,看過,18235,18233,-2,1-11,切球,小球,小球,錯在 BST
test7,看過,18435,18434,-1,1-11,高遠球,平快球,平快球,錯在 BST
test7,看過,19609,19610,1,1-12,高遠球,平快球,平快球,錯在 BST
test7,看過,19721,19721,0,1-12,高遠球,平快球,平快球,錯在 BST
test7,看過,21266,21265,-1,1-14,殺球,切球,切球,錯在 BST
test7,看過,22587,22587,0,1-16,勾球,小球,小球,錯在 BST
test7,看過,23634,23636,2,1-17,平快球,高遠球,高遠球,錯在 BST
test7,看過,23788,23787,-1,1-17,高遠球,平快球,平快球,錯在 BST
test7,看過,24642,24642,0,1-18,切球,小球,小球,錯在 BST
test7,看過,24690,24687,-3,1-18,高遠球,平快球,平快球,錯在 BST
test7,看過,24921,24924,3,1-18,平快球,高遠球,高遠球,錯在 BST
test7,看過,25085,25089,4,1-18,平快球,高遠球,高遠球,錯在 BST
test7,看過,25191,25192,1,1-18,高遠球,平快球,平快球,錯在 BST
test7,看過,29677,29677,0,1-20,殺球,切球,切球,錯在 BST
test7,看過,29834,29835,1,1-20,平快球,小球,小球,錯在 BST
test7,看過,31137,31136,-1,1-22,切球,小球,小球,錯在 BST
test7,看過,31156,31156,0,1-22,勾球,小球,小球,錯在 BST
test7,看過,32059,32060,1,1-23,平快球,高遠球,高遠球,錯在 BST
test7,看過,32114,32113,-1,1-23,平快球,高遠球,高遠球,錯在 BST
test7,看過,32152,32153,1,1-23,切球,小球,小球,錯在 BST
test7,看過,32213,32213,0,1-23,勾球,小球,勾球,錯在上游
test7,看過,33673,33673,0,1-25,平快球,撲球,撲球,錯在 BST
test7,看過,36930,36933,3,1-28,平快球,高遠球,高遠球,錯在 BST
test7,看過,38124,38124,0,1-29,高遠球,平快球,高遠球,錯在上游
test7,看過,38987,38987,0,1-30,撲球,平快球,平快球,錯在 BST
test7,看過,39776,39778,2,1-31,高遠球,平快球,平快球,錯在 BST
test7,看過,41251,41250,-1,1-33,平快球,高遠球,高遠球,錯在 BST
test7,看過,41322,41325,3,1-33,小球,高遠球,小球,錯在上游
test7,看過,44600,44599,-1,1-35,高遠球,平快球,平快球,錯在 BST
test7,看過,46542,46540,-2,1-37,平快球,高遠球,高遠球,錯在 BST
test7,看過,46636,46637,1,1-37,高遠球,平快球,平快球,錯在 BST
test7,看過,47736,47735,-1,1-38,平快球,高遠球,平快球,錯在上游
test7,看過,47805,47805,0,1-38,平快球,高遠球,平快球,錯在上游
test7,看過,47876,47875,-1,1-38,高遠球,平快球,高遠球,錯在上游
test7,看過,52023,52024,1,2-1,殺球,平快球,平快球,錯在 BST
test7,看過,53765,53769,4,2-3,平快球,高遠球,高遠球,錯在 BST
test7,看過,55212,55212,0,2-5,平快球,高遠球,高遠球,錯在 BST
test7,看過,55251,55252,1,2-5,平快球,小球,未知球種,錯在 BST
test7,看過,55857,55852,-5,2-6,發球,小球,小球,錯在 BST
test7,看過,56666,56666,0,2-7,平快球,高遠球,高遠球,錯在 BST
test7,看過,58020,58022,2,2-8,平快球,小球,平快球,錯在上游
test7,看過,58165,58166,1,2-8,勾球,小球,高遠球,錯在 BST
test7,看過,58649,58649,0,2-9,平快球,高遠球,高遠球,錯在 BST
test7,看過,58678,58680,2,2-9,殺球,切球,殺球,錯在上游
test7,看過,58801,58802,1,2-9,平快球,切球,平快球,錯在上游
test7,看過,58905,58905,0,2-9,平快球,高遠球,高遠球,錯在 BST
test7,看過,59543,59544,1,2-10,平快球,高遠球,高遠球,錯在 BST
test7,看過,61868,61868,0,2-13,平快球,高遠球,平快球,錯在上游
test7,看過,62484,62485,1,2-14,勾球,小球,勾球,錯在上游
test7,看過,62606,62608,2,2-14,平快球,小球,小球,錯在 BST
test7,看過,63298,63301,3,2-15,平快球,小球,小球,錯在 BST
test7,看過,64837,64839,2,2-17,平快球,小球,小球,錯在 BST
test7,看過,64855,64857,2,2-17,平快球,小球,小球,錯在 BST
test7,看過,64874,64875,1,2-17,勾球,小球,小球,錯在 BST
test7,看過,65056,65056,0,2-17,殺球,平快球,殺球,錯在上游
test7,看過,65087,65088,1,2-17,平快球,小球,撲球,錯在 BST
test7,看過,69444,69444,0,2-20,勾球,小球,小球,錯在 BST
test7,看過,69490,69491,1,2-20,殺球,切球,切球,錯在 BST
test7,看過,72016,72015,-1,2-21,平快球,高遠球,高遠球,錯在 BST
test7,看過,72147,72148,1,2-21,平快球,小球,小球,錯在 BST
test7,看過,72167,72167,0,2-21,平快球,高遠球,高遠球,錯在 BST
test7,看過,73024,73024,0,2-22,勾球,小球,小球,錯在 BST
test7,看過,74751,74752,1,2-24,平快球,高遠球,高遠球,錯在 BST
test7,看過,75547,75545,-2,2-25,平快球,小球,平快球,錯在上游
test7,看過,75709,75711,2,2-25,切球,小球,小球,錯在 BST
test7,看過,77140,77140,0,2-26,平快球,高遠球,高遠球,錯在 BST
test7,看過,77210,77212,2,2-26,勾球,平快球,勾球,錯在上游
test7,看過,77261,77259,-2,2-26,切球,小球,切球,錯在上游
test7,看過,78638,78639,1,2-27,殺球,小球,殺球,錯在上游
test7,看過,78722,78722,0,2-27,平快球,小球,平快球,錯在上游
test7,看過,78774,78773,-1,2-27,小球,平快球,小球,錯在上游
test7,看過,78793,78793,0,2-27,平快球,高遠球,高遠球,錯在 BST
test7,看過,78939,78938,-1,2-27,平快球,高遠球,高遠球,錯在 BST
test7,看過,80032,80032,0,2-28,勾球,小球,小球,錯在 BST
test7,看過,80054,80056,2,2-28,小球,高遠球,小球,錯在上游
test7,看過,80916,80917,1,2-29,高遠球,平快球,平快球,錯在 BST
test7,看過,80968,80968,0,2-29,平快球,小球,小球,錯在 BST
test7,看過,80989,80990,1,2-29,平快球,小球,小球,錯在 BST
test7,看過,81010,81010,0,2-29,平快球,小球,小球,錯在 BST
test7,看過,81030,81030,0,2-29,平快球,高遠球,高遠球,錯在 BST
test7,看過,81107,81108,1,2-29,小球,高遠球,小球,錯在上游
test7,看過,83774,83775,1,2-31,殺球,切球,殺球,錯在上游
test7,看過,85857,85859,2,2-33,小球,高遠球,小球,錯在上游
test7,看過,85913,85913,0,2-33,切球,小球,切球,錯在上游
test7,看過,86680,86680,0,2-34,平快球,高遠球,高遠球,錯在 BST
test7,看過,86984,86983,-1,2-34,高遠球,平快球,高遠球,錯在上游
test7,看過,89069,89070,1,2-35,發球,小球,發球,錯在上游
test7,看過,89160,89162,2,2-35,勾球,小球,小球,錯在 BST
test7,看過,91239,91239,0,2-37,高遠球,小球,小球,錯在 BST
test7,看過,91962,91967,5,2-38,小球,勾球,小球,錯在上游
test8,沒看過,13978,13976,-2,1-1,平快球,高遠球,高遠球,錯在 BST
test8,沒看過,14358,14357,-1,1-2,勾球,小球,勾球,錯在上游
test8,沒看過,14617,14614,-3,1-2,勾球,平快球,平快球,錯在 BST
test8,沒看過,15904,15902,-2,1-4,勾球,小球,小球,錯在 BST
test8,沒看過,16888,16887,-1,1-6,小球,高遠球,小球,錯在上游
test8,沒看過,18907,18906,-1,1-9,小球,勾球,勾球,錯在 BST
test8,沒看過,21850,21847,-3,1-13,殺球,切球,切球,錯在 BST
test8,沒看過,21860,21859,-1,1-13,小球,勾球,勾球,錯在 BST
test8,沒看過,25454,25453,-1,1-16,小球,勾球,勾球,錯在 BST
test8,沒看過,26676,26675,-1,1-18,高遠球,平快球,平快球,錯在 BST
test8,沒看過,26734,26732,-2,1-18,平快球,高遠球,高遠球,錯在 BST
test8,沒看過,27558,27556,-2,1-19,切球,殺球,殺球,錯在 BST
test8,沒看過,29547,29546,-1,1-21,小球,高遠球,高遠球,錯在 BST
test8,沒看過,30343,30340,-3,1-22,平快球,高遠球,高遠球,錯在 BST
test8,沒看過,31075,31074,-1,1-23,殺球,切球,切球,錯在 BST
test8,沒看過,33357,33355,-2,1-25,平快球,未知球種,高遠球,判成未知
test8,沒看過,33913,33918,5,1-26,小球,平快球,勾球,錯在 BST
test8,沒看過,34649,34647,-2,1-27,發球,未知球種,發球,判成未知
test8,沒看過,34670,34668,-2,1-27,高遠球,平快球,平快球,錯在 BST
test8,沒看過,36980,36978,-2,1-30,發球,高遠球,高遠球,錯在 BST
test8,沒看過,37040,37043,3,1-30,切球,殺球,切球,錯在上游
test8,沒看過,38191,38190,-1,1-32,平快球,小球,小球,錯在 BST
test8,沒看過,38209,38208,-1,1-32,平快球,撲球,撲球,錯在 BST
test8,沒看過,42058,42057,-1,2-2,發球,未知球種,未知球種,判成未知
test8,沒看過,42100,42098,-2,2-2,平快球,高遠球,高遠球,錯在 BST
test8,沒看過,42170,42169,-1,2-2,平快球,小球,高遠球,錯在 BST
test8,沒看過,43738,43735,-3,2-5,發球,未知球種,小球,判成未知
test8,沒看過,44180,44178,-2,2-6,平快球,小球,小球,錯在 BST
test8,沒看過,44853,44852,-1,2-7,小球,勾球,勾球,錯在 BST
test8,沒看過,46838,46837,-1,2-9,小球,高遠球,小球,錯在上游
test8,沒看過,47391,47389,-2,2-10,殺球,切球,切球,錯在 BST
test8,沒看過,47407,47406,-1,2-10,小球,勾球,勾球,錯在 BST
test8,沒看過,47459,47457,-2,2-10,平快球,高遠球,高遠球,錯在 BST
test8,沒看過,48260,48258,-2,2-11,高遠球,平快球,平快球,錯在 BST
test8,沒看過,48974,48972,-2,2-12,高遠球,平快球,高遠球,錯在上游
test8,沒看過,49077,49075,-2,2-12,高遠球,平快球,高遠球,錯在上游
test8,沒看過,49209,49205,-4,2-12,撲球,平快球,平快球,錯在 BST
test8,沒看過,49998,49996,-2,2-13,小球,平快球,平快球,錯在 BST
test8,沒看過,50010,50008,-2,2-13,撲球,殺球,撲球,錯在上游
test8,沒看過,50705,50702,-3,2-14,殺球,切球,殺球,錯在上游
test8,沒看過,55698,55697,-1,2-19,小球,勾球,勾球,錯在 BST
test8,沒看過,56269,56267,-2,2-20,高遠球,平快球,平快球,錯在 BST
test8,沒看過,56795,56794,-1,2-21,勾球,切球,勾球,錯在上游
test8,沒看過,57988,57986,-2,2-23,高遠球,平快球,高遠球,錯在上游
test8,沒看過,59163,59161,-2,2-25,小球,切球,切球,錯在 BST
test8,沒看過,59215,59213,-2,2-25,高遠球,殺球,殺球,錯在 BST
test8,沒看過,60540,60539,-1,2-27,切球,平快球,平快球,錯在 BST
test8,沒看過,62839,62838,-1,2-30,平快球,高遠球,高遠球,錯在 BST
test8,沒看過,63516,63513,-3,2-31,高遠球,平快球,平快球,錯在 BST
test9,看過,10492,10491,-1,1-1,高遠球,平快球,高遠球,錯在上游
test9,看過,11536,11534,-2,1-2,高遠球,平快球,平快球,錯在 BST
test9,看過,13433,13432,-1,1-3,高遠球,平快球,平快球,錯在 BST
test9,看過,14017,14016,-1,1-4,切球,殺球,殺球,錯在 BST
test9,看過,14173,14175,2,1-4,小球,切球,切球,錯在 BST
test9,看過,14217,14215,-2,1-4,勾球,平快球,平快球,錯在 BST
test9,看過,14934,14932,-2,1-5,勾球,小球,小球,錯在 BST
test9,看過,17641,17639,-2,1-9,平快球,高遠球,平快球,錯在上游
test9,看過,19017,19014,-3,1-11,平快球,高遠球,高遠球,錯在 BST
test9,看過,19049,19047,-2,1-11,平快球,殺球,平快球,錯在上游
test9,看過,19225,19223,-2,1-11,小球,勾球,勾球,錯在 BST
test9,看過,19511,19510,-1,1-11,平快球,高遠球,高遠球,錯在 BST
test9,看過,23173,23173,0,1-15,發球,未知球種,發球,判成未知
test9,看過,24138,24137,-1,1-16,撲球,平快球,平快球,錯在 BST
test9,看過,27266,27265,-1,1-19,高遠球,平快球,平快球,錯在 BST
test9,看過,27323,27322,-1,1-19,殺球,切球,切球,錯在 BST
test9,看過,28686,28686,0,1-20,殺球,切球,切球,錯在 BST
test9,看過,29277,29281,4,1-21,撲球,小球,撲球,錯在上游
test9,看過,29723,29720,-3,1-22,發球,高遠球,高遠球,錯在 BST
test9,看過,29898,29898,0,1-22,切球,小球,切球,錯在上游
test9,看過,30793,30789,-4,1-23,小球,平快球,小球,錯在上游
test9,看過,31909,31907,-2,1-24,平快球,殺球,殺球,錯在 BST
test9,看過,32732,32731,-1,1-25,平快球,高遠球,高遠球,錯在 BST
test9,看過,33048,33047,-1,1-25,平快球,高遠球,高遠球,錯在 BST
test9,看過,33685,33685,0,1-26,小球,高遠球,小球,錯在上游
test9,看過,35283,35283,0,1-28,殺球,切球,切球,錯在 BST
test9,看過,46297,46302,5,2-5,殺球,撲球,撲球,錯在 BST
test9,看過,46915,46913,-2,2-6,發球,切球,切球,錯在 BST
test9,看過,46986,46984,-2,2-6,平快球,高遠球,平快球,錯在上游
test9,看過,47029,47028,-1,2-6,小球,勾球,勾球,錯在 BST
test9,看過,47606,47607,1,2-7,平快球,未知球種,平快球,判成未知
test9,看過,49357,49354,-3,2-9,小球,發球,小球,錯在上游
test9,看過,49697,49695,-2,2-9,高遠球,平快球,平快球,錯在 BST
test9,看過,52196,52200,4,2-11,切球,小球,切球,錯在上游
test9,看過,52265,52264,-1,2-11,平快球,高遠球,高遠球,錯在 BST
test9,看過,52347,52345,-2,2-11,平快球,切球,小球,錯在 BST
test9,看過,53147,53146,-1,2-12,勾球,殺球,勾球,錯在上游
test9,看過,53173,53172,-1,2-12,平快球,高遠球,高遠球,錯在 BST
test9,看過,53255,53254,-1,2-12,高遠球,平快球,平快球,錯在 BST
test9,看過,54919,54917,-2,2-14,平快球,小球,小球,錯在 BST
test9,看過,56535,56534,-1,2-15,殺球,平快球,殺球,錯在上游
test9,看過,58333,58332,-1,2-16,小球,平快球,小球,錯在上游
test9,看過,58357,58356,-1,2-16,平快球,小球,平快球,錯在上游
test9,看過,59191,59190,-1,2-17,高遠球,小球,小球,錯在 BST
test9,看過,61529,61528,-1,2-19,平快球,切球,平快球,錯在上游
test9,看過,63231,63229,-2,2-20,殺球,切球,切球,錯在 BST
test9,看過,65758,65757,-1,2-21,小球,勾球,勾球,錯在 BST
test9,看過,66906,66904,-2,2-22,殺球,切球,切球,錯在 BST
test9,看過,67092,67091,-1,2-22,高遠球,平快球,高遠球,錯在上游
test9,看過,67196,67194,-2,2-22,高遠球,平快球,平快球,錯在 BST
test9,看過,67422,67421,-1,2-22,高遠球,平快球,高遠球,錯在上游
test9,看過,69402,69400,-2,2-24,發球,未知球種,發球,判成未知
test9,看過,69469,69473,4,2-24,小球,勾球,小球,錯在上游
test9,看過,72167,72165,-2,2-28,高遠球,平快球,平快球,錯在 BST
test9,看過,73628,73626,-2,2-29,高遠球,殺球,高遠球,錯在上游
test9,看過,75385,75383,-2,2-30,高遠球,平快球,平快球,錯在 BST
