match,split,bst_seen,scorable_answers,scored,correct,accuracy,macro_f1,end_to_end,predicted_unknown,side_scored,side_accuracy,oracle_scored,oracle_accuracy
ASG_vs_AA_2020,dev,看過,807,734,668,91.01,88.66,82.78,3,735,98.64,807,91.95
ASY_vs_PC_2021,dev,看過,710,597,520,87.10,85.62,73.24,1,601,97.84,710,88.45
CTC_vs_CL_2019,dev,看過,848,795,711,89.43,86.82,83.84,2,797,97.62,848,89.86
MK_vs_CT_2019,dev,看過,1632,1447,1287,88.94,84.60,78.86,6,1447,97.79,1632,89.03
PC_vs_PVS_2020,dev,沒看過,599,531,459,86.44,84.77,76.63,1,534,97.94,599,87.81
RI_vs_PVS_2021,dev,看過,535,489,433,88.55,83.95,80.93,0,490,99.39,535,90.09
test2,test,看過,1304,1179,1042,88.38,85.62,79.91,0,1179,98.39,1304,90.41
test3,test,看過,1144,1031,869,84.29,81.28,75.96,6,1032,97.09,1144,85.58
test4,test,看過,873,821,723,88.06,87.99,82.82,1,822,98.66,873,88.66
test5,test,沒看過,667,602,521,86.54,84.85,78.11,3,603,97.35,667,88.46
test6,test,看過,952,881,787,89.33,88.43,82.67,0,884,98.53,952,91.60
test7,test,看過,805,740,640,86.49,86.21,79.50,0,740,97.97,805,88.57
test8,test,沒看過,505,468,419,89.53,81.08,82.97,4,468,98.50,505,89.50
test9,test,看過,686,619,563,90.95,86.48,82.07,3,625,96.80,686,92.42
