match,stage,status,sec,share_of_e2e
test1,match_segmentation,completed,28.552,0.0244
test1,audio_highlight,completed,14.509,0.0124
test1,highlight_ranking,completed,0.011,0.0
test1,score_recognition,completed,520.849,0.4458
test1,court_detection,completed,18.991,0.0163
test1,shuttle_tracking,completed,268.607,0.2299
test1,pose,completed,215.503,0.1844
test1,event_detection,completed,7.014,0.006
test1,stroke_classification,completed,0.675,0.0006
test1,player_identity,completed,86.752,0.0742
test5,match_segmentation,completed,162.768,0.0714
test5,audio_highlight,completed,23.822,0.0105
test5,highlight_ranking,completed,0.011,0.0
test5,score_recognition,completed,670.446,0.2943
test5,court_detection,completed,15.107,0.0066
test5,shuttle_tracking,completed,760.165,0.3336
test5,pose,completed,611.573,0.2684
test5,event_detection,completed,16.58,0.0073
test5,stroke_classification,completed,1.212,0.0005
test5,player_identity,completed,1.573,0.0007
test4,match_segmentation,completed,244.374,0.0959
test4,audio_highlight,completed,27.535,0.0108
test4,highlight_ranking,completed,0.01,0.0
test4,score_recognition,completed,572.708,0.2247
test4,court_detection,completed,18.802,0.0074
test4,shuttle_tracking,completed,920.427,0.3611
test4,pose,completed,736.509,0.289
test4,event_detection,completed,21.982,0.0086
test4,stroke_classification,completed,2.068,0.0008
test4,player_identity,completed,0.044,0.0
test2,match_segmentation,completed,301.283,0.067
test2,audio_highlight,completed,40.29,0.009
test2,highlight_ranking,completed,0.015,0.0
test2,score_recognition,completed,1060.718,0.236
test2,court_detection,completed,19.15,0.0043
test2,shuttle_tracking,completed,1569.678,0.3493
test2,pose,completed,1458.655,0.3246
test2,event_detection,completed,36.676,0.0082
test2,stroke_classification,completed,3.006,0.0007
test2,player_identity,completed,0.03,0.0
TTY_vs_ASY_2023,match_segmentation,completed,378.063,0.0699
TTY_vs_ASY_2023,audio_highlight,completed,38.126,0.0071
TTY_vs_ASY_2023,highlight_ranking,completed,0.022,0.0
TTY_vs_ASY_2023,score_recognition,completed,1577.849,0.2919
TTY_vs_ASY_2023,court_detection,completed,30.522,0.0056
TTY_vs_ASY_2023,shuttle_tracking,completed,1973.596,0.3651
TTY_vs_ASY_2023,pose,completed,1360.552,0.2517
TTY_vs_ASY_2023,event_detection,completed,39.003,0.0072
TTY_vs_ASY_2023,stroke_classification,completed,3.786,0.0007
TTY_vs_ASY_2023,player_identity,completed,0.082,0.0
